branch,stage,id,mode,mae,ssim,lpips
P01,1,eafb7d0113d1039271f2475f622c54effa3acad314497c01b6ec55f1c290d0d8:3283b698d37221ba9bb1e6190ab288a591d65dca1b2990d21299993b8bd54043,fixed,0.01682279445230961,0.9092685580253601,0.029075920581817627
P01,1,eafb7d0113d1039271f2475f622c54effa3acad314497c01b6ec55f1c290d0d8:3283b698d37221ba9bb1e6190ab288a591d65dca1b2990d21299993b8bd54043,1,0.01682279445230961,0.9092685580253601,0.029075920581817627
P01,1,eafb7d0113d1039271f2475f622c54effa3acad314497c01b6ec55f1c290d0d8:3283b698d37221ba9bb1e6190ab288a591d65dca1b2990d21299993b8bd54043,3,0.01682279445230961,0.9092685580253601,0.029075920581817627
P01,1,eafb7d0113d1039271f2475f622c54effa3acad314497c01b6ec55f1c290d0d8:3283b698d37221ba9bb1e6190ab288a591d65dca1b2990d21299993b8bd54043,6,0.01682279445230961,0.9092685580253601,0.029075920581817627
P01,2,eafb7d0113d1039271f2475f622c54effa3acad314497c01b6ec55f1c290d0d8:5edf621a615953f5454253bd0ea31f3c9b0a40ff0e037d0a27286c04e4a44a8e,fixed,0.025318698957562447,0.8610936999320984,0.045663982629776
P01,2,eafb7d0113d1039271f2475f622c54effa3acad314497c01b6ec55f1c290d0d8:5edf621a615953f5454253bd0ea31f3c9b0a40ff0e037d0a27286c04e4a44a8e,1,0.023979511111974716,0.86857670545578,0.04554736241698265
P01,2,eafb7d0113d1039271f2475f622c54effa3acad314497c01b6ec55f1c290d0d8:5edf621a615953f5454253bd0ea31f3c9b0a40ff0e037d0a27286c04e4a44a8e,3,0.023979511111974716,0.86857670545578,0.04554736241698265
P01,2,eafb7d0113d1039271f2475f622c54effa3acad314497c01b6ec55f1c290d0d8:5edf621a615953f5454253bd0ea31f3c9b0a40ff0e037d0a27286c04e4a44a8e,6,0.023979511111974716,0.86857670545578,0.04554736241698265
P01,3,eafb7d0113d1039271f2475f622c54effa3acad314497c01b6ec55f1c290d0d8:f58ce0880a9001f1a2369d497c4e04bf5e9ed5dcb04bf1f91b79f92fd6d81429,fixed,0.03235635906457901,0.8246541023254395,0.06535055488348007
P01,3,eafb7d0113d1039271f2475f622c54effa3acad314497c01b6ec55f1c290d0d8:f58ce0880a9001f1a2369d497c4e04bf5e9ed5dcb04bf1f91b79f92fd6d81429,1,0.029664114117622375,0.847237765789032,0.061555471271276474
P01,3,eafb7d0113d1039271f2475f622c54effa3acad314497c01b6ec55f1c290d0d8:f58ce0880a9001f1a2369d497c4e04bf5e9ed5dcb04bf1f91b79f92fd6d81429,3,0.029664114117622375,0.847237765789032,0.061555471271276474
P01,3,eafb7d0113d1039271f2475f622c54effa3acad314497c01b6ec55f1c290d0d8:f58ce0880a9001f1a2369d497c4e04bf5e9ed5dcb04bf1f91b79f92fd6d81429,6,0.029664114117622375,0.847237765789032,0.061555471271276474
P01,4,eafb7d0113d1039271f2475f622c54effa3acad314497c01b6ec55f1c290d0d8:93069e877fb11f264f2f8af78ab9c008158be25cdafee7422470c38d49eec4a6,fixed,0.04575975611805916,0.7748034000396729,0.09369942545890808
P01,4,eafb7d0113d1039271f2475f622c54effa3acad314497c01b6ec55f1c290d0d8:93069e877fb11f264f2f8af78ab9c008158be25cdafee7422470c38d49eec4a6,1,0.04218009114265442,0.8089295029640198,0.08704492449760437
P01,4,eafb7d0113d1039271f2475f622c54effa3acad314497c01b6ec55f1c290d0d8:93069e877fb11f264f2f8af78ab9c008158be25cdafee7422470c38d49eec4a6,3,0.04218009114265442,0.8089295029640198,0.08704492449760437
P01,4,eafb7d0113d1039271f2475f622c54effa3acad314497c01b6ec55f1c290d0d8:93069e877fb11f264f2f8af78ab9c008158be25cdafee7422470c38d49eec4a6,6,0.04218009114265442,0.8089295029640198,0.08704492449760437
P01,5,eafb7d0113d1039271f2475f622c54effa3acad314497c01b6ec55f1c290d0d8:920021a6c61ee4781e4b3eea0c42cee999eaf258855b6ebe212f6f44d0b2f91e,fixed,0.05325869098305702,0.7275538444519043,0.1472696214914322
P01,5,eafb7d0113d1039271f2475f622c54effa3acad314497c01b6ec55f1c290d0d8:920021a6c61ee4781e4b3eea0c42cee999eaf258855b6ebe212f6f44d0b2f91e,1,0.04936990141868591,0.7596468925476074,0.1388384848833084
P01,5,eafb7d0113d1039271f2475f622c54effa3acad314497c01b6ec55f1c290d0d8:920021a6c61ee4781e4b3eea0c42cee999eaf258855b6ebe212f6f44d0b2f91e,3,0.04936990141868591,0.7596468925476074,0.1388384848833084
P01,5,eafb7d0113d1039271f2475f622c54effa3acad314497c01b6ec55f1c290d0d8:920021a6c61ee4781e4b3eea0c42cee999eaf258855b6ebe212f6f44d0b2f91e,6,0.04936990141868591,0.7596468925476074,0.1388384848833084
P01,6,eafb7d0113d1039271f2475f622c54effa3acad314497c01b6ec55f1c290d0d8:62722e56d65c4519472ba85f6cfbab205edb03e6362e434a6bc5f35b4d11ffe1,fixed,0.05713431537151337,0.7041564583778381,0.15798193216323853
P01,6,eafb7d0113d1039271f2475f622c54effa3acad314497c01b6ec55f1c290d0d8:62722e56d65c4519472ba85f6cfbab205edb03e6362e434a6bc5f35b4d11ffe1,1,0.052986495196819305,0.7396819591522217,0.14989019930362701
P01,6,eafb7d0113d1039271f2475f622c54effa3acad314497c01b6ec55f1c290d0d8:62722e56d65c4519472ba85f6cfbab205edb03e6362e434a6bc5f35b4d11ffe1,3,0.052986495196819305,0.7396819591522217,0.14989019930362701
P01,6,eafb7d0113d1039271f2475f622c54effa3acad314497c01b6ec55f1c290d0d8:62722e56d65c4519472ba85f6cfbab205edb03e6362e434a6bc5f35b4d11ffe1,6,0.052986495196819305,0.7396819591522217,0.14989019930362701
P01,7,eafb7d0113d1039271f2475f622c54effa3acad314497c01b6ec55f1c290d0d8:e8abd8ccfffaead18ab620feeda61f6b002ad1e270ead96393bb47f846a761b2,fixed,0.06003551930189133,0.6880168914794922,0.16779829561710358
P01,7,eafb7d0113d1039271f2475f622c54effa3acad314497c01b6ec55f1c290d0d8:e8abd8ccfffaead18ab620feeda61f6b002ad1e270ead96393bb47f846a761b2,1,0.05739738047122955,0.7098167538642883,0.15942201018333435
P01,7,eafb7d0113d1039271f2475f622c54effa3acad314497c01b6ec55f1c290d0d8:e8abd8ccfffaead18ab620feeda61f6b002ad1e270ead96393bb47f846a761b2,3,0.05739738047122955,0.7098167538642883,0.15942201018333435
P01,7,eafb7d0113d1039271f2475f622c54effa3acad314497c01b6ec55f1c290d0d8:e8abd8ccfffaead18ab620feeda61f6b002ad1e270ead96393bb47f846a761b2,6,0.05739738047122955,0.7098167538642883,0.15942201018333435
P01,8,eafb7d0113d1039271f2475f622c54effa3acad314497c01b6ec55f1c290d0d8:35960e73a70622c0624edddfc39de04be7967e1bd5d9672e4147f6e1e0995b7c,fixed,0.06567317992448807,0.6651027202606201,0.17702649533748627
P01,8,eafb7d0113d1039271f2475f622c54effa3acad314497c01b6ec55f1c290d0d8:35960e73a70622c0624edddfc39de04be7967e1bd5d9672e4147f6e1e0995b7c,1,0.06358537822961807,0.6855347156524658,0.1700306236743927
P01,8,eafb7d0113d1039271f2475f622c54effa3acad314497c01b6ec55f1c290d0d8:35960e73a70622c0624edddfc39de04be7967e1bd5d9672e4147f6e1e0995b7c,3,0.06358537822961807,0.6855347156524658,0.1700306236743927
P01,8,eafb7d0113d1039271f2475f622c54effa3acad314497c01b6ec55f1c290d0d8:35960e73a70622c0624edddfc39de04be7967e1bd5d9672e4147f6e1e0995b7c,6,0.06358537822961807,0.6855347156524658,0.1700306236743927
P01,9,eafb7d0113d1039271f2475f622c54effa3acad314497c01b6ec55f1c290d0d8:c9452208da161ff37ad673d387e91d685c8462fce65c82a548dc1a6cf5a6eb6e,fixed,0.07317664474248886,0.6282134652137756,0.20342886447906494
P01,9,eafb7d0113d1039271f2475f622c54effa3acad314497c01b6ec55f1c290d0d8:c9452208da161ff37ad673d387e91d685c8462fce65c82a548dc1a6cf5a6eb6e,1,0.07095509022474289,0.6513688564300537,0.19450446963310242
P01,9,eafb7d0113d1039271f2475f622c54effa3acad314497c01b6ec55f1c290d0d8:c9452208da161ff37ad673d387e91d685c8462fce65c82a548dc1a6cf5a6eb6e,3,0.07095509022474289,0.6513688564300537,0.19450446963310242
P01,9,eafb7d0113d1039271f2475f622c54effa3acad314497c01b6ec55f1c290d0d8:c9452208da161ff37ad673d387e91d685c8462fce65c82a548dc1a6cf5a6eb6e,6,0.07095509022474289,0.6513688564300537,0.19450446963310242
P01,10,eafb7d0113d1039271f2475f622c54effa3acad314497c01b6ec55f1c290d0d8:7b8d398a7ebb4855be7f8667f496e49f6da50d799b6d50b41b51c9887772a2f7,fixed,0.14570675790309906,0.4989817440509796,0.27048414945602417
P01,10,eafb7d0113d1039271f2475f622c54effa3acad314497c01b6ec55f1c290d0d8:7b8d398a7ebb4855be7f8667f496e49f6da50d799b6d50b41b51c9887772a2f7,1,0.14212055504322052,0.5297394394874573,0.2594680190086365
P01,10,eafb7d0113d1039271f2475f622c54effa3acad314497c01b6ec55f1c290d0d8:7b8d398a7ebb4855be7f8667f496e49f6da50d799b6d50b41b51c9887772a2f7,3,0.1428041160106659,0.5281270146369934,0.2617783844470978
P01,10,eafb7d0113d1039271f2475f622c54effa3acad314497c01b6ec55f1c290d0d8:7b8d398a7ebb4855be7f8667f496e49f6da50d799b6d50b41b51c9887772a2f7,6,0.14613395929336548,0.4931087791919708,0.2680579721927643
P02,1,b131a72a3df0e499fd0740e8252004d56f759bf79f35de60fc4e5027a8aa5da0:6422f8b64f6844af7ea0f0e89708fb3d74ee0a666f76ec2348b819285fa81386,fixed,0.021788310259580612,0.8218111991882324,0.05121392011642456
P02,1,b131a72a3df0e499fd0740e8252004d56f759bf79f35de60fc4e5027a8aa5da0:6422f8b64f6844af7ea0f0e89708fb3d74ee0a666f76ec2348b819285fa81386,1,0.021788310259580612,0.8218111991882324,0.05121392011642456
P02,1,b131a72a3df0e499fd0740e8252004d56f759bf79f35de60fc4e5027a8aa5da0:6422f8b64f6844af7ea0f0e89708fb3d74ee0a666f76ec2348b819285fa81386,3,0.021788310259580612,0.8218111991882324,0.05121392011642456
P02,1,b131a72a3df0e499fd0740e8252004d56f759bf79f35de60fc4e5027a8aa5da0:6422f8b64f6844af7ea0f0e89708fb3d74ee0a666f76ec2348b819285fa81386,6,0.021788310259580612,0.8218111991882324,0.05121392011642456
P02,2,b131a72a3df0e499fd0740e8252004d56f759bf79f35de60fc4e5027a8aa5da0:a5c7b3cb7efb45f4dc0700bb8d69adc8d87c42f27de5157c2bc7ab6ec1eb5ae5,fixed,0.030131500214338303,0.7501263618469238,0.07663755118846893
P02,2,b131a72a3df0e499fd0740e8252004d56f759bf79f35de60fc4e5027a8aa5da0:a5c7b3cb7efb45f4dc0700bb8d69adc8d87c42f27de5157c2bc7ab6ec1eb5ae5,1,0.029172420501708984,0.759837806224823,0.0755927711725235
P02,2,b131a72a3df0e499fd0740e8252004d56f759bf79f35de60fc4e5027a8aa5da0:a5c7b3cb7efb45f4dc0700bb8d69adc8d87c42f27de5157c2bc7ab6ec1eb5ae5,3,0.029172420501708984,0.759837806224823,0.0755927711725235
P02,2,b131a72a3df0e499fd0740e8252004d56f759bf79f35de60fc4e5027a8aa5da0:a5c7b3cb7efb45f4dc0700bb8d69adc8d87c42f27de5157c2bc7ab6ec1eb5ae5,6,0.029172420501708984,0.759837806224823,0.0755927711725235
P02,3,b131a72a3df0e499fd0740e8252004d56f759bf79f35de60fc4e5027a8aa5da0:aeec89e4090fd037e749ed471be7f1378df4d528ceb7026ce935de3ecbaeb135,fixed,0.03669736534357071,0.6926453709602356,0.0967579185962677
P02,3,b131a72a3df0e499fd0740e8252004d56f759bf79f35de60fc4e5027a8aa5da0:aeec89e4090fd037e749ed471be7f1378df4d528ceb7026ce935de3ecbaeb135,1,0.034644950181245804,0.7151186466217041,0.09539806097745895
P02,3,b131a72a3df0e499fd0740e8252004d56f759bf79f35de60fc4e5027a8aa5da0:aeec89e4090fd037e749ed471be7f1378df4d528ceb7026ce935de3ecbaeb135,3,0.034902580082416534,0.7117676734924316,0.0966821014881134
P02,3,b131a72a3df0e499fd0740e8252004d56f759bf79f35de60fc4e5027a8aa5da0:aeec89e4090fd037e749ed471be7f1378df4d528ceb7026ce935de3ecbaeb135,6,0.034902580082416534,0.7117676734924316,0.0966821014881134
P02,4,b131a72a3df0e499fd0740e8252004d56f759bf79f35de60fc4e5027a8aa5da0:0cbd67590dc9d6924e97a9bdeb700db2988b50c0b9ef26d4d2c9f61609779fd2,fixed,0.04702320322394371,0.6243091225624084,0.12890082597732544
P02,4,b131a72a3df0e499fd0740e8252004d56f759bf79f35de60fc4e5027a8aa5da0:0cbd67590dc9d6924e97a9bdeb700db2988b50c0b9ef26d4d2c9f61609779fd2,1,0.04364503175020218,0.663843035697937,0.12440567463636398
P02,4,b131a72a3df0e499fd0740e8252004d56f759bf79f35de60fc4e5027a8aa5da0:0cbd67590dc9d6924e97a9bdeb700db2988b50c0b9ef26d4d2c9f61609779fd2,3,0.04364503175020218,0.663843035697937,0.12440567463636398
P02,4,b131a72a3df0e499fd0740e8252004d56f759bf79f35de60fc4e5027a8aa5da0:0cbd67590dc9d6924e97a9bdeb700db2988b50c0b9ef26d4d2c9f61609779fd2,6,0.04364503175020218,0.663843035697937,0.12440567463636398
P02,5,b131a72a3df0e499fd0740e8252004d56f759bf79f35de60fc4e5027a8aa5da0:de3404e40c52884eca4700f7141ed4dd245b04347493aa7030ef33d844da63f6,fixed,0.07907287031412125,0.4742469787597656,0.18909992277622223
P02,5,b131a72a3df0e499fd0740e8252004d56f759bf79f35de60fc4e5027a8aa5da0:de3404e40c52884eca4700f7141ed4dd245b04347493aa7030ef33d844da63f6,1,0.06668028980493546,0.5924898982048035,0.17104068398475647
P02,5,b131a72a3df0e499fd0740e8252004d56f759bf79f35de60fc4e5027a8aa5da0:de3404e40c52884eca4700f7141ed4dd245b04347493aa7030ef33d844da63f6,3,0.06668028980493546,0.5924898982048035,0.17104068398475647
P02,5,b131a72a3df0e499fd0740e8252004d56f759bf79f35de60fc4e5027a8aa5da0:de3404e40c52884eca4700f7141ed4dd245b04347493aa7030ef33d844da63f6,6,0.06668028980493546,0.5924898982048035,0.17104068398475647
P02,6,b131a72a3df0e499fd0740e8252004d56f759bf79f35de60fc4e5027a8aa5da0:3759fd3429ad1b07fe4effade7e47d5815091fb64b3f65f40321767d4f936596,fixed,0.0823577344417572,0.45751288533210754,0.20260554552078247
P02,6,b131a72a3df0e499fd0740e8252004d56f759bf79f35de60fc4e5027a8aa5da0:3759fd3429ad1b07fe4effade7e47d5815091fb64b3f65f40321767d4f936596,1,0.0708954781293869,0.5689559578895569,0.18510954082012177
P02,6,b131a72a3df0e499fd0740e8252004d56f759bf79f35de60fc4e5027a8aa5da0:3759fd3429ad1b07fe4effade7e47d5815091fb64b3f65f40321767d4f936596,3,0.07125925272703171,0.5664193630218506,0.18683218955993652
P02,6,b131a72a3df0e499fd0740e8252004d56f759bf79f35de60fc4e5027a8aa5da0:3759fd3429ad1b07fe4effade7e47d5815091fb64b3f65f40321767d4f936596,6,0.0719980001449585,0.5596897602081299,0.18665340542793274
P02,7,b131a72a3df0e499fd0740e8252004d56f759bf79f35de60fc4e5027a8aa5da0:0affc060402d8b0072c4f0ae399f9b19d53b46764d81f434739084ab1399d67a,fixed,0.08702487498521805,0.4287870228290558,0.23098960518836975
P02,7,b131a72a3df0e499fd0740e8252004d56f759bf79f35de60fc4e5027a8aa5da0:0affc060402d8b0072c4f0ae399f9b19d53b46764d81f434739084ab1399d67a,1,0.07623013854026794,0.5345602035522461,0.21453231573104858
P02,7,b131a72a3df0e499fd0740e8252004d56f759bf79f35de60fc4e5027a8aa5da0:0affc060402d8b0072c4f0ae399f9b19d53b46764d81f434739084ab1399d67a,3,0.0768977478146553,0.5289155840873718,0.21645808219909668
P02,7,b131a72a3df0e499fd0740e8252004d56f759bf79f35de60fc4e5027a8aa5da0:0affc060402d8b0072c4f0ae399f9b19d53b46764d81f434739084ab1399d67a,6,0.0768977478146553,0.5289155840873718,0.21645808219909668
P02,8,b131a72a3df0e499fd0740e8252004d56f759bf79f35de60fc4e5027a8aa5da0:15a93c0b704376c2a9e617da20ec9ad467618d63332beaaaf34673500c50b815,fixed,0.09236957877874374,0.3990817070007324,0.2334298938512802
P02,8,b131a72a3df0e499fd0740e8252004d56f759bf79f35de60fc4e5027a8aa5da0:15a93c0b704376c2a9e617da20ec9ad467618d63332beaaaf34673500c50b815,1,0.08165322989225388,0.5016750693321228,0.21008522808551788
P02,8,b131a72a3df0e499fd0740e8252004d56f759bf79f35de60fc4e5027a8aa5da0:15a93c0b704376c2a9e617da20ec9ad467618d63332beaaaf34673500c50b815,3,0.08165322989225388,0.5016750693321228,0.21008522808551788
P02,8,b131a72a3df0e499fd0740e8252004d56f759bf79f35de60fc4e5027a8aa5da0:15a93c0b704376c2a9e617da20ec9ad467618d63332beaaaf34673500c50b815,6,0.08165322989225388,0.5016750693321228,0.21008522808551788
P02,9,b131a72a3df0e499fd0740e8252004d56f759bf79f35de60fc4e5027a8aa5da0:f96bdff0df1d5a089625e70d6b99ef20b09138200735d9ebe7f22f4982555ca9,fixed,0.09657423198223114,0.3798588216304779,0.259820818901062
P02,9,b131a72a3df0e499fd0740e8252004d56f759bf79f35de60fc4e5027a8aa5da0:f96bdff0df1d5a089625e70d6b99ef20b09138200735d9ebe7f22f4982555ca9,1,0.0884815901517868,0.45322510600090027,0.24630707502365112
P02,9,b131a72a3df0e499fd0740e8252004d56f759bf79f35de60fc4e5027a8aa5da0:f96bdff0df1d5a089625e70d6b99ef20b09138200735d9ebe7f22f4982555ca9,3,0.0884815901517868,0.45322510600090027,0.24630707502365112
P02,9,b131a72a3df0e499fd0740e8252004d56f759bf79f35de60fc4e5027a8aa5da0:f96bdff0df1d5a089625e70d6b99ef20b09138200735d9ebe7f22f4982555ca9,6,0.0884815901517868,0.45322510600090027,0.24630707502365112
P02,10,b131a72a3df0e499fd0740e8252004d56f759bf79f35de60fc4e5027a8aa5da0:9c4e6a399bed49ba1cef1f3d41386adcc1319a725310fb93a2e389bab006fa43,fixed,0.1283421516418457,0.36652669310569763,0.26662883162498474
P02,10,b131a72a3df0e499fd0740e8252004d56f759bf79f35de60fc4e5027a8aa5da0:9c4e6a399bed49ba1cef1f3d41386adcc1319a725310fb93a2e389bab006fa43,1,0.12412518262863159,0.41425177454948425,0.2588009834289551
P02,10,b131a72a3df0e499fd0740e8252004d56f759bf79f35de60fc4e5027a8aa5da0:9c4e6a399bed49ba1cef1f3d41386adcc1319a725310fb93a2e389bab006fa43,3,0.12416679412126541,0.4068376123905182,0.2607609033584595
P02,10,b131a72a3df0e499fd0740e8252004d56f759bf79f35de60fc4e5027a8aa5da0:9c4e6a399bed49ba1cef1f3d41386adcc1319a725310fb93a2e389bab006fa43,6,0.12463708966970444,0.41658079624176025,0.2594878077507019
P03-r1,1,24a259085f3e7460cdf1989788b3dfbd8168582aeb54cdd53c1de52fd360691d:822586e373c59942cc319b7b5a9eca9b95d0c57ad4a2885d22b178d52f4aae22,fixed,0.016818616539239883,0.8832266926765442,0.0397653803229332
P03-r1,1,24a259085f3e7460cdf1989788b3dfbd8168582aeb54cdd53c1de52fd360691d:822586e373c59942cc319b7b5a9eca9b95d0c57ad4a2885d22b178d52f4aae22,1,0.016818616539239883,0.8832266926765442,0.0397653803229332
P03-r1,1,24a259085f3e7460cdf1989788b3dfbd8168582aeb54cdd53c1de52fd360691d:822586e373c59942cc319b7b5a9eca9b95d0c57ad4a2885d22b178d52f4aae22,3,0.016818616539239883,0.8832266926765442,0.0397653803229332
P03-r1,1,24a259085f3e7460cdf1989788b3dfbd8168582aeb54cdd53c1de52fd360691d:822586e373c59942cc319b7b5a9eca9b95d0c57ad4a2885d22b178d52f4aae22,6,0.016818616539239883,0.8832266926765442,0.0397653803229332
P03-r1,2,24a259085f3e7460cdf1989788b3dfbd8168582aeb54cdd53c1de52fd360691d:9d640354a139713fd4b170a29aa4fb475ab312f84d5dc87d5c8a982603f363f1,fixed,0.023919278755784035,0.8415461182594299,0.06436368077993393
P03-r1,2,24a259085f3e7460cdf1989788b3dfbd8168582aeb54cdd53c1de52fd360691d:9d640354a139713fd4b170a29aa4fb475ab312f84d5dc87d5c8a982603f363f1,1,0.023015739396214485,0.8469493985176086,0.06130266562104225
P03-r1,2,24a259085f3e7460cdf1989788b3dfbd8168582aeb54cdd53c1de52fd360691d:9d640354a139713fd4b170a29aa4fb475ab312f84d5dc87d5c8a982603f363f1,3,0.023015739396214485,0.8469493985176086,0.06130266562104225
P03-r1,2,24a259085f3e7460cdf1989788b3dfbd8168582aeb54cdd53c1de52fd360691d:9d640354a139713fd4b170a29aa4fb475ab312f84d5dc87d5c8a982603f363f1,6,0.023015739396214485,0.8469493985176086,0.06130266562104225
P03-r1,3,24a259085f3e7460cdf1989788b3dfbd8168582aeb54cdd53c1de52fd360691d:6adb61e661b32ecd6df0e8eae2368f3e94259432a28cc3aab7369765e31aacec,fixed,0.035219378769397736,0.8154917359352112,0.08458372950553894
P03-r1,3,24a259085f3e7460cdf1989788b3dfbd8168582aeb54cdd53c1de52fd360691d:6adb61e661b32ecd6df0e8eae2368f3e94259432a28cc3aab7369765e31aacec,1,0.03467418998479843,0.8129358291625977,0.08336623013019562
P03-r1,3,24a259085f3e7460cdf1989788b3dfbd8168582aeb54cdd53c1de52fd360691d:6adb61e661b32ecd6df0e8eae2368f3e94259432a28cc3aab7369765e31aacec,3,0.03467418998479843,0.8129358291625977,0.08336623013019562
P03-r1,3,24a259085f3e7460cdf1989788b3dfbd8168582aeb54cdd53c1de52fd360691d:6adb61e661b32ecd6df0e8eae2368f3e94259432a28cc3aab7369765e31aacec,6,0.03467418998479843,0.8129358291625977,0.08336623013019562
P03-r1,4,24a259085f3e7460cdf1989788b3dfbd8168582aeb54cdd53c1de52fd360691d:c593ddff289a664dea0966d52c9316df8aa93ad3885809fd2d1bc52c40536c35,fixed,0.04619228467345238,0.7493398189544678,0.1184653639793396
P03-r1,4,24a259085f3e7460cdf1989788b3dfbd8168582aeb54cdd53c1de52fd360691d:c593ddff289a664dea0966d52c9316df8aa93ad3885809fd2d1bc52c40536c35,1,0.04347698763012886,0.7693193554878235,0.11682933568954468
P03-r1,4,24a259085f3e7460cdf1989788b3dfbd8168582aeb54cdd53c1de52fd360691d:c593ddff289a664dea0966d52c9316df8aa93ad3885809fd2d1bc52c40536c35,3,0.04516448825597763,0.7537969946861267,0.11466523259878159
P03-r1,4,24a259085f3e7460cdf1989788b3dfbd8168582aeb54cdd53c1de52fd360691d:c593ddff289a664dea0966d52c9316df8aa93ad3885809fd2d1bc52c40536c35,6,0.048636045306921005,0.7105652689933777,0.12118515372276306
P03-r1,5,24a259085f3e7460cdf1989788b3dfbd8168582aeb54cdd53c1de52fd360691d:fb518674e0352dc6ac2e85717de2bee34e2efa6267f50f6d0e8160264e18ca92,fixed,0.12108762562274933,0.4625864028930664,0.24226857721805573
P03-r1,5,24a259085f3e7460cdf1989788b3dfbd8168582aeb54cdd53c1de52fd360691d:fb518674e0352dc6ac2e85717de2bee34e2efa6267f50f6d0e8160264e18ca92,1,0.08753294497728348,0.6472768187522888,0.17715446650981903
P03-r1,5,24a259085f3e7460cdf1989788b3dfbd8168582aeb54cdd53c1de52fd360691d:fb518674e0352dc6ac2e85717de2bee34e2efa6267f50f6d0e8160264e18ca92,3,0.09012965857982635,0.6132805943489075,0.18278786540031433
P03-r1,5,24a259085f3e7460cdf1989788b3dfbd8168582aeb54cdd53c1de52fd360691d:fb518674e0352dc6ac2e85717de2bee34e2efa6267f50f6d0e8160264e18ca92,6,0.09710732102394104,0.535780131816864,0.19664092361927032
P03-r1,6,24a259085f3e7460cdf1989788b3dfbd8168582aeb54cdd53c1de52fd360691d:66349281145be944dae18789572abff891dee7cd968a5ce4bd32f45800dc9e34,fixed,0.12087925523519516,0.45227834582328796,0.25372883677482605
P03-r1,6,24a259085f3e7460cdf1989788b3dfbd8168582aeb54cdd53c1de52fd360691d:66349281145be944dae18789572abff891dee7cd968a5ce4bd32f45800dc9e34,1,0.08893025666475296,0.6233661770820618,0.1924964040517807
P03-r1,6,24a259085f3e7460cdf1989788b3dfbd8168582aeb54cdd53c1de52fd360691d:66349281145be944dae18789572abff891dee7cd968a5ce4bd32f45800dc9e34,3,0.09140907973051071,0.5953536033630371,0.197172611951828
P03-r1,6,24a259085f3e7460cdf1989788b3dfbd8168582aeb54cdd53c1de52fd360691d:66349281145be944dae18789572abff891dee7cd968a5ce4bd32f45800dc9e34,6,0.0976228192448616,0.519848644733429,0.21094323694705963
P03-r1,7,24a259085f3e7460cdf1989788b3dfbd8168582aeb54cdd53c1de52fd360691d:323ee7108aed360c9e8138140952521e94afb21828a336ad58ac8d5389c36761,fixed,0.12076550722122192,0.4395838975906372,0.2693564295768738
P03-r1,7,24a259085f3e7460cdf1989788b3dfbd8168582aeb54cdd53c1de52fd360691d:323ee7108aed360c9e8138140952521e94afb21828a336ad58ac8d5389c36761,1,0.09025387465953827,0.6047284603118896,0.20744535326957703
P03-r1,7,24a259085f3e7460cdf1989788b3dfbd8168582aeb54cdd53c1de52fd360691d:323ee7108aed360c9e8138140952521e94afb21828a336ad58ac8d5389c36761,3,0.09229037165641785,0.57559734582901,0.21299514174461365
P03-r1,7,24a259085f3e7460cdf1989788b3dfbd8168582aeb54cdd53c1de52fd360691d:323ee7108aed360c9e8138140952521e94afb21828a336ad58ac8d5389c36761,6,0.09816350787878036,0.5043819546699524,0.22804054617881775
P03-r1,8,24a259085f3e7460cdf1989788b3dfbd8168582aeb54cdd53c1de52fd360691d:8216dd670f1bb3fc39b182eeee4e4d81dd2c78c3b97e0718765311994cd7ade7,fixed,0.12047415226697922,0.4257400333881378,0.2859041690826416
P03-r1,8,24a259085f3e7460cdf1989788b3dfbd8168582aeb54cdd53c1de52fd360691d:8216dd670f1bb3fc39b182eeee4e4d81dd2c78c3b97e0718765311994cd7ade7,1,0.0908387303352356,0.5775063037872314,0.22639977931976318
P03-r1,8,24a259085f3e7460cdf1989788b3dfbd8168582aeb54cdd53c1de52fd360691d:8216dd670f1bb3fc39b182eeee4e4d81dd2c78c3b97e0718765311994cd7ade7,3,0.09258058667182922,0.5523152947425842,0.23395957052707672
P03-r1,8,24a259085f3e7460cdf1989788b3dfbd8168582aeb54cdd53c1de52fd360691d:8216dd670f1bb3fc39b182eeee4e4d81dd2c78c3b97e0718765311994cd7ade7,6,0.09810400009155273,0.485977441072464,0.24582698941230774
P03-r1,9,24a259085f3e7460cdf1989788b3dfbd8168582aeb54cdd53c1de52fd360691d:d3bb1a3a2a3f7623a46a99cf54d56628227a8f848a1c59937fe29a8713ca4465,fixed,0.12254548072814941,0.40891745686531067,0.30787450075149536
P03-r1,9,24a259085f3e7460cdf1989788b3dfbd8168582aeb54cdd53c1de52fd360691d:d3bb1a3a2a3f7623a46a99cf54d56628227a8f848a1c59937fe29a8713ca4465,1,0.0944012999534607,0.548331081867218,0.25171178579330444
P03-r1,9,24a259085f3e7460cdf1989788b3dfbd8168582aeb54cdd53c1de52fd360691d:d3bb1a3a2a3f7623a46a99cf54d56628227a8f848a1c59937fe29a8713ca4465,3,0.09570301324129105,0.5264108777046204,0.25652945041656494
P03-r1,9,24a259085f3e7460cdf1989788b3dfbd8168582aeb54cdd53c1de52fd360691d:d3bb1a3a2a3f7623a46a99cf54d56628227a8f848a1c59937fe29a8713ca4465,6,0.101176418364048,0.45868125557899475,0.272597074508667
P03-r1,10,24a259085f3e7460cdf1989788b3dfbd8168582aeb54cdd53c1de52fd360691d:521dc7bc0cf861d9386c396c156e48db7a2fea5d3faebc89e258061176692dfc,fixed,0.2008240669965744,0.25522199273109436,0.41561371088027954
P03-r1,10,24a259085f3e7460cdf1989788b3dfbd8168582aeb54cdd53c1de52fd360691d:521dc7bc0cf861d9386c396c156e48db7a2fea5d3faebc89e258061176692dfc,1,0.1726452112197876,0.4131282567977905,0.34450486302375793
P03-r1,10,24a259085f3e7460cdf1989788b3dfbd8168582aeb54cdd53c1de52fd360691d:521dc7bc0cf861d9386c396c156e48db7a2fea5d3faebc89e258061176692dfc,3,0.17389467358589172,0.4089403450489044,0.3455989956855774
P03-r1,10,24a259085f3e7460cdf1989788b3dfbd8168582aeb54cdd53c1de52fd360691d:521dc7bc0cf861d9386c396c156e48db7a2fea5d3faebc89e258061176692dfc,6,0.1771048605442047,0.37525853514671326,0.3529857099056244
P03-r2,1,24a259085f3e7460cdf1989788b3dfbd8168582aeb54cdd53c1de52fd360691d:83a0968adc231d874fc2556bdabd5b9bf9adbe88ca5c76af495cefc9bfbb86d1,fixed,0.016378622502088547,0.8791654706001282,0.04099458456039429
P03-r2,1,24a259085f3e7460cdf1989788b3dfbd8168582aeb54cdd53c1de52fd360691d:83a0968adc231d874fc2556bdabd5b9bf9adbe88ca5c76af495cefc9bfbb86d1,1,0.016378622502088547,0.8791654706001282,0.04099458456039429
P03-r2,1,24a259085f3e7460cdf1989788b3dfbd8168582aeb54cdd53c1de52fd360691d:83a0968adc231d874fc2556bdabd5b9bf9adbe88ca5c76af495cefc9bfbb86d1,3,0.016378622502088547,0.8791654706001282,0.04099458456039429
P03-r2,1,24a259085f3e7460cdf1989788b3dfbd8168582aeb54cdd53c1de52fd360691d:83a0968adc231d874fc2556bdabd5b9bf9adbe88ca5c76af495cefc9bfbb86d1,6,0.016378622502088547,0.8791654706001282,0.04099458456039429
P03-r2,2,24a259085f3e7460cdf1989788b3dfbd8168582aeb54cdd53c1de52fd360691d:b44087f603522f878f472ee1c640e161f009c524ee8886847714006e31b9d1b5,fixed,0.023844851180911064,0.8237112164497375,0.0622045174241066
P03-r2,2,24a259085f3e7460cdf1989788b3dfbd8168582aeb54cdd53c1de52fd360691d:b44087f603522f878f472ee1c640e161f009c524ee8886847714006e31b9d1b5,1,0.022477546706795692,0.8252103924751282,0.06073300167918205
P03-r2,2,24a259085f3e7460cdf1989788b3dfbd8168582aeb54cdd53c1de52fd360691d:b44087f603522f878f472ee1c640e161f009c524ee8886847714006e31b9d1b5,3,0.022477546706795692,0.8252103924751282,0.06073300167918205
P03-r2,2,24a259085f3e7460cdf1989788b3dfbd8168582aeb54cdd53c1de52fd360691d:b44087f603522f878f472ee1c640e161f009c524ee8886847714006e31b9d1b5,6,0.022477546706795692,0.8252103924751282,0.06073300167918205
P03-r2,3,24a259085f3e7460cdf1989788b3dfbd8168582aeb54cdd53c1de52fd360691d:d90788b37afb43c0e8ef24de52a22cbb864047436c0882bd063bc3220c4e2992,fixed,0.03382294997572899,0.771628201007843,0.08722404390573502
P03-r2,3,24a259085f3e7460cdf1989788b3dfbd8168582aeb54cdd53c1de52fd360691d:d90788b37afb43c0e8ef24de52a22cbb864047436c0882bd063bc3220c4e2992,1,0.030294276773929596,0.8011799454689026,0.08367697894573212
P03-r2,3,24a259085f3e7460cdf1989788b3dfbd8168582aeb54cdd53c1de52fd360691d:d90788b37afb43c0e8ef24de52a22cbb864047436c0882bd063bc3220c4e2992,3,0.030294276773929596,0.8011799454689026,0.08367697894573212
P03-r2,3,24a259085f3e7460cdf1989788b3dfbd8168582aeb54cdd53c1de52fd360691d:d90788b37afb43c0e8ef24de52a22cbb864047436c0882bd063bc3220c4e2992,6,0.030294276773929596,0.8011799454689026,0.08367697894573212
P03-r2,4,24a259085f3e7460cdf1989788b3dfbd8168582aeb54cdd53c1de52fd360691d:b4b6120c7e95f6eb6c8c98973c96aadfb701032ad3b32beaacd7137055c234fb,fixed,0.04822344332933426,0.7013835906982422,0.13435223698616028
P03-r2,4,24a259085f3e7460cdf1989788b3dfbd8168582aeb54cdd53c1de52fd360691d:b4b6120c7e95f6eb6c8c98973c96aadfb701032ad3b32beaacd7137055c234fb,1,0.04394420608878136,0.7408286929130554,0.1290566772222519
P03-r2,4,24a259085f3e7460cdf1989788b3dfbd8168582aeb54cdd53c1de52fd360691d:b4b6120c7e95f6eb6c8c98973c96aadfb701032ad3b32beaacd7137055c234fb,3,0.04394420608878136,0.7408286929130554,0.1290566772222519
P03-r2,4,24a259085f3e7460cdf1989788b3dfbd8168582aeb54cdd53c1de52fd360691d:b4b6120c7e95f6eb6c8c98973c96aadfb701032ad3b32beaacd7137055c234fb,6,0.04753692448139191,0.6957626938819885,0.13600340485572815
P03-r2,5,24a259085f3e7460cdf1989788b3dfbd8168582aeb54cdd53c1de52fd360691d:9a9d737d3bae43a46d9ef381cbe50c7cb1d55bc56926f187774110ac286f8cdb,fixed,0.19147811830043793,0.32670143246650696,0.5045062303543091
P03-r2,5,24a259085f3e7460cdf1989788b3dfbd8168582aeb54cdd53c1de52fd360691d:9a9d737d3bae43a46d9ef381cbe50c7cb1d55bc56926f187774110ac286f8cdb,1,0.1231522187590599,0.42453134059906006,0.3006705343723297
P03-r2,5,24a259085f3e7460cdf1989788b3dfbd8168582aeb54cdd53c1de52fd360691d:9a9d737d3bae43a46d9ef381cbe50c7cb1d55bc56926f187774110ac286f8cdb,3,0.12375611811876297,0.4236760139465332,0.30190327763557434
P03-r2,5,24a259085f3e7460cdf1989788b3dfbd8168582aeb54cdd53c1de52fd360691d:9a9d737d3bae43a46d9ef381cbe50c7cb1d55bc56926f187774110ac286f8cdb,6,0.12370765954256058,0.42980870604515076,0.3054148256778717
P03-r2,6,24a259085f3e7460cdf1989788b3dfbd8168582aeb54cdd53c1de52fd360691d:ddfb55bb6a6b9a1951a269da1808a46f9cd502b531a0a1228a1da18619a3d6c6,fixed,0.19174440205097198,0.32239654660224915,0.505614161491394
P03-r2,6,24a259085f3e7460cdf1989788b3dfbd8168582aeb54cdd53c1de52fd360691d:ddfb55bb6a6b9a1951a269da1808a46f9cd502b531a0a1228a1da18619a3d6c6,1,0.12430159002542496,0.4194035828113556,0.31006914377212524
P03-r2,6,24a259085f3e7460cdf1989788b3dfbd8168582aeb54cdd53c1de52fd360691d:ddfb55bb6a6b9a1951a269da1808a46f9cd502b531a0a1228a1da18619a3d6c6,3,0.12411917001008987,0.4156179428100586,0.31191298365592957
P03-r2,6,24a259085f3e7460cdf1989788b3dfbd8168582aeb54cdd53c1de52fd360691d:ddfb55bb6a6b9a1951a269da1808a46f9cd502b531a0a1228a1da18619a3d6c6,6,0.12471112608909607,0.421176940202713,0.3152867555618286
P03-r2,7,24a259085f3e7460cdf1989788b3dfbd8168582aeb54cdd53c1de52fd360691d:ccde15a1bc297801fedd9ac3bb092b8fe458fe908f6f4457ac951be56d7219af,fixed,0.19085060060024261,0.3148510456085205,0.5105254650115967
P03-r2,7,24a259085f3e7460cdf1989788b3dfbd8168582aeb54cdd53c1de52fd360691d:ccde15a1bc297801fedd9ac3bb092b8fe458fe908f6f4457ac951be56d7219af,1,0.12462322413921356,0.41204747557640076,0.32216551899909973
P03-r2,7,24a259085f3e7460cdf1989788b3dfbd8168582aeb54cdd53c1de52fd360691d:ccde15a1bc297801fedd9ac3bb092b8fe458fe908f6f4457ac951be56d7219af,3,0.12486621737480164,0.40218472480773926,0.3260265290737152
P03-r2,7,24a259085f3e7460cdf1989788b3dfbd8168582aeb54cdd53c1de52fd360691d:ccde15a1bc297801fedd9ac3bb092b8fe458fe908f6f4457ac951be56d7219af,6,0.12538765370845795,0.40761494636535645,0.33243393898010254
P03-r2,8,24a259085f3e7460cdf1989788b3dfbd8168582aeb54cdd53c1de52fd360691d:66ac9dbeb63fd504dbbaa0624aa44abcd752e6c83dd26657ab21545472f9e7ff,fixed,0.19178110361099243,0.3048759996891022,0.5150160789489746
P03-r2,8,24a259085f3e7460cdf1989788b3dfbd8168582aeb54cdd53c1de52fd360691d:66ac9dbeb63fd504dbbaa0624aa44abcd752e6c83dd26657ab21545472f9e7ff,1,0.12381888926029205,0.39208880066871643,0.32382121682167053
P03-r2,8,24a259085f3e7460cdf1989788b3dfbd8168582aeb54cdd53c1de52fd360691d:66ac9dbeb63fd504dbbaa0624aa44abcd752e6c83dd26657ab21545472f9e7ff,3,0.12381888926029205,0.39208880066871643,0.32382121682167053
P03-r2,8,24a259085f3e7460cdf1989788b3dfbd8168582aeb54cdd53c1de52fd360691d:66ac9dbeb63fd504dbbaa0624aa44abcd752e6c83dd26657ab21545472f9e7ff,6,0.12510772049427032,0.38908037543296814,0.3365640342235565
P03-r2,9,24a259085f3e7460cdf1989788b3dfbd8168582aeb54cdd53c1de52fd360691d:f349713b58fab37e07f2a4bb7605bf96090781563faa4878b872a8816f7d29ba,fixed,0.19077569246292114,0.29578396677970886,0.5228796601295471
P03-r2,9,24a259085f3e7460cdf1989788b3dfbd8168582aeb54cdd53c1de52fd360691d:f349713b58fab37e07f2a4bb7605bf96090781563faa4878b872a8816f7d29ba,1,0.12438034266233444,0.3863759934902191,0.3425869643688202
P03-r2,9,24a259085f3e7460cdf1989788b3dfbd8168582aeb54cdd53c1de52fd360691d:f349713b58fab37e07f2a4bb7605bf96090781563faa4878b872a8816f7d29ba,3,0.12464924156665802,0.37647131085395813,0.34759026765823364
P03-r2,9,24a259085f3e7460cdf1989788b3dfbd8168582aeb54cdd53c1de52fd360691d:f349713b58fab37e07f2a4bb7605bf96090781563faa4878b872a8816f7d29ba,6,0.12509161233901978,0.3795047104358673,0.3542275130748749
P03-r2,10,24a259085f3e7460cdf1989788b3dfbd8168582aeb54cdd53c1de52fd360691d:4644830c95bc1b8959e2d4711513626bd0d7cc65d2af078554327e59605833cf,fixed,0.25273093581199646,0.17960941791534424,0.5659546256065369
P03-r2,10,24a259085f3e7460cdf1989788b3dfbd8168582aeb54cdd53c1de52fd360691d:4644830c95bc1b8959e2d4711513626bd0d7cc65d2af078554327e59605833cf,1,0.2021111398935318,0.2506495714187622,0.39228272438049316
P03-r2,10,24a259085f3e7460cdf1989788b3dfbd8168582aeb54cdd53c1de52fd360691d:4644830c95bc1b8959e2d4711513626bd0d7cc65d2af078554327e59605833cf,3,0.20252104103565216,0.24914735555648804,0.39421382546424866
P03-r2,10,24a259085f3e7460cdf1989788b3dfbd8168582aeb54cdd53c1de52fd360691d:4644830c95bc1b8959e2d4711513626bd0d7cc65d2af078554327e59605833cf,6,0.20354695618152618,0.24581241607666016,0.39887022972106934
P04,1,a3f8e0261a11f281fc3065ef628990e945e171149ea9505057a2bdf3ec691180:72f0074fe7df1b717d90d2db6df234212b5df2afc6166f11a13d73a80952dcea,fixed,0.01840371824800968,0.8883209228515625,0.031728047877550125
P04,1,a3f8e0261a11f281fc3065ef628990e945e171149ea9505057a2bdf3ec691180:72f0074fe7df1b717d90d2db6df234212b5df2afc6166f11a13d73a80952dcea,1,0.01840371824800968,0.8883209228515625,0.031728047877550125
P04,1,a3f8e0261a11f281fc3065ef628990e945e171149ea9505057a2bdf3ec691180:72f0074fe7df1b717d90d2db6df234212b5df2afc6166f11a13d73a80952dcea,3,0.01840371824800968,0.8883209228515625,0.031728047877550125
P04,1,a3f8e0261a11f281fc3065ef628990e945e171149ea9505057a2bdf3ec691180:72f0074fe7df1b717d90d2db6df234212b5df2afc6166f11a13d73a80952dcea,6,0.01840371824800968,0.8883209228515625,0.031728047877550125
P04,2,a3f8e0261a11f281fc3065ef628990e945e171149ea9505057a2bdf3ec691180:06b5c9dc02fbf13fc15f528b85b948100afb06fac95032453399dab4f05e8cb7,fixed,0.025968050584197044,0.8348621726036072,0.05477737635374069
P04,2,a3f8e0261a11f281fc3065ef628990e945e171149ea9505057a2bdf3ec691180:06b5c9dc02fbf13fc15f528b85b948100afb06fac95032453399dab4f05e8cb7,1,0.023362623527646065,0.8567665219306946,0.05424788221716881
P04,2,a3f8e0261a11f281fc3065ef628990e945e171149ea9505057a2bdf3ec691180:06b5c9dc02fbf13fc15f528b85b948100afb06fac95032453399dab4f05e8cb7,3,0.023362623527646065,0.8567665219306946,0.05424788221716881
P04,2,a3f8e0261a11f281fc3065ef628990e945e171149ea9505057a2bdf3ec691180:06b5c9dc02fbf13fc15f528b85b948100afb06fac95032453399dab4f05e8cb7,6,0.023362623527646065,0.8567665219306946,0.05424788221716881
P04,3,a3f8e0261a11f281fc3065ef628990e945e171149ea9505057a2bdf3ec691180:0ee7d7c5349dc71b8f60ee842000aca388d37688ba65a3d5028ad511f58611ed,fixed,0.03271098807454109,0.7871373295783997,0.07703612744808197
P04,3,a3f8e0261a11f281fc3065ef628990e945e171149ea9505057a2bdf3ec691180:0ee7d7c5349dc71b8f60ee842000aca388d37688ba65a3d5028ad511f58611ed,1,0.029098980128765106,0.8208720088005066,0.07321377098560333
P04,3,a3f8e0261a11f281fc3065ef628990e945e171149ea9505057a2bdf3ec691180:0ee7d7c5349dc71b8f60ee842000aca388d37688ba65a3d5028ad511f58611ed,3,0.029098980128765106,0.8208720088005066,0.07321377098560333
P04,3,a3f8e0261a11f281fc3065ef628990e945e171149ea9505057a2bdf3ec691180:0ee7d7c5349dc71b8f60ee842000aca388d37688ba65a3d5028ad511f58611ed,6,0.029098980128765106,0.8208720088005066,0.07321377098560333
P04,4,a3f8e0261a11f281fc3065ef628990e945e171149ea9505057a2bdf3ec691180:afb9ee34d297717f92888799c55bb475149d0e445f1efdbeeac4fa28eb84f067,fixed,0.05544218793511391,0.71294766664505,0.12006574869155884
P04,4,a3f8e0261a11f281fc3065ef628990e945e171149ea9505057a2bdf3ec691180:afb9ee34d297717f92888799c55bb475149d0e445f1efdbeeac4fa28eb84f067,1,0.04820133373141289,0.7773118019104004,0.10510864853858948
P04,4,a3f8e0261a11f281fc3065ef628990e945e171149ea9505057a2bdf3ec691180:afb9ee34d297717f92888799c55bb475149d0e445f1efdbeeac4fa28eb84f067,3,0.04820133373141289,0.7773118019104004,0.10510864853858948
P04,4,a3f8e0261a11f281fc3065ef628990e945e171149ea9505057a2bdf3ec691180:afb9ee34d297717f92888799c55bb475149d0e445f1efdbeeac4fa28eb84f067,6,0.051172886043787,0.7440197467803955,0.10925644636154175
P04,5,a3f8e0261a11f281fc3065ef628990e945e171149ea9505057a2bdf3ec691180:cf4f8303118f133dba1077c06f10ddfccde01c0c8b7844ca935fc3772f19bfc5,fixed,0.13240620493888855,0.4151075780391693,0.34183269739151
P04,5,a3f8e0261a11f281fc3065ef628990e945e171149ea9505057a2bdf3ec691180:cf4f8303118f133dba1077c06f10ddfccde01c0c8b7844ca935fc3772f19bfc5,1,0.06295200437307358,0.7224617004394531,0.15251649916172028
P04,5,a3f8e0261a11f281fc3065ef628990e945e171149ea9505057a2bdf3ec691180:cf4f8303118f133dba1077c06f10ddfccde01c0c8b7844ca935fc3772f19bfc5,3,0.06295200437307358,0.7224617004394531,0.15251649916172028
P04,5,a3f8e0261a11f281fc3065ef628990e945e171149ea9505057a2bdf3ec691180:cf4f8303118f133dba1077c06f10ddfccde01c0c8b7844ca935fc3772f19bfc5,6,0.06561541557312012,0.6983886361122131,0.1529621183872223
P04,6,a3f8e0261a11f281fc3065ef628990e945e171149ea9505057a2bdf3ec691180:9662d6d1c973a43af15378d218c82e247ed10362330bcdbc3ad1366f2d1411ae,fixed,0.13438569009304047,0.4023829996585846,0.3525209426879883
P04,6,a3f8e0261a11f281fc3065ef628990e945e171149ea9505057a2bdf3ec691180:9662d6d1c973a43af15378d218c82e247ed10362330bcdbc3ad1366f2d1411ae,1,0.0668826773762703,0.6964426040649414,0.16892492771148682
P04,6,a3f8e0261a11f281fc3065ef628990e945e171149ea9505057a2bdf3ec691180:9662d6d1c973a43af15378d218c82e247ed10362330bcdbc3ad1366f2d1411ae,3,0.0668826773762703,0.6964426040649414,0.16892492771148682
P04,6,a3f8e0261a11f281fc3065ef628990e945e171149ea9505057a2bdf3ec691180:9662d6d1c973a43af15378d218c82e247ed10362330bcdbc3ad1366f2d1411ae,6,0.06884182244539261,0.6803510189056396,0.17003434896469116
P04,7,a3f8e0261a11f281fc3065ef628990e945e171149ea9505057a2bdf3ec691180:fd58722931d848508495c724a296326087beaec3a61ae834860fc62c5e24cbe5,fixed,0.13611829280853271,0.4022347033023834,0.3479330241680145
P04,7,a3f8e0261a11f281fc3065ef628990e945e171149ea9505057a2bdf3ec691180:fd58722931d848508495c724a296326087beaec3a61ae834860fc62c5e24cbe5,1,0.06988504528999329,0.6864304542541504,0.1652376651763916
P04,7,a3f8e0261a11f281fc3065ef628990e945e171149ea9505057a2bdf3ec691180:fd58722931d848508495c724a296326087beaec3a61ae834860fc62c5e24cbe5,3,0.06988504528999329,0.6864304542541504,0.1652376651763916
P04,7,a3f8e0261a11f281fc3065ef628990e945e171149ea9505057a2bdf3ec691180:fd58722931d848508495c724a296326087beaec3a61ae834860fc62c5e24cbe5,6,0.07150953263044357,0.675100564956665,0.16494722664356232
P04,8,a3f8e0261a11f281fc3065ef628990e945e171149ea9505057a2bdf3ec691180:3e58666b152e5e221b60c1cee61fecdcca9b61879139535256189fcbb954ba6c,fixed,0.13804741203784943,0.3897973299026489,0.3590282201766968
P04,8,a3f8e0261a11f281fc3065ef628990e945e171149ea9505057a2bdf3ec691180:3e58666b152e5e221b60c1cee61fecdcca9b61879139535256189fcbb954ba6c,1,0.07338233292102814,0.6560167670249939,0.1850573867559433
P04,8,a3f8e0261a11f281fc3065ef628990e945e171149ea9505057a2bdf3ec691180:3e58666b152e5e221b60c1cee61fecdcca9b61879139535256189fcbb954ba6c,3,0.07338233292102814,0.6560167670249939,0.1850573867559433
P04,8,a3f8e0261a11f281fc3065ef628990e945e171149ea9505057a2bdf3ec691180:3e58666b152e5e221b60c1cee61fecdcca9b61879139535256189fcbb954ba6c,6,0.07338233292102814,0.6560167670249939,0.1850573867559433
P04,9,a3f8e0261a11f281fc3065ef628990e945e171149ea9505057a2bdf3ec691180:69dd6819343740ae5cb234dcec7dd78d7998ba197a3a1b2da94a459382353519,fixed,0.1399747133255005,0.3754703104496002,0.3721795082092285
P04,9,a3f8e0261a11f281fc3065ef628990e945e171149ea9505057a2bdf3ec691180:69dd6819343740ae5cb234dcec7dd78d7998ba197a3a1b2da94a459382353519,1,0.07663470506668091,0.6262993812561035,0.2066776007413864
P04,9,a3f8e0261a11f281fc3065ef628990e945e171149ea9505057a2bdf3ec691180:69dd6819343740ae5cb234dcec7dd78d7998ba197a3a1b2da94a459382353519,3,0.07663470506668091,0.6262993812561035,0.2066776007413864
P04,9,a3f8e0261a11f281fc3065ef628990e945e171149ea9505057a2bdf3ec691180:69dd6819343740ae5cb234dcec7dd78d7998ba197a3a1b2da94a459382353519,6,0.07724126428365707,0.6266276240348816,0.20571331679821014
P04,10,a3f8e0261a11f281fc3065ef628990e945e171149ea9505057a2bdf3ec691180:5aa04a5c54be19bcc2bb750402d42bffcc8fb6dd4fc1d7d85ded4388fe163b08,fixed,0.2195051908493042,0.24451230466365814,0.45022645592689514
P04,10,a3f8e0261a11f281fc3065ef628990e945e171149ea9505057a2bdf3ec691180:5aa04a5c54be19bcc2bb750402d42bffcc8fb6dd4fc1d7d85ded4388fe163b08,1,0.1685907393693924,0.45527195930480957,0.3084413409233093
P04,10,a3f8e0261a11f281fc3065ef628990e945e171149ea9505057a2bdf3ec691180:5aa04a5c54be19bcc2bb750402d42bffcc8fb6dd4fc1d7d85ded4388fe163b08,3,0.17004646360874176,0.44831743836402893,0.3121553361415863
P04,10,a3f8e0261a11f281fc3065ef628990e945e171149ea9505057a2bdf3ec691180:5aa04a5c54be19bcc2bb750402d42bffcc8fb6dd4fc1d7d85ded4388fe163b08,6,0.17297334969043732,0.4228728115558624,0.31534087657928467
P05,1,8f3f729c8cb4a53b9ef2584e810673ee5b7133b5ea9263b75b77e0a1c6866bc2:6d9106aa3aadeeb985b1878c5509ce0f5da341b972cfbce4be9c79454841b09d,fixed,0.015822634100914,0.8821151256561279,0.048692625015974045
P05,1,8f3f729c8cb4a53b9ef2584e810673ee5b7133b5ea9263b75b77e0a1c6866bc2:6d9106aa3aadeeb985b1878c5509ce0f5da341b972cfbce4be9c79454841b09d,1,0.015822634100914,0.8821151256561279,0.048692625015974045
P05,1,8f3f729c8cb4a53b9ef2584e810673ee5b7133b5ea9263b75b77e0a1c6866bc2:6d9106aa3aadeeb985b1878c5509ce0f5da341b972cfbce4be9c79454841b09d,3,0.015822634100914,0.8821151256561279,0.048692625015974045
P05,1,8f3f729c8cb4a53b9ef2584e810673ee5b7133b5ea9263b75b77e0a1c6866bc2:6d9106aa3aadeeb985b1878c5509ce0f5da341b972cfbce4be9c79454841b09d,6,0.017926130443811417,0.8482168316841125,0.050030529499053955
P05,2,8f3f729c8cb4a53b9ef2584e810673ee5b7133b5ea9263b75b77e0a1c6866bc2:f6f9652b5ac951928b29a122fdc799834db4acc6f9830732f5c09925e77bf305,fixed,0.022392643615603447,0.815277099609375,0.06950265914201736
P05,2,8f3f729c8cb4a53b9ef2584e810673ee5b7133b5ea9263b75b77e0a1c6866bc2:f6f9652b5ac951928b29a122fdc799834db4acc6f9830732f5c09925e77bf305,1,0.019868647679686546,0.8376884460449219,0.06536561995744705
P05,2,8f3f729c8cb4a53b9ef2584e810673ee5b7133b5ea9263b75b77e0a1c6866bc2:f6f9652b5ac951928b29a122fdc799834db4acc6f9830732f5c09925e77bf305,3,0.019868647679686546,0.8376884460449219,0.06536561995744705
P05,2,8f3f729c8cb4a53b9ef2584e810673ee5b7133b5ea9263b75b77e0a1c6866bc2:f6f9652b5ac951928b29a122fdc799834db4acc6f9830732f5c09925e77bf305,6,0.019868647679686546,0.8376884460449219,0.06536561995744705
P05,3,8f3f729c8cb4a53b9ef2584e810673ee5b7133b5ea9263b75b77e0a1c6866bc2:5590e5c30ece7661bb1ac2d39e4c4d14f0c2dd48f62302623e4b03c967374eef,fixed,0.0282905176281929,0.7789292335510254,0.09390426427125931
P05,3,8f3f729c8cb4a53b9ef2584e810673ee5b7133b5ea9263b75b77e0a1c6866bc2:5590e5c30ece7661bb1ac2d39e4c4d14f0c2dd48f62302623e4b03c967374eef,1,0.025175461545586586,0.8120314478874207,0.0889648050069809
P05,3,8f3f729c8cb4a53b9ef2584e810673ee5b7133b5ea9263b75b77e0a1c6866bc2:5590e5c30ece7661bb1ac2d39e4c4d14f0c2dd48f62302623e4b03c967374eef,3,0.025098266080021858,0.813166618347168,0.08551110327243805
P05,3,8f3f729c8cb4a53b9ef2584e810673ee5b7133b5ea9263b75b77e0a1c6866bc2:5590e5c30ece7661bb1ac2d39e4c4d14f0c2dd48f62302623e4b03c967374eef,6,0.02563704364001751,0.8040394186973572,0.087386354804039
P05,4,8f3f729c8cb4a53b9ef2584e810673ee5b7133b5ea9263b75b77e0a1c6866bc2:9b1a43ca55185dd3d4b046d97d01afd48996708f2781878e37527aae66ea7709,fixed,0.04256638512015343,0.6973174214363098,0.13186918199062347
P05,4,8f3f729c8cb4a53b9ef2584e810673ee5b7133b5ea9263b75b77e0a1c6866bc2:9b1a43ca55185dd3d4b046d97d01afd48996708f2781878e37527aae66ea7709,1,0.035658098757267,0.7770125269889832,0.11754801869392395
P05,4,8f3f729c8cb4a53b9ef2584e810673ee5b7133b5ea9263b75b77e0a1c6866bc2:9b1a43ca55185dd3d4b046d97d01afd48996708f2781878e37527aae66ea7709,3,0.03669387847185135,0.761134922504425,0.12161270529031754
P05,4,8f3f729c8cb4a53b9ef2584e810673ee5b7133b5ea9263b75b77e0a1c6866bc2:9b1a43ca55185dd3d4b046d97d01afd48996708f2781878e37527aae66ea7709,6,0.03944957256317139,0.7294378280639648,0.12546426057815552
P05,5,8f3f729c8cb4a53b9ef2584e810673ee5b7133b5ea9263b75b77e0a1c6866bc2:b29fc97456cd3f84f2b43093ccea9d3fe5702bb55f1d94c8be875da01a4b1130,fixed,0.13363569974899292,0.41188350319862366,0.43358439207077026
P05,5,8f3f729c8cb4a53b9ef2584e810673ee5b7133b5ea9263b75b77e0a1c6866bc2:b29fc97456cd3f84f2b43093ccea9d3fe5702bb55f1d94c8be875da01a4b1130,1,0.0808720588684082,0.6381780505180359,0.19190973043441772
P05,5,8f3f729c8cb4a53b9ef2584e810673ee5b7133b5ea9263b75b77e0a1c6866bc2:b29fc97456cd3f84f2b43093ccea9d3fe5702bb55f1d94c8be875da01a4b1130,3,0.08119811117649078,0.6378839612007141,0.18988880515098572
P05,5,8f3f729c8cb4a53b9ef2584e810673ee5b7133b5ea9263b75b77e0a1c6866bc2:b29fc97456cd3f84f2b43093ccea9d3fe5702bb55f1d94c8be875da01a4b1130,6,0.0849856287240982,0.5857078433036804,0.19822123646736145
P05,6,8f3f729c8cb4a53b9ef2584e810673ee5b7133b5ea9263b75b77e0a1c6866bc2:a47813f7d3aefc2c386f4384c503c27678447332af629c936c3fe5295902e42b,fixed,0.13394500315189362,0.40122947096824646,0.4366246163845062
P05,6,8f3f729c8cb4a53b9ef2584e810673ee5b7133b5ea9263b75b77e0a1c6866bc2:a47813f7d3aefc2c386f4384c503c27678447332af629c936c3fe5295902e42b,1,0.08364389836788177,0.6131631731987,0.20740550756454468
P05,6,8f3f729c8cb4a53b9ef2584e810673ee5b7133b5ea9263b75b77e0a1c6866bc2:a47813f7d3aefc2c386f4384c503c27678447332af629c936c3fe5295902e42b,3,0.08458177000284195,0.6022471785545349,0.20826023817062378
P05,6,8f3f729c8cb4a53b9ef2584e810673ee5b7133b5ea9263b75b77e0a1c6866bc2:a47813f7d3aefc2c386f4384c503c27678447332af629c936c3fe5295902e42b,6,0.08682116121053696,0.5684162974357605,0.2144228219985962
P05,7,8f3f729c8cb4a53b9ef2584e810673ee5b7133b5ea9263b75b77e0a1c6866bc2:824ca468c306cdae41af869c08bed8c0e10c4e1707bc2c9e74fce91fca53ab1a,fixed,0.13378362357616425,0.3929974138736725,0.44054850935935974
P05,7,8f3f729c8cb4a53b9ef2584e810673ee5b7133b5ea9263b75b77e0a1c6866bc2:824ca468c306cdae41af869c08bed8c0e10c4e1707bc2c9e74fce91fca53ab1a,1,0.08607164770364761,0.5934911966323853,0.21531081199645996
P05,7,8f3f729c8cb4a53b9ef2584e810673ee5b7133b5ea9263b75b77e0a1c6866bc2:824ca468c306cdae41af869c08bed8c0e10c4e1707bc2c9e74fce91fca53ab1a,3,0.08676925301551819,0.5858847498893738,0.21692466735839844
P05,7,8f3f729c8cb4a53b9ef2584e810673ee5b7133b5ea9263b75b77e0a1c6866bc2:824ca468c306cdae41af869c08bed8c0e10c4e1707bc2c9e74fce91fca53ab1a,6,0.08866829425096512,0.5572678446769714,0.22305899858474731
P05,8,8f3f729c8cb4a53b9ef2584e810673ee5b7133b5ea9263b75b77e0a1c6866bc2:5952565501716b3ad06bbbd5e9d307c65ce548f0ed2c5e3aae046a7912bc4f37,fixed,0.13546288013458252,0.3777247965335846,0.45329034328460693
P05,8,8f3f729c8cb4a53b9ef2584e810673ee5b7133b5ea9263b75b77e0a1c6866bc2:5952565501716b3ad06bbbd5e9d307c65ce548f0ed2c5e3aae046a7912bc4f37,1,0.08831309527158737,0.5596904754638672,0.23725050687789917
P05,8,8f3f729c8cb4a53b9ef2584e810673ee5b7133b5ea9263b75b77e0a1c6866bc2:5952565501716b3ad06bbbd5e9d307c65ce548f0ed2c5e3aae046a7912bc4f37,3,0.08829323947429657,0.5617552399635315,0.24069203436374664
P05,8,8f3f729c8cb4a53b9ef2584e810673ee5b7133b5ea9263b75b77e0a1c6866bc2:5952565501716b3ad06bbbd5e9d307c65ce548f0ed2c5e3aae046a7912bc4f37,6,0.08953006565570831,0.5422341227531433,0.24703598022460938
P05,9,8f3f729c8cb4a53b9ef2584e810673ee5b7133b5ea9263b75b77e0a1c6866bc2:2ecf2d7404183ed9e9888331c55941bf86fceff3e4b66019dfe448122475a1fe,fixed,0.13451658189296722,0.37728404998779297,0.45400717854499817
P05,9,8f3f729c8cb4a53b9ef2584e810673ee5b7133b5ea9263b75b77e0a1c6866bc2:2ecf2d7404183ed9e9888331c55941bf86fceff3e4b66019dfe448122475a1fe,1,0.08961238712072372,0.5550453066825867,0.24725058674812317
P05,9,8f3f729c8cb4a53b9ef2584e810673ee5b7133b5ea9263b75b77e0a1c6866bc2:2ecf2d7404183ed9e9888331c55941bf86fceff3e4b66019dfe448122475a1fe,3,0.08961238712072372,0.5550453066825867,0.24725058674812317
P05,9,8f3f729c8cb4a53b9ef2584e810673ee5b7133b5ea9263b75b77e0a1c6866bc2:2ecf2d7404183ed9e9888331c55941bf86fceff3e4b66019dfe448122475a1fe,6,0.09049186110496521,0.5396023392677307,0.2518075108528137
P05,10,8f3f729c8cb4a53b9ef2584e810673ee5b7133b5ea9263b75b77e0a1c6866bc2:d9f6bb7cb333570fa80e508e444b49db0e1cde91640e19f363e7c17b18ebc3f1,fixed,0.24122847616672516,0.24444396793842316,0.5315648317337036
P05,10,8f3f729c8cb4a53b9ef2584e810673ee5b7133b5ea9263b75b77e0a1c6866bc2:d9f6bb7cb333570fa80e508e444b49db0e1cde91640e19f363e7c17b18ebc3f1,1,0.2290075719356537,0.24665673077106476,0.6196185350418091
P05,10,8f3f729c8cb4a53b9ef2584e810673ee5b7133b5ea9263b75b77e0a1c6866bc2:d9f6bb7cb333570fa80e508e444b49db0e1cde91640e19f363e7c17b18ebc3f1,3,0.22841043770313263,0.24880069494247437,0.6137474775314331
P05,10,8f3f729c8cb4a53b9ef2584e810673ee5b7133b5ea9263b75b77e0a1c6866bc2:d9f6bb7cb333570fa80e508e444b49db0e1cde91640e19f363e7c17b18ebc3f1,6,0.2281481921672821,0.24800169467926025,0.6095815896987915
P06,1,0c066a6530f05a89f4087c0278dab449ec735118b588baf024133c40647c0767:5d52a0d716c9c76ad725e99e9910eb81a8db5770702f0e8e02e69aafd5818e14,fixed,0.016039207577705383,0.8770872950553894,0.052219681441783905
P06,1,0c066a6530f05a89f4087c0278dab449ec735118b588baf024133c40647c0767:5d52a0d716c9c76ad725e99e9910eb81a8db5770702f0e8e02e69aafd5818e14,1,0.016039207577705383,0.8770872950553894,0.052219681441783905
P06,1,0c066a6530f05a89f4087c0278dab449ec735118b588baf024133c40647c0767:5d52a0d716c9c76ad725e99e9910eb81a8db5770702f0e8e02e69aafd5818e14,3,0.016039207577705383,0.8770872950553894,0.052219681441783905
P06,1,0c066a6530f05a89f4087c0278dab449ec735118b588baf024133c40647c0767:5d52a0d716c9c76ad725e99e9910eb81a8db5770702f0e8e02e69aafd5818e14,6,0.016039207577705383,0.8770872950553894,0.052219681441783905
P06,2,0c066a6530f05a89f4087c0278dab449ec735118b588baf024133c40647c0767:3b0dd622f8fe7c0ce8b4fb8173e2cf7f414d37dfc02b5b5ed5218ee1b7e428aa,fixed,0.022228486835956573,0.8333027362823486,0.07619599997997284
P06,2,0c066a6530f05a89f4087c0278dab449ec735118b588baf024133c40647c0767:3b0dd622f8fe7c0ce8b4fb8173e2cf7f414d37dfc02b5b5ed5218ee1b7e428aa,1,0.021894685924053192,0.8323414325714111,0.07550738751888275
P06,2,0c066a6530f05a89f4087c0278dab449ec735118b588baf024133c40647c0767:3b0dd622f8fe7c0ce8b4fb8173e2cf7f414d37dfc02b5b5ed5218ee1b7e428aa,3,0.021894685924053192,0.8323414325714111,0.07550738751888275
P06,2,0c066a6530f05a89f4087c0278dab449ec735118b588baf024133c40647c0767:3b0dd622f8fe7c0ce8b4fb8173e2cf7f414d37dfc02b5b5ed5218ee1b7e428aa,6,0.022228486835956573,0.8333027362823486,0.07619599997997284
P06,3,0c066a6530f05a89f4087c0278dab449ec735118b588baf024133c40647c0767:fbbc2f2a6163d555e1cfe9aa8bd0b836abb7242576e8e31f189650aa2a3a61dd,fixed,0.02911248989403248,0.7905220985412598,0.0997520461678505
P06,3,0c066a6530f05a89f4087c0278dab449ec735118b588baf024133c40647c0767:fbbc2f2a6163d555e1cfe9aa8bd0b836abb7242576e8e31f189650aa2a3a61dd,1,0.027665546163916588,0.802544891834259,0.10038287937641144
P06,3,0c066a6530f05a89f4087c0278dab449ec735118b588baf024133c40647c0767:fbbc2f2a6163d555e1cfe9aa8bd0b836abb7242576e8e31f189650aa2a3a61dd,3,0.027665546163916588,0.802544891834259,0.10038287937641144
P06,3,0c066a6530f05a89f4087c0278dab449ec735118b588baf024133c40647c0767:fbbc2f2a6163d555e1cfe9aa8bd0b836abb7242576e8e31f189650aa2a3a61dd,6,0.027665546163916588,0.802544891834259,0.10038287937641144
P06,4,0c066a6530f05a89f4087c0278dab449ec735118b588baf024133c40647c0767:999c822946c3ba0b1ba32398cf2aee0200536848c685cf8da8c0fc439dc5ea0c,fixed,0.04030841961503029,0.7304844260215759,0.14814046025276184
P06,4,0c066a6530f05a89f4087c0278dab449ec735118b588baf024133c40647c0767:999c822946c3ba0b1ba32398cf2aee0200536848c685cf8da8c0fc439dc5ea0c,1,0.03872042894363403,0.7437245845794678,0.14945080876350403
P06,4,0c066a6530f05a89f4087c0278dab449ec735118b588baf024133c40647c0767:999c822946c3ba0b1ba32398cf2aee0200536848c685cf8da8c0fc439dc5ea0c,3,0.0399705246090889,0.7310468554496765,0.1485162079334259
P06,4,0c066a6530f05a89f4087c0278dab449ec735118b588baf024133c40647c0767:999c822946c3ba0b1ba32398cf2aee0200536848c685cf8da8c0fc439dc5ea0c,6,0.0399705246090889,0.7310468554496765,0.1485162079334259
P06,5,0c066a6530f05a89f4087c0278dab449ec735118b588baf024133c40647c0767:b84bcc00604b0f5d45b0383d3fee5eb80b760ac6cce6f75ba3b8dfbdfe20fd14,fixed,0.06792251020669937,0.5909715294837952,0.21689721941947937
P06,5,0c066a6530f05a89f4087c0278dab449ec735118b588baf024133c40647c0767:b84bcc00604b0f5d45b0383d3fee5eb80b760ac6cce6f75ba3b8dfbdfe20fd14,1,0.06146226078271866,0.6404414176940918,0.20893974602222443
P06,5,0c066a6530f05a89f4087c0278dab449ec735118b588baf024133c40647c0767:b84bcc00604b0f5d45b0383d3fee5eb80b760ac6cce6f75ba3b8dfbdfe20fd14,3,0.06218653917312622,0.6363136172294617,0.20595631003379822
P06,5,0c066a6530f05a89f4087c0278dab449ec735118b588baf024133c40647c0767:b84bcc00604b0f5d45b0383d3fee5eb80b760ac6cce6f75ba3b8dfbdfe20fd14,6,0.06218653917312622,0.6363136172294617,0.20595631003379822
P06,6,0c066a6530f05a89f4087c0278dab449ec735118b588baf024133c40647c0767:a9729e585d5348ed34aaf1f92af2a3e0ec4dadf621f955e39646fb3f1af7ce00,fixed,0.06756208837032318,0.5814064145088196,0.23464888334274292
P06,6,0c066a6530f05a89f4087c0278dab449ec735118b588baf024133c40647c0767:a9729e585d5348ed34aaf1f92af2a3e0ec4dadf621f955e39646fb3f1af7ce00,1,0.06265312433242798,0.6189848184585571,0.22700759768486023
P06,6,0c066a6530f05a89f4087c0278dab449ec735118b588baf024133c40647c0767:a9729e585d5348ed34aaf1f92af2a3e0ec4dadf621f955e39646fb3f1af7ce00,3,0.06265312433242798,0.6189848184585571,0.22700759768486023
P06,6,0c066a6530f05a89f4087c0278dab449ec735118b588baf024133c40647c0767:a9729e585d5348ed34aaf1f92af2a3e0ec4dadf621f955e39646fb3f1af7ce00,6,0.06265312433242798,0.6189848184585571,0.22700759768486023
P06,7,0c066a6530f05a89f4087c0278dab449ec735118b588baf024133c40647c0767:a0348cfeb5cdaca256c07bd58d3bd4088750b2e9853c7faba0f4bacfba46129d,fixed,0.0670701339840889,0.5728539824485779,0.24356715381145477
P06,7,0c066a6530f05a89f4087c0278dab449ec735118b588baf024133c40647c0767:a0348cfeb5cdaca256c07bd58d3bd4088750b2e9853c7faba0f4bacfba46129d,1,0.06317729502916336,0.5966476798057556,0.23554255068302155
P06,7,0c066a6530f05a89f4087c0278dab449ec735118b588baf024133c40647c0767:a0348cfeb5cdaca256c07bd58d3bd4088750b2e9853c7faba0f4bacfba46129d,3,0.06317729502916336,0.5966476798057556,0.23554255068302155
P06,7,0c066a6530f05a89f4087c0278dab449ec735118b588baf024133c40647c0767:a0348cfeb5cdaca256c07bd58d3bd4088750b2e9853c7faba0f4bacfba46129d,6,0.06317729502916336,0.5966476798057556,0.23554255068302155
P06,8,0c066a6530f05a89f4087c0278dab449ec735118b588baf024133c40647c0767:ad66feeb437d1f0d721778bce79f6d8326bd6d7e76d101eea6ea0e32ab23ab23,fixed,0.06696654111146927,0.5530668497085571,0.27116531133651733
P06,8,0c066a6530f05a89f4087c0278dab449ec735118b588baf024133c40647c0767:ad66feeb437d1f0d721778bce79f6d8326bd6d7e76d101eea6ea0e32ab23ab23,1,0.06358280777931213,0.5710340142250061,0.2616966962814331
P06,8,0c066a6530f05a89f4087c0278dab449ec735118b588baf024133c40647c0767:ad66feeb437d1f0d721778bce79f6d8326bd6d7e76d101eea6ea0e32ab23ab23,3,0.06358280777931213,0.5710340142250061,0.2616966962814331
P06,8,0c066a6530f05a89f4087c0278dab449ec735118b588baf024133c40647c0767:ad66feeb437d1f0d721778bce79f6d8326bd6d7e76d101eea6ea0e32ab23ab23,6,0.06358280777931213,0.5710340142250061,0.2616966962814331
P06,9,0c066a6530f05a89f4087c0278dab449ec735118b588baf024133c40647c0767:77acee908b5367fff308bee17f4dfb5e1154953057b0dd48eb5c1037893da094,fixed,0.06881317496299744,0.5451095104217529,0.2784115970134735
P06,9,0c066a6530f05a89f4087c0278dab449ec735118b588baf024133c40647c0767:77acee908b5367fff308bee17f4dfb5e1154953057b0dd48eb5c1037893da094,1,0.06640351563692093,0.5538173317909241,0.2803415060043335
P06,9,0c066a6530f05a89f4087c0278dab449ec735118b588baf024133c40647c0767:77acee908b5367fff308bee17f4dfb5e1154953057b0dd48eb5c1037893da094,3,0.06640351563692093,0.5538173317909241,0.2803415060043335
P06,9,0c066a6530f05a89f4087c0278dab449ec735118b588baf024133c40647c0767:77acee908b5367fff308bee17f4dfb5e1154953057b0dd48eb5c1037893da094,6,0.06660903990268707,0.5551142692565918,0.27552902698516846
P06,10,0c066a6530f05a89f4087c0278dab449ec735118b588baf024133c40647c0767:6ed13d3ef40d6478f3185145cb8c85ca6e96ba102f208a54e7a96e68e905ef6a,fixed,0.13443037867546082,0.40591657161712646,0.3830995559692383
P06,10,0c066a6530f05a89f4087c0278dab449ec735118b588baf024133c40647c0767:6ed13d3ef40d6478f3185145cb8c85ca6e96ba102f208a54e7a96e68e905ef6a,1,0.13266703486442566,0.41136685013771057,0.3867199718952179
P06,10,0c066a6530f05a89f4087c0278dab449ec735118b588baf024133c40647c0767:6ed13d3ef40d6478f3185145cb8c85ca6e96ba102f208a54e7a96e68e905ef6a,3,0.13372814655303955,0.4083770215511322,0.3900483250617981
P06,10,0c066a6530f05a89f4087c0278dab449ec735118b588baf024133c40647c0767:6ed13d3ef40d6478f3185145cb8c85ca6e96ba102f208a54e7a96e68e905ef6a,6,0.13592040538787842,0.3884945213794708,0.393435537815094
P04-fixed3,1,a3f8e0261a11f281fc3065ef628990e945e171149ea9505057a2bdf3ec691180:72f0074fe7df1b717d90d2db6df234212b5df2afc6166f11a13d73a80952dcea,fixed,0.01840371824800968,0.8883209228515625,0.031728047877550125
P04-fixed3,1,a3f8e0261a11f281fc3065ef628990e945e171149ea9505057a2bdf3ec691180:72f0074fe7df1b717d90d2db6df234212b5df2afc6166f11a13d73a80952dcea,1,0.01840371824800968,0.8883209228515625,0.031728047877550125
P04-fixed3,1,a3f8e0261a11f281fc3065ef628990e945e171149ea9505057a2bdf3ec691180:72f0074fe7df1b717d90d2db6df234212b5df2afc6166f11a13d73a80952dcea,3,0.01840371824800968,0.8883209228515625,0.031728047877550125
P04-fixed3,1,a3f8e0261a11f281fc3065ef628990e945e171149ea9505057a2bdf3ec691180:72f0074fe7df1b717d90d2db6df234212b5df2afc6166f11a13d73a80952dcea,6,0.01840371824800968,0.8883209228515625,0.031728047877550125
P04-fixed3,2,a3f8e0261a11f281fc3065ef628990e945e171149ea9505057a2bdf3ec691180:06b5c9dc02fbf13fc15f528b85b948100afb06fac95032453399dab4f05e8cb7,fixed,0.025968050584197044,0.8348621726036072,0.05477737635374069
P04-fixed3,2,a3f8e0261a11f281fc3065ef628990e945e171149ea9505057a2bdf3ec691180:06b5c9dc02fbf13fc15f528b85b948100afb06fac95032453399dab4f05e8cb7,1,0.023362623527646065,0.8567665219306946,0.05424788221716881
P04-fixed3,2,a3f8e0261a11f281fc3065ef628990e945e171149ea9505057a2bdf3ec691180:06b5c9dc02fbf13fc15f528b85b948100afb06fac95032453399dab4f05e8cb7,3,0.023362623527646065,0.8567665219306946,0.05424788221716881
P04-fixed3,2,a3f8e0261a11f281fc3065ef628990e945e171149ea9505057a2bdf3ec691180:06b5c9dc02fbf13fc15f528b85b948100afb06fac95032453399dab4f05e8cb7,6,0.023362623527646065,0.8567665219306946,0.05424788221716881
P04-fixed3,3,a3f8e0261a11f281fc3065ef628990e945e171149ea9505057a2bdf3ec691180:fd9030e0ebd440bbeb4792bbf6b179300e8a955231e8966d01c9dc2613009445,fixed,0.018093613907694817,0.8852024078369141,0.033253010362386703
P04-fixed3,3,a3f8e0261a11f281fc3065ef628990e945e171149ea9505057a2bdf3ec691180:fd9030e0ebd440bbeb4792bbf6b179300e8a955231e8966d01c9dc2613009445,1,0.018137197941541672,0.8782609105110168,0.03545316308736801
P04-fixed3,3,a3f8e0261a11f281fc3065ef628990e945e171149ea9505057a2bdf3ec691180:fd9030e0ebd440bbeb4792bbf6b179300e8a955231e8966d01c9dc2613009445,3,0.018137197941541672,0.8782609105110168,0.03545316308736801
P04-fixed3,3,a3f8e0261a11f281fc3065ef628990e945e171149ea9505057a2bdf3ec691180:fd9030e0ebd440bbeb4792bbf6b179300e8a955231e8966d01c9dc2613009445,6,0.018137197941541672,0.8782609105110168,0.03545316308736801
P04-fixed3,4,a3f8e0261a11f281fc3065ef628990e945e171149ea9505057a2bdf3ec691180:610444a04d2071dc68c45c67ea694bbe73d1fc08a0e46a256fb95b25dec271c3,fixed,0.035345517098903656,0.8041757941246033,0.07039143145084381
P04-fixed3,4,a3f8e0261a11f281fc3065ef628990e945e171149ea9505057a2bdf3ec691180:610444a04d2071dc68c45c67ea694bbe73d1fc08a0e46a256fb95b25dec271c3,1,0.03231314942240715,0.8285881876945496,0.06927867233753204
P04-fixed3,4,a3f8e0261a11f281fc3065ef628990e945e171149ea9505057a2bdf3ec691180:610444a04d2071dc68c45c67ea694bbe73d1fc08a0e46a256fb95b25dec271c3,3,0.03527210280299187,0.800224244594574,0.07201632857322693
P04-fixed3,4,a3f8e0261a11f281fc3065ef628990e945e171149ea9505057a2bdf3ec691180:610444a04d2071dc68c45c67ea694bbe73d1fc08a0e46a256fb95b25dec271c3,6,0.03527210280299187,0.800224244594574,0.07201632857322693
P04-fixed3,5,a3f8e0261a11f281fc3065ef628990e945e171149ea9505057a2bdf3ec691180:9733909576b2d9bb26aed98bdbe9e1b437d62b11ade73b89c980b1f866d6c745,fixed,0.20014876127243042,0.28137946128845215,0.5144404768943787
P04-fixed3,5,a3f8e0261a11f281fc3065ef628990e945e171149ea9505057a2bdf3ec691180:9733909576b2d9bb26aed98bdbe9e1b437d62b11ade73b89c980b1f866d6c745,1,0.09146071970462799,0.5405318140983582,0.1740308552980423
P04-fixed3,5,a3f8e0261a11f281fc3065ef628990e945e171149ea9505057a2bdf3ec691180:9733909576b2d9bb26aed98bdbe9e1b437d62b11ade73b89c980b1f866d6c745,3,0.09146071970462799,0.5405318140983582,0.1740308552980423
P04-fixed3,5,a3f8e0261a11f281fc3065ef628990e945e171149ea9505057a2bdf3ec691180:9733909576b2d9bb26aed98bdbe9e1b437d62b11ade73b89c980b1f866d6c745,6,0.09187956154346466,0.5375612378120422,0.1744469404220581
P04-fixed3,6,a3f8e0261a11f281fc3065ef628990e945e171149ea9505057a2bdf3ec691180:f82b496989668c7523ce98f6f322fed5f4b0c62c48bfc767e7e40ac7d88ad421,fixed,0.11808444559574127,0.46854367852211,0.23934999108314514
P04-fixed3,6,a3f8e0261a11f281fc3065ef628990e945e171149ea9505057a2bdf3ec691180:f82b496989668c7523ce98f6f322fed5f4b0c62c48bfc767e7e40ac7d88ad421,1,0.07823135703802109,0.6631171107292175,0.14190733432769775
P04-fixed3,6,a3f8e0261a11f281fc3065ef628990e945e171149ea9505057a2bdf3ec691180:f82b496989668c7523ce98f6f322fed5f4b0c62c48bfc767e7e40ac7d88ad421,3,0.07823135703802109,0.6631171107292175,0.14190733432769775
P04-fixed3,6,a3f8e0261a11f281fc3065ef628990e945e171149ea9505057a2bdf3ec691180:f82b496989668c7523ce98f6f322fed5f4b0c62c48bfc767e7e40ac7d88ad421,6,0.08089078217744827,0.6428778767585754,0.1426379233598709
P04-fixed3,7,a3f8e0261a11f281fc3065ef628990e945e171149ea9505057a2bdf3ec691180:66d22f872d5942633870b0ffba1efd8b66dbe448111b726b71ea37dea445fee0,fixed,0.11908809095621109,0.4622059166431427,0.2421887218952179
P04-fixed3,7,a3f8e0261a11f281fc3065ef628990e945e171149ea9505057a2bdf3ec691180:66d22f872d5942633870b0ffba1efd8b66dbe448111b726b71ea37dea445fee0,1,0.08072896301746368,0.6453781127929688,0.15010370314121246
P04-fixed3,7,a3f8e0261a11f281fc3065ef628990e945e171149ea9505057a2bdf3ec691180:66d22f872d5942633870b0ffba1efd8b66dbe448111b726b71ea37dea445fee0,3,0.08072896301746368,0.6453781127929688,0.15010370314121246
P04-fixed3,7,a3f8e0261a11f281fc3065ef628990e945e171149ea9505057a2bdf3ec691180:66d22f872d5942633870b0ffba1efd8b66dbe448111b726b71ea37dea445fee0,6,0.08629722893238068,0.6005801558494568,0.1538427621126175
P04-fixed3,8,a3f8e0261a11f281fc3065ef628990e945e171149ea9505057a2bdf3ec691180:c7670b999d9252ef617d6cbbec3e54b1336560d72a7f72f15a8e106bb7c9d4db,fixed,0.12065834552049637,0.4554166793823242,0.25079846382141113
P04-fixed3,8,a3f8e0261a11f281fc3065ef628990e945e171149ea9505057a2bdf3ec691180:c7670b999d9252ef617d6cbbec3e54b1336560d72a7f72f15a8e106bb7c9d4db,1,0.08268927037715912,0.6330306529998779,0.15840576589107513
P04-fixed3,8,a3f8e0261a11f281fc3065ef628990e945e171149ea9505057a2bdf3ec691180:c7670b999d9252ef617d6cbbec3e54b1336560d72a7f72f15a8e106bb7c9d4db,3,0.08268927037715912,0.6330306529998779,0.15840576589107513
P04-fixed3,8,a3f8e0261a11f281fc3065ef628990e945e171149ea9505057a2bdf3ec691180:c7670b999d9252ef617d6cbbec3e54b1336560d72a7f72f15a8e106bb7c9d4db,6,0.08486414700746536,0.6174279451370239,0.15828922390937805
P04-fixed3,9,a3f8e0261a11f281fc3065ef628990e945e171149ea9505057a2bdf3ec691180:e73b8f420ce7b7adf3c6acd1e27c331defc6156df9568637b292a35bdf744403,fixed,0.07454399019479752,0.6816647052764893,0.12434537708759308
P04-fixed3,9,a3f8e0261a11f281fc3065ef628990e945e171149ea9505057a2bdf3ec691180:e73b8f420ce7b7adf3c6acd1e27c331defc6156df9568637b292a35bdf744403,1,0.06691709905862808,0.7186379432678223,0.11317670345306396
P04-fixed3,9,a3f8e0261a11f281fc3065ef628990e945e171149ea9505057a2bdf3ec691180:e73b8f420ce7b7adf3c6acd1e27c331defc6156df9568637b292a35bdf744403,3,0.07073676586151123,0.6744562983512878,0.12051418423652649
P04-fixed3,9,a3f8e0261a11f281fc3065ef628990e945e171149ea9505057a2bdf3ec691180:e73b8f420ce7b7adf3c6acd1e27c331defc6156df9568637b292a35bdf744403,6,0.07073676586151123,0.6744562983512878,0.12051418423652649
P04-fixed3,10,a3f8e0261a11f281fc3065ef628990e945e171149ea9505057a2bdf3ec691180:95baf932315b5b66c219615243b71698caa3712c3a211d894c8e981a14e2def0,fixed,0.1456567794084549,0.5448765754699707,0.22375284135341644
P04-fixed3,10,a3f8e0261a11f281fc3065ef628990e945e171149ea9505057a2bdf3ec691180:95baf932315b5b66c219615243b71698caa3712c3a211d894c8e981a14e2def0,1,0.14039720594882965,0.5727579593658447,0.21751651167869568
P04-fixed3,10,a3f8e0261a11f281fc3065ef628990e945e171149ea9505057a2bdf3ec691180:95baf932315b5b66c219615243b71698caa3712c3a211d894c8e981a14e2def0,3,0.14233317971229553,0.5573118925094604,0.2198472023010254
P04-fixed3,10,a3f8e0261a11f281fc3065ef628990e945e171149ea9505057a2bdf3ec691180:95baf932315b5b66c219615243b71698caa3712c3a211d894c8e981a14e2def0,6,0.1456567794084549,0.5448765754699707,0.22375284135341644
P04-triggered,1,a3f8e0261a11f281fc3065ef628990e945e171149ea9505057a2bdf3ec691180:72f0074fe7df1b717d90d2db6df234212b5df2afc6166f11a13d73a80952dcea,fixed,0.01840371824800968,0.8883209228515625,0.031728047877550125
P04-triggered,1,a3f8e0261a11f281fc3065ef628990e945e171149ea9505057a2bdf3ec691180:72f0074fe7df1b717d90d2db6df234212b5df2afc6166f11a13d73a80952dcea,1,0.01840371824800968,0.8883209228515625,0.031728047877550125
P04-triggered,1,a3f8e0261a11f281fc3065ef628990e945e171149ea9505057a2bdf3ec691180:72f0074fe7df1b717d90d2db6df234212b5df2afc6166f11a13d73a80952dcea,3,0.01840371824800968,0.8883209228515625,0.031728047877550125
P04-triggered,1,a3f8e0261a11f281fc3065ef628990e945e171149ea9505057a2bdf3ec691180:72f0074fe7df1b717d90d2db6df234212b5df2afc6166f11a13d73a80952dcea,6,0.01840371824800968,0.8883209228515625,0.031728047877550125
P04-triggered,2,a3f8e0261a11f281fc3065ef628990e945e171149ea9505057a2bdf3ec691180:06b5c9dc02fbf13fc15f528b85b948100afb06fac95032453399dab4f05e8cb7,fixed,0.025968050584197044,0.8348621726036072,0.05477737635374069
P04-triggered,2,a3f8e0261a11f281fc3065ef628990e945e171149ea9505057a2bdf3ec691180:06b5c9dc02fbf13fc15f528b85b948100afb06fac95032453399dab4f05e8cb7,1,0.023362623527646065,0.8567665219306946,0.05424788221716881
P04-triggered,2,a3f8e0261a11f281fc3065ef628990e945e171149ea9505057a2bdf3ec691180:06b5c9dc02fbf13fc15f528b85b948100afb06fac95032453399dab4f05e8cb7,3,0.023362623527646065,0.8567665219306946,0.05424788221716881
P04-triggered,2,a3f8e0261a11f281fc3065ef628990e945e171149ea9505057a2bdf3ec691180:06b5c9dc02fbf13fc15f528b85b948100afb06fac95032453399dab4f05e8cb7,6,0.023362623527646065,0.8567665219306946,0.05424788221716881
P04-triggered,3,a3f8e0261a11f281fc3065ef628990e945e171149ea9505057a2bdf3ec691180:fd9030e0ebd440bbeb4792bbf6b179300e8a955231e8966d01c9dc2613009445,fixed,0.018093613907694817,0.8852024078369141,0.033253010362386703
P04-triggered,3,a3f8e0261a11f281fc3065ef628990e945e171149ea9505057a2bdf3ec691180:fd9030e0ebd440bbeb4792bbf6b179300e8a955231e8966d01c9dc2613009445,1,0.018137197941541672,0.8782609105110168,0.03545316308736801
P04-triggered,3,a3f8e0261a11f281fc3065ef628990e945e171149ea9505057a2bdf3ec691180:fd9030e0ebd440bbeb4792bbf6b179300e8a955231e8966d01c9dc2613009445,3,0.018137197941541672,0.8782609105110168,0.03545316308736801
P04-triggered,3,a3f8e0261a11f281fc3065ef628990e945e171149ea9505057a2bdf3ec691180:fd9030e0ebd440bbeb4792bbf6b179300e8a955231e8966d01c9dc2613009445,6,0.018137197941541672,0.8782609105110168,0.03545316308736801
P04-triggered,4,a3f8e0261a11f281fc3065ef628990e945e171149ea9505057a2bdf3ec691180:0dad891319963f217bc8f572380689d59a5e4c3a16af6d3a9f181c7399fef472,fixed,0.026393255218863487,0.8662427067756653,0.058615006506443024
P04-triggered,4,a3f8e0261a11f281fc3065ef628990e945e171149ea9505057a2bdf3ec691180:0dad891319963f217bc8f572380689d59a5e4c3a16af6d3a9f181c7399fef472,1,0.026393255218863487,0.8662427067756653,0.058615006506443024
P04-triggered,4,a3f8e0261a11f281fc3065ef628990e945e171149ea9505057a2bdf3ec691180:0dad891319963f217bc8f572380689d59a5e4c3a16af6d3a9f181c7399fef472,3,0.03145251423120499,0.8049346804618835,0.06547147035598755
P04-triggered,4,a3f8e0261a11f281fc3065ef628990e945e171149ea9505057a2bdf3ec691180:0dad891319963f217bc8f572380689d59a5e4c3a16af6d3a9f181c7399fef472,6,0.03195105865597725,0.7913746237754822,0.06571666896343231
P04-triggered,5,a3f8e0261a11f281fc3065ef628990e945e171149ea9505057a2bdf3ec691180:36e4aacca1f0e0f9d1f647dfc4f8b02e75f31fca083b8cfced9aff3ea0d67803,fixed,0.09568075835704803,0.5687956809997559,0.18760992586612701
P04-triggered,5,a3f8e0261a11f281fc3065ef628990e945e171149ea9505057a2bdf3ec691180:36e4aacca1f0e0f9d1f647dfc4f8b02e75f31fca083b8cfced9aff3ea0d67803,1,0.07467646896839142,0.6490752696990967,0.13018178939819336
P04-triggered,5,a3f8e0261a11f281fc3065ef628990e945e171149ea9505057a2bdf3ec691180:36e4aacca1f0e0f9d1f647dfc4f8b02e75f31fca083b8cfced9aff3ea0d67803,3,0.07467646896839142,0.6490752696990967,0.13018178939819336
P04-triggered,5,a3f8e0261a11f281fc3065ef628990e945e171149ea9505057a2bdf3ec691180:36e4aacca1f0e0f9d1f647dfc4f8b02e75f31fca083b8cfced9aff3ea0d67803,6,0.07467646896839142,0.6490752696990967,0.13018178939819336
P04-triggered,6,a3f8e0261a11f281fc3065ef628990e945e171149ea9505057a2bdf3ec691180:f82b496989668c7523ce98f6f322fed5f4b0c62c48bfc767e7e40ac7d88ad421,fixed,0.11808444559574127,0.46854367852211,0.23934999108314514
P04-triggered,6,a3f8e0261a11f281fc3065ef628990e945e171149ea9505057a2bdf3ec691180:f82b496989668c7523ce98f6f322fed5f4b0c62c48bfc767e7e40ac7d88ad421,1,0.07823135703802109,0.6631171107292175,0.14190733432769775
P04-triggered,6,a3f8e0261a11f281fc3065ef628990e945e171149ea9505057a2bdf3ec691180:f82b496989668c7523ce98f6f322fed5f4b0c62c48bfc767e7e40ac7d88ad421,3,0.07823135703802109,0.6631171107292175,0.14190733432769775
P04-triggered,6,a3f8e0261a11f281fc3065ef628990e945e171149ea9505057a2bdf3ec691180:f82b496989668c7523ce98f6f322fed5f4b0c62c48bfc767e7e40ac7d88ad421,6,0.08089078217744827,0.6428778767585754,0.1426379233598709
P04-triggered,7,a3f8e0261a11f281fc3065ef628990e945e171149ea9505057a2bdf3ec691180:c232ff01835bf0e4dfecaa22e4fd006c07f29a84ce13ce0da227edc4f3ff397f,fixed,0.03167292848229408,0.8630642294883728,0.06362206488847733
P04-triggered,7,a3f8e0261a11f281fc3065ef628990e945e171149ea9505057a2bdf3ec691180:c232ff01835bf0e4dfecaa22e4fd006c07f29a84ce13ce0da227edc4f3ff397f,1,0.03250129148364067,0.850684642791748,0.0666557252407074
P04-triggered,7,a3f8e0261a11f281fc3065ef628990e945e171149ea9505057a2bdf3ec691180:c232ff01835bf0e4dfecaa22e4fd006c07f29a84ce13ce0da227edc4f3ff397f,3,0.03250129148364067,0.850684642791748,0.0666557252407074
P04-triggered,7,a3f8e0261a11f281fc3065ef628990e945e171149ea9505057a2bdf3ec691180:c232ff01835bf0e4dfecaa22e4fd006c07f29a84ce13ce0da227edc4f3ff397f,6,0.03805570676922798,0.7870244383811951,0.06985662877559662
P04-triggered,8,a3f8e0261a11f281fc3065ef628990e945e171149ea9505057a2bdf3ec691180:3014d2c1bde808ff66c027895de2e1ee37d9d75dd5307dce2d7ddfe17b9ab39f,fixed,0.04390442743897438,0.8412739634513855,0.08152759820222855
P04-triggered,8,a3f8e0261a11f281fc3065ef628990e945e171149ea9505057a2bdf3ec691180:3014d2c1bde808ff66c027895de2e1ee37d9d75dd5307dce2d7ddfe17b9ab39f,1,0.04390442743897438,0.8412739634513855,0.08152759820222855
P04-triggered,8,a3f8e0261a11f281fc3065ef628990e945e171149ea9505057a2bdf3ec691180:3014d2c1bde808ff66c027895de2e1ee37d9d75dd5307dce2d7ddfe17b9ab39f,3,0.04752016440033913,0.7983755469322205,0.08751408755779266
P04-triggered,8,a3f8e0261a11f281fc3065ef628990e945e171149ea9505057a2bdf3ec691180:3014d2c1bde808ff66c027895de2e1ee37d9d75dd5307dce2d7ddfe17b9ab39f,6,0.053052566945552826,0.7344693541526794,0.09448090195655823
P04-triggered,9,a3f8e0261a11f281fc3065ef628990e945e171149ea9505057a2bdf3ec691180:e73b8f420ce7b7adf3c6acd1e27c331defc6156df9568637b292a35bdf744403,fixed,0.07454399019479752,0.6816647052764893,0.12434537708759308
P04-triggered,9,a3f8e0261a11f281fc3065ef628990e945e171149ea9505057a2bdf3ec691180:e73b8f420ce7b7adf3c6acd1e27c331defc6156df9568637b292a35bdf744403,1,0.06691709905862808,0.7186379432678223,0.11317670345306396
P04-triggered,9,a3f8e0261a11f281fc3065ef628990e945e171149ea9505057a2bdf3ec691180:e73b8f420ce7b7adf3c6acd1e27c331defc6156df9568637b292a35bdf744403,3,0.07073676586151123,0.6744562983512878,0.12051418423652649
P04-triggered,9,a3f8e0261a11f281fc3065ef628990e945e171149ea9505057a2bdf3ec691180:e73b8f420ce7b7adf3c6acd1e27c331defc6156df9568637b292a35bdf744403,6,0.07073676586151123,0.6744562983512878,0.12051418423652649
P04-triggered,10,a3f8e0261a11f281fc3065ef628990e945e171149ea9505057a2bdf3ec691180:58cf0a97042c8d759c39b05ac806a834666f5b16faa12492af10149e9be2adcf,fixed,0.14220327138900757,0.694753885269165,0.18617664277553558
P04-triggered,10,a3f8e0261a11f281fc3065ef628990e945e171149ea9505057a2bdf3ec691180:58cf0a97042c8d759c39b05ac806a834666f5b16faa12492af10149e9be2adcf,1,0.14352057874202728,0.6712606549263,0.18759576976299286
P04-triggered,10,a3f8e0261a11f281fc3065ef628990e945e171149ea9505057a2bdf3ec691180:58cf0a97042c8d759c39b05ac806a834666f5b16faa12492af10149e9be2adcf,3,0.14823032915592194,0.6199067234992981,0.19212482869625092
P04-triggered,10,a3f8e0261a11f281fc3065ef628990e945e171149ea9505057a2bdf3ec691180:58cf0a97042c8d759c39b05ac806a834666f5b16faa12492af10149e9be2adcf,6,0.15904510021209717,0.5249489545822144,0.20823490619659424
P04-once-triggered,1,a3f8e0261a11f281fc3065ef628990e945e171149ea9505057a2bdf3ec691180:72f0074fe7df1b717d90d2db6df234212b5df2afc6166f11a13d73a80952dcea,fixed,0.01840371824800968,0.8883209228515625,0.031728047877550125
P04-once-triggered,1,a3f8e0261a11f281fc3065ef628990e945e171149ea9505057a2bdf3ec691180:72f0074fe7df1b717d90d2db6df234212b5df2afc6166f11a13d73a80952dcea,1,0.01840371824800968,0.8883209228515625,0.031728047877550125
P04-once-triggered,1,a3f8e0261a11f281fc3065ef628990e945e171149ea9505057a2bdf3ec691180:72f0074fe7df1b717d90d2db6df234212b5df2afc6166f11a13d73a80952dcea,3,0.01840371824800968,0.8883209228515625,0.031728047877550125
P04-once-triggered,1,a3f8e0261a11f281fc3065ef628990e945e171149ea9505057a2bdf3ec691180:72f0074fe7df1b717d90d2db6df234212b5df2afc6166f11a13d73a80952dcea,6,0.01840371824800968,0.8883209228515625,0.031728047877550125
P04-once-triggered,2,a3f8e0261a11f281fc3065ef628990e945e171149ea9505057a2bdf3ec691180:06b5c9dc02fbf13fc15f528b85b948100afb06fac95032453399dab4f05e8cb7,fixed,0.025968050584197044,0.8348621726036072,0.05477737635374069
P04-once-triggered,2,a3f8e0261a11f281fc3065ef628990e945e171149ea9505057a2bdf3ec691180:06b5c9dc02fbf13fc15f528b85b948100afb06fac95032453399dab4f05e8cb7,1,0.023362623527646065,0.8567665219306946,0.05424788221716881
P04-once-triggered,2,a3f8e0261a11f281fc3065ef628990e945e171149ea9505057a2bdf3ec691180:06b5c9dc02fbf13fc15f528b85b948100afb06fac95032453399dab4f05e8cb7,3,0.023362623527646065,0.8567665219306946,0.05424788221716881
P04-once-triggered,2,a3f8e0261a11f281fc3065ef628990e945e171149ea9505057a2bdf3ec691180:06b5c9dc02fbf13fc15f528b85b948100afb06fac95032453399dab4f05e8cb7,6,0.023362623527646065,0.8567665219306946,0.05424788221716881
P04-once-triggered,3,a3f8e0261a11f281fc3065ef628990e945e171149ea9505057a2bdf3ec691180:fd9030e0ebd440bbeb4792bbf6b179300e8a955231e8966d01c9dc2613009445,fixed,0.018093613907694817,0.8852024078369141,0.033253010362386703
P04-once-triggered,3,a3f8e0261a11f281fc3065ef628990e945e171149ea9505057a2bdf3ec691180:fd9030e0ebd440bbeb4792bbf6b179300e8a955231e8966d01c9dc2613009445,1,0.018137197941541672,0.8782609105110168,0.03545316308736801
P04-once-triggered,3,a3f8e0261a11f281fc3065ef628990e945e171149ea9505057a2bdf3ec691180:fd9030e0ebd440bbeb4792bbf6b179300e8a955231e8966d01c9dc2613009445,3,0.018137197941541672,0.8782609105110168,0.03545316308736801
P04-once-triggered,3,a3f8e0261a11f281fc3065ef628990e945e171149ea9505057a2bdf3ec691180:fd9030e0ebd440bbeb4792bbf6b179300e8a955231e8966d01c9dc2613009445,6,0.018137197941541672,0.8782609105110168,0.03545316308736801
P04-once-triggered,4,a3f8e0261a11f281fc3065ef628990e945e171149ea9505057a2bdf3ec691180:610444a04d2071dc68c45c67ea694bbe73d1fc08a0e46a256fb95b25dec271c3,fixed,0.035345517098903656,0.8041757941246033,0.07039143145084381
P04-once-triggered,4,a3f8e0261a11f281fc3065ef628990e945e171149ea9505057a2bdf3ec691180:610444a04d2071dc68c45c67ea694bbe73d1fc08a0e46a256fb95b25dec271c3,1,0.03231314942240715,0.8285881876945496,0.06927867233753204
P04-once-triggered,4,a3f8e0261a11f281fc3065ef628990e945e171149ea9505057a2bdf3ec691180:610444a04d2071dc68c45c67ea694bbe73d1fc08a0e46a256fb95b25dec271c3,3,0.03527210280299187,0.800224244594574,0.07201632857322693
P04-once-triggered,4,a3f8e0261a11f281fc3065ef628990e945e171149ea9505057a2bdf3ec691180:610444a04d2071dc68c45c67ea694bbe73d1fc08a0e46a256fb95b25dec271c3,6,0.03527210280299187,0.800224244594574,0.07201632857322693
P04-once-triggered,5,a3f8e0261a11f281fc3065ef628990e945e171149ea9505057a2bdf3ec691180:9733909576b2d9bb26aed98bdbe9e1b437d62b11ade73b89c980b1f866d6c745,fixed,0.20014876127243042,0.28137946128845215,0.5144404768943787
P04-once-triggered,5,a3f8e0261a11f281fc3065ef628990e945e171149ea9505057a2bdf3ec691180:9733909576b2d9bb26aed98bdbe9e1b437d62b11ade73b89c980b1f866d6c745,1,0.09146071970462799,0.5405318140983582,0.1740308552980423
P04-once-triggered,5,a3f8e0261a11f281fc3065ef628990e945e171149ea9505057a2bdf3ec691180:9733909576b2d9bb26aed98bdbe9e1b437d62b11ade73b89c980b1f866d6c745,3,0.09146071970462799,0.5405318140983582,0.1740308552980423
P04-once-triggered,5,a3f8e0261a11f281fc3065ef628990e945e171149ea9505057a2bdf3ec691180:9733909576b2d9bb26aed98bdbe9e1b437d62b11ade73b89c980b1f866d6c745,6,0.09187956154346466,0.5375612378120422,0.1744469404220581
P04-once-triggered,6,a3f8e0261a11f281fc3065ef628990e945e171149ea9505057a2bdf3ec691180:12f69dd691ee7c2ae4b64a616545bc18362d0eb8cc80ccacdb36a988c5e1c18c,fixed,0.20254626870155334,0.2748970687389374,0.5162861347198486
P04-once-triggered,6,a3f8e0261a11f281fc3065ef628990e945e171149ea9505057a2bdf3ec691180:12f69dd691ee7c2ae4b64a616545bc18362d0eb8cc80ccacdb36a988c5e1c18c,1,0.09671229869127274,0.5216591954231262,0.1869426816701889
P04-once-triggered,6,a3f8e0261a11f281fc3065ef628990e945e171149ea9505057a2bdf3ec691180:12f69dd691ee7c2ae4b64a616545bc18362d0eb8cc80ccacdb36a988c5e1c18c,3,0.09671229869127274,0.5216591954231262,0.1869426816701889
P04-once-triggered,6,a3f8e0261a11f281fc3065ef628990e945e171149ea9505057a2bdf3ec691180:12f69dd691ee7c2ae4b64a616545bc18362d0eb8cc80ccacdb36a988c5e1c18c,6,0.09701801091432571,0.5206056237220764,0.18448755145072937
P04-once-triggered,7,a3f8e0261a11f281fc3065ef628990e945e171149ea9505057a2bdf3ec691180:ed5e78de5dcf7289c86cdd3e73b39327a54a02042b580ad40ffc0f3bfe6c8dc2,fixed,0.20389650762081146,0.2701603174209595,0.5141247510910034
P04-once-triggered,7,a3f8e0261a11f281fc3065ef628990e945e171149ea9505057a2bdf3ec691180:ed5e78de5dcf7289c86cdd3e73b39327a54a02042b580ad40ffc0f3bfe6c8dc2,1,0.10054251551628113,0.5116844773292542,0.19622603058815002
P04-once-triggered,7,a3f8e0261a11f281fc3065ef628990e945e171149ea9505057a2bdf3ec691180:ed5e78de5dcf7289c86cdd3e73b39327a54a02042b580ad40ffc0f3bfe6c8dc2,3,0.10054251551628113,0.5116844773292542,0.19622603058815002
P04-once-triggered,7,a3f8e0261a11f281fc3065ef628990e945e171149ea9505057a2bdf3ec691180:ed5e78de5dcf7289c86cdd3e73b39327a54a02042b580ad40ffc0f3bfe6c8dc2,6,0.10054251551628113,0.5116844773292542,0.19622603058815002
P04-once-triggered,8,a3f8e0261a11f281fc3065ef628990e945e171149ea9505057a2bdf3ec691180:66defbe52ef8d3c1bca9d90b40c30eb314733bc6787f804a4dc45fb4e386e6d8,fixed,0.2052837610244751,0.2629941403865814,0.5179169774055481
P04-once-triggered,8,a3f8e0261a11f281fc3065ef628990e945e171149ea9505057a2bdf3ec691180:66defbe52ef8d3c1bca9d90b40c30eb314733bc6787f804a4dc45fb4e386e6d8,1,0.10353370755910873,0.49560561776161194,0.2129833996295929
P04-once-triggered,8,a3f8e0261a11f281fc3065ef628990e945e171149ea9505057a2bdf3ec691180:66defbe52ef8d3c1bca9d90b40c30eb314733bc6787f804a4dc45fb4e386e6d8,3,0.10353370755910873,0.49560561776161194,0.2129833996295929
P04-once-triggered,8,a3f8e0261a11f281fc3065ef628990e945e171149ea9505057a2bdf3ec691180:66defbe52ef8d3c1bca9d90b40c30eb314733bc6787f804a4dc45fb4e386e6d8,6,0.10353370755910873,0.49560561776161194,0.2129833996295929
P04-once-triggered,9,a3f8e0261a11f281fc3065ef628990e945e171149ea9505057a2bdf3ec691180:b97c1d1ffa11687ed3c3f7f7a26a7c4540966b7adbf9b5ac185a42faf727d932,fixed,0.20779387652873993,0.25389596819877625,0.5253676772117615
P04-once-triggered,9,a3f8e0261a11f281fc3065ef628990e945e171149ea9505057a2bdf3ec691180:b97c1d1ffa11687ed3c3f7f7a26a7c4540966b7adbf9b5ac185a42faf727d932,1,0.10927293449640274,0.4742738902568817,0.2338399440050125
P04-once-triggered,9,a3f8e0261a11f281fc3065ef628990e945e171149ea9505057a2bdf3ec691180:b97c1d1ffa11687ed3c3f7f7a26a7c4540966b7adbf9b5ac185a42faf727d932,3,0.10927293449640274,0.4742738902568817,0.2338399440050125
P04-once-triggered,9,a3f8e0261a11f281fc3065ef628990e945e171149ea9505057a2bdf3ec691180:b97c1d1ffa11687ed3c3f7f7a26a7c4540966b7adbf9b5ac185a42faf727d932,6,0.10927293449640274,0.4742738902568817,0.2338399440050125
P04-once-triggered,10,a3f8e0261a11f281fc3065ef628990e945e171149ea9505057a2bdf3ec691180:b6a2c4009c53b8aea88d7283cfd6016770b1b84e3a4fd98c5a025434d23c844d,fixed,0.2465388923883438,0.22978626191616058,0.5694571733474731
P04-once-triggered,10,a3f8e0261a11f281fc3065ef628990e945e171149ea9505057a2bdf3ec691180:b6a2c4009c53b8aea88d7283cfd6016770b1b84e3a4fd98c5a025434d23c844d,1,0.17855381965637207,0.3952031135559082,0.3046590983867645
P04-once-triggered,10,a3f8e0261a11f281fc3065ef628990e945e171149ea9505057a2bdf3ec691180:b6a2c4009c53b8aea88d7283cfd6016770b1b84e3a4fd98c5a025434d23c844d,3,0.17855381965637207,0.3952031135559082,0.3046590983867645
P04-once-triggered,10,a3f8e0261a11f281fc3065ef628990e945e171149ea9505057a2bdf3ec691180:b6a2c4009c53b8aea88d7283cfd6016770b1b84e3a4fd98c5a025434d23c844d,6,0.1798938512802124,0.38166841864585876,0.3109320104122162
P05-once-triggered,1,8f3f729c8cb4a53b9ef2584e810673ee5b7133b5ea9263b75b77e0a1c6866bc2:6d9106aa3aadeeb985b1878c5509ce0f5da341b972cfbce4be9c79454841b09d,fixed,0.015822634100914,0.8821151256561279,0.048692625015974045
P05-once-triggered,1,8f3f729c8cb4a53b9ef2584e810673ee5b7133b5ea9263b75b77e0a1c6866bc2:6d9106aa3aadeeb985b1878c5509ce0f5da341b972cfbce4be9c79454841b09d,1,0.015822634100914,0.8821151256561279,0.048692625015974045
P05-once-triggered,1,8f3f729c8cb4a53b9ef2584e810673ee5b7133b5ea9263b75b77e0a1c6866bc2:6d9106aa3aadeeb985b1878c5509ce0f5da341b972cfbce4be9c79454841b09d,3,0.015822634100914,0.8821151256561279,0.048692625015974045
P05-once-triggered,1,8f3f729c8cb4a53b9ef2584e810673ee5b7133b5ea9263b75b77e0a1c6866bc2:6d9106aa3aadeeb985b1878c5509ce0f5da341b972cfbce4be9c79454841b09d,6,0.017926130443811417,0.8482168316841125,0.050030529499053955
P05-once-triggered,2,8f3f729c8cb4a53b9ef2584e810673ee5b7133b5ea9263b75b77e0a1c6866bc2:9f6a838878b3f1decc1d3ca93b43e2c5ac6484f3d7ac4f2b87fc81e56182f099,fixed,0.01782056875526905,0.858210027217865,0.04252468794584274
P05-once-triggered,2,8f3f729c8cb4a53b9ef2584e810673ee5b7133b5ea9263b75b77e0a1c6866bc2:9f6a838878b3f1decc1d3ca93b43e2c5ac6484f3d7ac4f2b87fc81e56182f099,1,0.017842967063188553,0.8493397235870361,0.04483744874596596
P05-once-triggered,2,8f3f729c8cb4a53b9ef2584e810673ee5b7133b5ea9263b75b77e0a1c6866bc2:9f6a838878b3f1decc1d3ca93b43e2c5ac6484f3d7ac4f2b87fc81e56182f099,3,0.017842967063188553,0.8493397235870361,0.04483744874596596
P05-once-triggered,2,8f3f729c8cb4a53b9ef2584e810673ee5b7133b5ea9263b75b77e0a1c6866bc2:9f6a838878b3f1decc1d3ca93b43e2c5ac6484f3d7ac4f2b87fc81e56182f099,6,0.017842967063188553,0.8493397235870361,0.04483744874596596
P05-once-triggered,3,8f3f729c8cb4a53b9ef2584e810673ee5b7133b5ea9263b75b77e0a1c6866bc2:ce8aef69f27f1412a382ef592c2a90f03f59e77557aa84b3e5ce87b17bff810d,fixed,0.022932985797524452,0.8179461359977722,0.06708072125911713
P05-once-triggered,3,8f3f729c8cb4a53b9ef2584e810673ee5b7133b5ea9263b75b77e0a1c6866bc2:ce8aef69f27f1412a382ef592c2a90f03f59e77557aa84b3e5ce87b17bff810d,1,0.021523045375943184,0.8244522213935852,0.0665690004825592
P05-once-triggered,3,8f3f729c8cb4a53b9ef2584e810673ee5b7133b5ea9263b75b77e0a1c6866bc2:ce8aef69f27f1412a382ef592c2a90f03f59e77557aa84b3e5ce87b17bff810d,3,0.021523045375943184,0.8244522213935852,0.0665690004825592
P05-once-triggered,3,8f3f729c8cb4a53b9ef2584e810673ee5b7133b5ea9263b75b77e0a1c6866bc2:ce8aef69f27f1412a382ef592c2a90f03f59e77557aa84b3e5ce87b17bff810d,6,0.02126418799161911,0.8317219614982605,0.0623440220952034
P05-once-triggered,4,8f3f729c8cb4a53b9ef2584e810673ee5b7133b5ea9263b75b77e0a1c6866bc2:dfa488159b0fac00006f32601cdf77fff1babb74cead1c45a69000ea12c8b78e,fixed,0.04443921148777008,0.7202920913696289,0.1104809120297432
P05-once-triggered,4,8f3f729c8cb4a53b9ef2584e810673ee5b7133b5ea9263b75b77e0a1c6866bc2:dfa488159b0fac00006f32601cdf77fff1babb74cead1c45a69000ea12c8b78e,1,0.041033785790205,0.7443738579750061,0.10807456076145172
P05-once-triggered,4,8f3f729c8cb4a53b9ef2584e810673ee5b7133b5ea9263b75b77e0a1c6866bc2:dfa488159b0fac00006f32601cdf77fff1babb74cead1c45a69000ea12c8b78e,3,0.041033785790205,0.7443738579750061,0.10807456076145172
P05-once-triggered,4,8f3f729c8cb4a53b9ef2584e810673ee5b7133b5ea9263b75b77e0a1c6866bc2:dfa488159b0fac00006f32601cdf77fff1babb74cead1c45a69000ea12c8b78e,6,0.04694223031401634,0.6784891486167908,0.12104228138923645
P05-once-triggered,5,8f3f729c8cb4a53b9ef2584e810673ee5b7133b5ea9263b75b77e0a1c6866bc2:f7fe333332c317e33fec8664693bf0483d5d72c2ae7ee5f91e1cefe5ea954ef9,fixed,0.06353718787431717,0.7343623042106628,0.1327250897884369
P05-once-triggered,5,8f3f729c8cb4a53b9ef2584e810673ee5b7133b5ea9263b75b77e0a1c6866bc2:f7fe333332c317e33fec8664693bf0483d5d72c2ae7ee5f91e1cefe5ea954ef9,1,0.06314191222190857,0.738257884979248,0.13195882737636566
P05-once-triggered,5,8f3f729c8cb4a53b9ef2584e810673ee5b7133b5ea9263b75b77e0a1c6866bc2:f7fe333332c317e33fec8664693bf0483d5d72c2ae7ee5f91e1cefe5ea954ef9,3,0.0640193298459053,0.7160318493843079,0.13449569046497345
P05-once-triggered,5,8f3f729c8cb4a53b9ef2584e810673ee5b7133b5ea9263b75b77e0a1c6866bc2:f7fe333332c317e33fec8664693bf0483d5d72c2ae7ee5f91e1cefe5ea954ef9,6,0.0640193298459053,0.7160318493843079,0.13449569046497345
P05-once-triggered,6,8f3f729c8cb4a53b9ef2584e810673ee5b7133b5ea9263b75b77e0a1c6866bc2:f12c166e93b3d5cf51045d322c328520707b838c0796a3cc8cfe5d44115e9e72,fixed,0.06906642764806747,0.6937413811683655,0.1533958911895752
P05-once-triggered,6,8f3f729c8cb4a53b9ef2584e810673ee5b7133b5ea9263b75b77e0a1c6866bc2:f12c166e93b3d5cf51045d322c328520707b838c0796a3cc8cfe5d44115e9e72,1,0.06799371540546417,0.711096465587616,0.15335479378700256
P05-once-triggered,6,8f3f729c8cb4a53b9ef2584e810673ee5b7133b5ea9263b75b77e0a1c6866bc2:f12c166e93b3d5cf51045d322c328520707b838c0796a3cc8cfe5d44115e9e72,3,0.06837008148431778,0.6954824328422546,0.15473687648773193
P05-once-triggered,6,8f3f729c8cb4a53b9ef2584e810673ee5b7133b5ea9263b75b77e0a1c6866bc2:f12c166e93b3d5cf51045d322c328520707b838c0796a3cc8cfe5d44115e9e72,6,0.07026434689760208,0.6686513423919678,0.15586556494235992
P05-once-triggered,7,8f3f729c8cb4a53b9ef2584e810673ee5b7133b5ea9263b75b77e0a1c6866bc2:9f14b35795ca12fde1409c55896db6a39671951757892b3b49af5ca7acb579f8,fixed,0.07781306654214859,0.6688655018806458,0.16179943084716797
P05-once-triggered,7,8f3f729c8cb4a53b9ef2584e810673ee5b7133b5ea9263b75b77e0a1c6866bc2:9f14b35795ca12fde1409c55896db6a39671951757892b3b49af5ca7acb579f8,1,0.07680107653141022,0.6753848195075989,0.16583387553691864
P05-once-triggered,7,8f3f729c8cb4a53b9ef2584e810673ee5b7133b5ea9263b75b77e0a1c6866bc2:9f14b35795ca12fde1409c55896db6a39671951757892b3b49af5ca7acb579f8,3,0.07680107653141022,0.6753848195075989,0.16583387553691864
P05-once-triggered,7,8f3f729c8cb4a53b9ef2584e810673ee5b7133b5ea9263b75b77e0a1c6866bc2:9f14b35795ca12fde1409c55896db6a39671951757892b3b49af5ca7acb579f8,6,0.07789456099271774,0.657677948474884,0.1623554527759552
P05-once-triggered,8,8f3f729c8cb4a53b9ef2584e810673ee5b7133b5ea9263b75b77e0a1c6866bc2:07e5c8cfb13cdf99259683c4b5786bb84e44731afdee483cb6f2945b766d5696,fixed,0.08195889741182327,0.6380129456520081,0.1853266954421997
P05-once-triggered,8,8f3f729c8cb4a53b9ef2584e810673ee5b7133b5ea9263b75b77e0a1c6866bc2:07e5c8cfb13cdf99259683c4b5786bb84e44731afdee483cb6f2945b766d5696,1,0.08059868961572647,0.6566401124000549,0.18475526571273804
P05-once-triggered,8,8f3f729c8cb4a53b9ef2584e810673ee5b7133b5ea9263b75b77e0a1c6866bc2:07e5c8cfb13cdf99259683c4b5786bb84e44731afdee483cb6f2945b766d5696,3,0.08100602775812149,0.655870258808136,0.18559172749519348
P05-once-triggered,8,8f3f729c8cb4a53b9ef2584e810673ee5b7133b5ea9263b75b77e0a1c6866bc2:07e5c8cfb13cdf99259683c4b5786bb84e44731afdee483cb6f2945b766d5696,6,0.08059868961572647,0.6566401124000549,0.18475526571273804
P06-once-triggered,1,0c066a6530f05a89f4087c0278dab449ec735118b588baf024133c40647c0767:5d52a0d716c9c76ad725e99e9910eb81a8db5770702f0e8e02e69aafd5818e14,fixed,0.016039207577705383,0.8770872950553894,0.052219681441783905
P06-once-triggered,1,0c066a6530f05a89f4087c0278dab449ec735118b588baf024133c40647c0767:5d52a0d716c9c76ad725e99e9910eb81a8db5770702f0e8e02e69aafd5818e14,1,0.016039207577705383,0.8770872950553894,0.052219681441783905
P06-once-triggered,1,0c066a6530f05a89f4087c0278dab449ec735118b588baf024133c40647c0767:5d52a0d716c9c76ad725e99e9910eb81a8db5770702f0e8e02e69aafd5818e14,3,0.016039207577705383,0.8770872950553894,0.052219681441783905
P06-once-triggered,1,0c066a6530f05a89f4087c0278dab449ec735118b588baf024133c40647c0767:5d52a0d716c9c76ad725e99e9910eb81a8db5770702f0e8e02e69aafd5818e14,6,0.016039207577705383,0.8770872950553894,0.052219681441783905
P06-once-triggered,2,0c066a6530f05a89f4087c0278dab449ec735118b588baf024133c40647c0767:e51eb26ebbe0008b244947de63478de76cd4f4808f10f5ec209aca392a190387,fixed,0.01791081205010414,0.8638374209403992,0.04879290983080864
P06-once-triggered,2,0c066a6530f05a89f4087c0278dab449ec735118b588baf024133c40647c0767:e51eb26ebbe0008b244947de63478de76cd4f4808f10f5ec209aca392a190387,1,0.01767251268029213,0.858565092086792,0.04921363294124603
P06-once-triggered,2,0c066a6530f05a89f4087c0278dab449ec735118b588baf024133c40647c0767:e51eb26ebbe0008b244947de63478de76cd4f4808f10f5ec209aca392a190387,3,0.01767251268029213,0.858565092086792,0.04921363294124603
P06-once-triggered,2,0c066a6530f05a89f4087c0278dab449ec735118b588baf024133c40647c0767:e51eb26ebbe0008b244947de63478de76cd4f4808f10f5ec209aca392a190387,6,0.01767251268029213,0.858565092086792,0.04921363294124603
P06-once-triggered,3,0c066a6530f05a89f4087c0278dab449ec735118b588baf024133c40647c0767:b8b1bb1b9d2a9c16c29be3559b4bc159269b85927cc294b93059f8cbcbd1e3f3,fixed,0.023800665512681007,0.8164615035057068,0.07393765449523926
P06-once-triggered,3,0c066a6530f05a89f4087c0278dab449ec735118b588baf024133c40647c0767:b8b1bb1b9d2a9c16c29be3559b4bc159269b85927cc294b93059f8cbcbd1e3f3,1,0.021220112219452858,0.8393573760986328,0.06642623245716095
P06-once-triggered,3,0c066a6530f05a89f4087c0278dab449ec735118b588baf024133c40647c0767:b8b1bb1b9d2a9c16c29be3559b4bc159269b85927cc294b93059f8cbcbd1e3f3,3,0.021220112219452858,0.8393573760986328,0.06642623245716095
P06-once-triggered,3,0c066a6530f05a89f4087c0278dab449ec735118b588baf024133c40647c0767:b8b1bb1b9d2a9c16c29be3559b4bc159269b85927cc294b93059f8cbcbd1e3f3,6,0.021220112219452858,0.8393573760986328,0.06642623245716095
P06-once-triggered,4,0c066a6530f05a89f4087c0278dab449ec735118b588baf024133c40647c0767:8538a060821cfbfea4934dfef600f2122aa31fc89e1b3477162e06fa1120abe8,fixed,0.03808801621198654,0.7457380294799805,0.12130487710237503
P06-once-triggered,4,0c066a6530f05a89f4087c0278dab449ec735118b588baf024133c40647c0767:8538a060821cfbfea4934dfef600f2122aa31fc89e1b3477162e06fa1120abe8,1,0.03459229692816734,0.7767667770385742,0.11535049974918365
P06-once-triggered,4,0c066a6530f05a89f4087c0278dab449ec735118b588baf024133c40647c0767:8538a060821cfbfea4934dfef600f2122aa31fc89e1b3477162e06fa1120abe8,3,0.03459229692816734,0.7767667770385742,0.11535049974918365
P06-once-triggered,4,0c066a6530f05a89f4087c0278dab449ec735118b588baf024133c40647c0767:8538a060821cfbfea4934dfef600f2122aa31fc89e1b3477162e06fa1120abe8,6,0.03778259456157684,0.733020007610321,0.12402339279651642
P06-once-triggered,5,0c066a6530f05a89f4087c0278dab449ec735118b588baf024133c40647c0767:c1d79149c3ef063b0418b6e118302e18c4e0264b2fd4ad9d0cfa7f2a2122392a,fixed,0.09202216565608978,0.5110464692115784,0.2531405985355377
P06-once-triggered,5,0c066a6530f05a89f4087c0278dab449ec735118b588baf024133c40647c0767:c1d79149c3ef063b0418b6e118302e18c4e0264b2fd4ad9d0cfa7f2a2122392a,1,0.09022839367389679,0.5275871753692627,0.2493366003036499
P06-once-triggered,5,0c066a6530f05a89f4087c0278dab449ec735118b588baf024133c40647c0767:c1d79149c3ef063b0418b6e118302e18c4e0264b2fd4ad9d0cfa7f2a2122392a,3,0.09022839367389679,0.5275871753692627,0.2493366003036499
P06-once-triggered,5,0c066a6530f05a89f4087c0278dab449ec735118b588baf024133c40647c0767:c1d79149c3ef063b0418b6e118302e18c4e0264b2fd4ad9d0cfa7f2a2122392a,6,0.09054777026176453,0.5233373045921326,0.25032347440719604
P06-once-triggered,6,0c066a6530f05a89f4087c0278dab449ec735118b588baf024133c40647c0767:f8e725b368957ac229667fbb686d9d6b84e9f82a529f54543622ad7a52a24eec,fixed,0.09789947420358658,0.49220263957977295,0.2700533866882324
P06-once-triggered,6,0c066a6530f05a89f4087c0278dab449ec735118b588baf024133c40647c0767:f8e725b368957ac229667fbb686d9d6b84e9f82a529f54543622ad7a52a24eec,1,0.09605361521244049,0.5088167190551758,0.26673710346221924
P06-once-triggered,6,0c066a6530f05a89f4087c0278dab449ec735118b588baf024133c40647c0767:f8e725b368957ac229667fbb686d9d6b84e9f82a529f54543622ad7a52a24eec,3,0.09636392444372177,0.5017347931861877,0.2679067552089691
P06-once-triggered,6,0c066a6530f05a89f4087c0278dab449ec735118b588baf024133c40647c0767:f8e725b368957ac229667fbb686d9d6b84e9f82a529f54543622ad7a52a24eec,6,0.09634993970394135,0.5055878758430481,0.27189940214157104
P06-once-triggered,7,0c066a6530f05a89f4087c0278dab449ec735118b588baf024133c40647c0767:f922f64d953aa9766f4765d55c48cb3a53bba14aff7eccbaec735fc117e5014e,fixed,0.1041456013917923,0.47104668617248535,0.2874263525009155
P06-once-triggered,7,0c066a6530f05a89f4087c0278dab449ec735118b588baf024133c40647c0767:f922f64d953aa9766f4765d55c48cb3a53bba14aff7eccbaec735fc117e5014e,1,0.10225149989128113,0.4831174910068512,0.2871895432472229
P06-once-triggered,7,0c066a6530f05a89f4087c0278dab449ec735118b588baf024133c40647c0767:f922f64d953aa9766f4765d55c48cb3a53bba14aff7eccbaec735fc117e5014e,3,0.10225149989128113,0.4831174910068512,0.2871895432472229
P06-once-triggered,7,0c066a6530f05a89f4087c0278dab449ec735118b588baf024133c40647c0767:f922f64d953aa9766f4765d55c48cb3a53bba14aff7eccbaec735fc117e5014e,6,0.10254041105508804,0.48167726397514343,0.28963083028793335
P06-once-triggered,8,0c066a6530f05a89f4087c0278dab449ec735118b588baf024133c40647c0767:33c683caa4b3b3660f71706ebf964a3e8e55d576fb64733b37bf5e83f694b728,fixed,0.10720978677272797,0.45228028297424316,0.30472028255462646
P06-once-triggered,8,0c066a6530f05a89f4087c0278dab449ec735118b588baf024133c40647c0767:33c683caa4b3b3660f71706ebf964a3e8e55d576fb64733b37bf5e83f694b728,1,0.10496645420789719,0.46867790818214417,0.3051166534423828
P06-once-triggered,8,0c066a6530f05a89f4087c0278dab449ec735118b588baf024133c40647c0767:33c683caa4b3b3660f71706ebf964a3e8e55d576fb64733b37bf5e83f694b728,3,0.10496645420789719,0.46867790818214417,0.3051166534423828
P06-once-triggered,8,0c066a6530f05a89f4087c0278dab449ec735118b588baf024133c40647c0767:33c683caa4b3b3660f71706ebf964a3e8e55d576fb64733b37bf5e83f694b728,6,0.10523197799921036,0.46716704964637756,0.3096729516983032
P06-once-triggered,9,0c066a6530f05a89f4087c0278dab449ec735118b588baf024133c40647c0767:8ff3acbcebe9ca09e08f71dbc90c18ce791396caa1f0922a1c847ad3a567251f,fixed,0.11064629256725311,0.4441892206668854,0.3074617385864258
P06-once-triggered,9,0c066a6530f05a89f4087c0278dab449ec735118b588baf024133c40647c0767:8ff3acbcebe9ca09e08f71dbc90c18ce791396caa1f0922a1c847ad3a567251f,1,0.10796815156936646,0.46200549602508545,0.30606362223625183
P06-once-triggered,9,0c066a6530f05a89f4087c0278dab449ec735118b588baf024133c40647c0767:8ff3acbcebe9ca09e08f71dbc90c18ce791396caa1f0922a1c847ad3a567251f,3,0.10796815156936646,0.46200549602508545,0.30606362223625183
P06-once-triggered,9,0c066a6530f05a89f4087c0278dab449ec735118b588baf024133c40647c0767:8ff3acbcebe9ca09e08f71dbc90c18ce791396caa1f0922a1c847ad3a567251f,6,0.10796815156936646,0.46200549602508545,0.30606362223625183
P06-once-triggered,10,0c066a6530f05a89f4087c0278dab449ec735118b588baf024133c40647c0767:70e04e439311151f50245d704a8e0e8dd91aecd49932a9396dda52603f31f77a,fixed,0.1730796843767166,0.3262294828891754,0.39165157079696655
P06-once-triggered,10,0c066a6530f05a89f4087c0278dab449ec735118b588baf024133c40647c0767:70e04e439311151f50245d704a8e0e8dd91aecd49932a9396dda52603f31f77a,1,0.17199775576591492,0.32672572135925293,0.392103910446167
P06-once-triggered,10,0c066a6530f05a89f4087c0278dab449ec735118b588baf024133c40647c0767:70e04e439311151f50245d704a8e0e8dd91aecd49932a9396dda52603f31f77a,3,0.17273461818695068,0.3245706856250763,0.38957276940345764
P06-once-triggered,10,0c066a6530f05a89f4087c0278dab449ec735118b588baf024133c40647c0767:70e04e439311151f50245d704a8e0e8dd91aecd49932a9396dda52603f31f77a,6,0.17395976185798645,0.3198627829551697,0.3954430818557739
P01-end-only,1,eafb7d0113d1039271f2475f622c54effa3acad314497c01b6ec55f1c290d0d8:3283b698d37221ba9bb1e6190ab288a591d65dca1b2990d21299993b8bd54043,fixed,0.01682279445230961,0.9092685580253601,0.029075920581817627
P01-end-only,1,eafb7d0113d1039271f2475f622c54effa3acad314497c01b6ec55f1c290d0d8:3283b698d37221ba9bb1e6190ab288a591d65dca1b2990d21299993b8bd54043,1,0.01682279445230961,0.9092685580253601,0.029075920581817627
P01-end-only,1,eafb7d0113d1039271f2475f622c54effa3acad314497c01b6ec55f1c290d0d8:3283b698d37221ba9bb1e6190ab288a591d65dca1b2990d21299993b8bd54043,3,0.01682279445230961,0.9092685580253601,0.029075920581817627
P01-end-only,1,eafb7d0113d1039271f2475f622c54effa3acad314497c01b6ec55f1c290d0d8:3283b698d37221ba9bb1e6190ab288a591d65dca1b2990d21299993b8bd54043,6,0.01682279445230961,0.9092685580253601,0.029075920581817627
P01-end-only,2,eafb7d0113d1039271f2475f622c54effa3acad314497c01b6ec55f1c290d0d8:5edf621a615953f5454253bd0ea31f3c9b0a40ff0e037d0a27286c04e4a44a8e,fixed,0.025318698957562447,0.8610936999320984,0.045663982629776
P01-end-only,2,eafb7d0113d1039271f2475f622c54effa3acad314497c01b6ec55f1c290d0d8:5edf621a615953f5454253bd0ea31f3c9b0a40ff0e037d0a27286c04e4a44a8e,1,0.023979511111974716,0.86857670545578,0.04554736241698265
P01-end-only,2,eafb7d0113d1039271f2475f622c54effa3acad314497c01b6ec55f1c290d0d8:5edf621a615953f5454253bd0ea31f3c9b0a40ff0e037d0a27286c04e4a44a8e,3,0.023979511111974716,0.86857670545578,0.04554736241698265
P01-end-only,2,eafb7d0113d1039271f2475f622c54effa3acad314497c01b6ec55f1c290d0d8:5edf621a615953f5454253bd0ea31f3c9b0a40ff0e037d0a27286c04e4a44a8e,6,0.023979511111974716,0.86857670545578,0.04554736241698265
P01-end-only,3,eafb7d0113d1039271f2475f622c54effa3acad314497c01b6ec55f1c290d0d8:f58ce0880a9001f1a2369d497c4e04bf5e9ed5dcb04bf1f91b79f92fd6d81429,fixed,0.03235635906457901,0.8246541023254395,0.06535055488348007
P01-end-only,3,eafb7d0113d1039271f2475f622c54effa3acad314497c01b6ec55f1c290d0d8:f58ce0880a9001f1a2369d497c4e04bf5e9ed5dcb04bf1f91b79f92fd6d81429,1,0.029664114117622375,0.847237765789032,0.061555471271276474
P01-end-only,3,eafb7d0113d1039271f2475f622c54effa3acad314497c01b6ec55f1c290d0d8:f58ce0880a9001f1a2369d497c4e04bf5e9ed5dcb04bf1f91b79f92fd6d81429,3,0.029664114117622375,0.847237765789032,0.061555471271276474
P01-end-only,3,eafb7d0113d1039271f2475f622c54effa3acad314497c01b6ec55f1c290d0d8:f58ce0880a9001f1a2369d497c4e04bf5e9ed5dcb04bf1f91b79f92fd6d81429,6,0.029664114117622375,0.847237765789032,0.061555471271276474
P01-end-only,4,eafb7d0113d1039271f2475f622c54effa3acad314497c01b6ec55f1c290d0d8:93069e877fb11f264f2f8af78ab9c008158be25cdafee7422470c38d49eec4a6,fixed,0.04575975611805916,0.7748034000396729,0.09369942545890808
P01-end-only,4,eafb7d0113d1039271f2475f622c54effa3acad314497c01b6ec55f1c290d0d8:93069e877fb11f264f2f8af78ab9c008158be25cdafee7422470c38d49eec4a6,1,0.04218009114265442,0.8089295029640198,0.08704492449760437
P01-end-only,4,eafb7d0113d1039271f2475f622c54effa3acad314497c01b6ec55f1c290d0d8:93069e877fb11f264f2f8af78ab9c008158be25cdafee7422470c38d49eec4a6,3,0.04218009114265442,0.8089295029640198,0.08704492449760437
P01-end-only,4,eafb7d0113d1039271f2475f622c54effa3acad314497c01b6ec55f1c290d0d8:93069e877fb11f264f2f8af78ab9c008158be25cdafee7422470c38d49eec4a6,6,0.04218009114265442,0.8089295029640198,0.08704492449760437
P01-end-only,5,eafb7d0113d1039271f2475f622c54effa3acad314497c01b6ec55f1c290d0d8:920021a6c61ee4781e4b3eea0c42cee999eaf258855b6ebe212f6f44d0b2f91e,fixed,0.05325869098305702,0.7275538444519043,0.1472696214914322
P01-end-only,5,eafb7d0113d1039271f2475f622c54effa3acad314497c01b6ec55f1c290d0d8:920021a6c61ee4781e4b3eea0c42cee999eaf258855b6ebe212f6f44d0b2f91e,1,0.04936990141868591,0.7596468925476074,0.1388384848833084
P01-end-only,5,eafb7d0113d1039271f2475f622c54effa3acad314497c01b6ec55f1c290d0d8:920021a6c61ee4781e4b3eea0c42cee999eaf258855b6ebe212f6f44d0b2f91e,3,0.04936990141868591,0.7596468925476074,0.1388384848833084
P01-end-only,5,eafb7d0113d1039271f2475f622c54effa3acad314497c01b6ec55f1c290d0d8:920021a6c61ee4781e4b3eea0c42cee999eaf258855b6ebe212f6f44d0b2f91e,6,0.04936990141868591,0.7596468925476074,0.1388384848833084
P01-end-only,6,eafb7d0113d1039271f2475f622c54effa3acad314497c01b6ec55f1c290d0d8:62722e56d65c4519472ba85f6cfbab205edb03e6362e434a6bc5f35b4d11ffe1,fixed,0.05713431537151337,0.7041564583778381,0.15798193216323853
P01-end-only,6,eafb7d0113d1039271f2475f622c54effa3acad314497c01b6ec55f1c290d0d8:62722e56d65c4519472ba85f6cfbab205edb03e6362e434a6bc5f35b4d11ffe1,1,0.052986495196819305,0.7396819591522217,0.14989019930362701
P01-end-only,6,eafb7d0113d1039271f2475f622c54effa3acad314497c01b6ec55f1c290d0d8:62722e56d65c4519472ba85f6cfbab205edb03e6362e434a6bc5f35b4d11ffe1,3,0.052986495196819305,0.7396819591522217,0.14989019930362701
P01-end-only,6,eafb7d0113d1039271f2475f622c54effa3acad314497c01b6ec55f1c290d0d8:62722e56d65c4519472ba85f6cfbab205edb03e6362e434a6bc5f35b4d11ffe1,6,0.052986495196819305,0.7396819591522217,0.14989019930362701
P01-end-only,7,eafb7d0113d1039271f2475f622c54effa3acad314497c01b6ec55f1c290d0d8:e8abd8ccfffaead18ab620feeda61f6b002ad1e270ead96393bb47f846a761b2,fixed,0.06003551930189133,0.6880168914794922,0.16779829561710358
P01-end-only,7,eafb7d0113d1039271f2475f622c54effa3acad314497c01b6ec55f1c290d0d8:e8abd8ccfffaead18ab620feeda61f6b002ad1e270ead96393bb47f846a761b2,1,0.05739738047122955,0.7098167538642883,0.15942201018333435
P01-end-only,7,eafb7d0113d1039271f2475f622c54effa3acad314497c01b6ec55f1c290d0d8:e8abd8ccfffaead18ab620feeda61f6b002ad1e270ead96393bb47f846a761b2,3,0.05739738047122955,0.7098167538642883,0.15942201018333435
P01-end-only,7,eafb7d0113d1039271f2475f622c54effa3acad314497c01b6ec55f1c290d0d8:e8abd8ccfffaead18ab620feeda61f6b002ad1e270ead96393bb47f846a761b2,6,0.05739738047122955,0.7098167538642883,0.15942201018333435
P01-end-only,8,eafb7d0113d1039271f2475f622c54effa3acad314497c01b6ec55f1c290d0d8:35960e73a70622c0624edddfc39de04be7967e1bd5d9672e4147f6e1e0995b7c,fixed,0.06567317992448807,0.6651027202606201,0.17702649533748627
P01-end-only,8,eafb7d0113d1039271f2475f622c54effa3acad314497c01b6ec55f1c290d0d8:35960e73a70622c0624edddfc39de04be7967e1bd5d9672e4147f6e1e0995b7c,1,0.06358537822961807,0.6855347156524658,0.1700306236743927
P01-end-only,8,eafb7d0113d1039271f2475f622c54effa3acad314497c01b6ec55f1c290d0d8:35960e73a70622c0624edddfc39de04be7967e1bd5d9672e4147f6e1e0995b7c,3,0.06358537822961807,0.6855347156524658,0.1700306236743927
P01-end-only,8,eafb7d0113d1039271f2475f622c54effa3acad314497c01b6ec55f1c290d0d8:35960e73a70622c0624edddfc39de04be7967e1bd5d9672e4147f6e1e0995b7c,6,0.06358537822961807,0.6855347156524658,0.1700306236743927
P01-end-only,9,eafb7d0113d1039271f2475f622c54effa3acad314497c01b6ec55f1c290d0d8:c9452208da161ff37ad673d387e91d685c8462fce65c82a548dc1a6cf5a6eb6e,fixed,0.07317664474248886,0.6282134652137756,0.20342886447906494
P01-end-only,9,eafb7d0113d1039271f2475f622c54effa3acad314497c01b6ec55f1c290d0d8:c9452208da161ff37ad673d387e91d685c8462fce65c82a548dc1a6cf5a6eb6e,1,0.07095509022474289,0.6513688564300537,0.19450446963310242
P01-end-only,9,eafb7d0113d1039271f2475f622c54effa3acad314497c01b6ec55f1c290d0d8:c9452208da161ff37ad673d387e91d685c8462fce65c82a548dc1a6cf5a6eb6e,3,0.07095509022474289,0.6513688564300537,0.19450446963310242
P01-end-only,9,eafb7d0113d1039271f2475f622c54effa3acad314497c01b6ec55f1c290d0d8:c9452208da161ff37ad673d387e91d685c8462fce65c82a548dc1a6cf5a6eb6e,6,0.07095509022474289,0.6513688564300537,0.19450446963310242
P01-end-only,10,eafb7d0113d1039271f2475f622c54effa3acad314497c01b6ec55f1c290d0d8:f491930f45e7951fd0ea9bc6e801515d1723e61cbcc1a406c3337d0471297965,fixed,0.16480223834514618,0.42618611454963684,0.2761557698249817
P01-end-only,10,eafb7d0113d1039271f2475f622c54effa3acad314497c01b6ec55f1c290d0d8:f491930f45e7951fd0ea9bc6e801515d1723e61cbcc1a406c3337d0471297965,1,0.11869838833808899,0.7145751118659973,0.16221408545970917
P01-end-only,10,eafb7d0113d1039271f2475f622c54effa3acad314497c01b6ec55f1c290d0d8:f491930f45e7951fd0ea9bc6e801515d1723e61cbcc1a406c3337d0471297965,3,0.1246144026517868,0.6528502106666565,0.17019937932491302
P01-end-only,10,eafb7d0113d1039271f2475f622c54effa3acad314497c01b6ec55f1c290d0d8:f491930f45e7951fd0ea9bc6e801515d1723e61cbcc1a406c3337d0471297965,6,0.13526563346385956,0.5517849326133728,0.18635398149490356
P02-end-only,1,b131a72a3df0e499fd0740e8252004d56f759bf79f35de60fc4e5027a8aa5da0:6422f8b64f6844af7ea0f0e89708fb3d74ee0a666f76ec2348b819285fa81386,fixed,0.021788310259580612,0.8218111991882324,0.05121392011642456
P02-end-only,1,b131a72a3df0e499fd0740e8252004d56f759bf79f35de60fc4e5027a8aa5da0:6422f8b64f6844af7ea0f0e89708fb3d74ee0a666f76ec2348b819285fa81386,1,0.021788310259580612,0.8218111991882324,0.05121392011642456
P02-end-only,1,b131a72a3df0e499fd0740e8252004d56f759bf79f35de60fc4e5027a8aa5da0:6422f8b64f6844af7ea0f0e89708fb3d74ee0a666f76ec2348b819285fa81386,3,0.021788310259580612,0.8218111991882324,0.05121392011642456
P02-end-only,1,b131a72a3df0e499fd0740e8252004d56f759bf79f35de60fc4e5027a8aa5da0:6422f8b64f6844af7ea0f0e89708fb3d74ee0a666f76ec2348b819285fa81386,6,0.021788310259580612,0.8218111991882324,0.05121392011642456
P02-end-only,2,b131a72a3df0e499fd0740e8252004d56f759bf79f35de60fc4e5027a8aa5da0:a5c7b3cb7efb45f4dc0700bb8d69adc8d87c42f27de5157c2bc7ab6ec1eb5ae5,fixed,0.030131500214338303,0.7501263618469238,0.07663755118846893
P02-end-only,2,b131a72a3df0e499fd0740e8252004d56f759bf79f35de60fc4e5027a8aa5da0:a5c7b3cb7efb45f4dc0700bb8d69adc8d87c42f27de5157c2bc7ab6ec1eb5ae5,1,0.029172420501708984,0.759837806224823,0.0755927711725235
P02-end-only,2,b131a72a3df0e499fd0740e8252004d56f759bf79f35de60fc4e5027a8aa5da0:a5c7b3cb7efb45f4dc0700bb8d69adc8d87c42f27de5157c2bc7ab6ec1eb5ae5,3,0.029172420501708984,0.759837806224823,0.0755927711725235
P02-end-only,2,b131a72a3df0e499fd0740e8252004d56f759bf79f35de60fc4e5027a8aa5da0:a5c7b3cb7efb45f4dc0700bb8d69adc8d87c42f27de5157c2bc7ab6ec1eb5ae5,6,0.029172420501708984,0.759837806224823,0.0755927711725235
P02-end-only,3,b131a72a3df0e499fd0740e8252004d56f759bf79f35de60fc4e5027a8aa5da0:aeec89e4090fd037e749ed471be7f1378df4d528ceb7026ce935de3ecbaeb135,fixed,0.03669736534357071,0.6926453709602356,0.0967579185962677
P02-end-only,3,b131a72a3df0e499fd0740e8252004d56f759bf79f35de60fc4e5027a8aa5da0:aeec89e4090fd037e749ed471be7f1378df4d528ceb7026ce935de3ecbaeb135,1,0.034644950181245804,0.7151186466217041,0.09539806097745895
P02-end-only,3,b131a72a3df0e499fd0740e8252004d56f759bf79f35de60fc4e5027a8aa5da0:aeec89e4090fd037e749ed471be7f1378df4d528ceb7026ce935de3ecbaeb135,3,0.034902580082416534,0.7117676734924316,0.0966821014881134
P02-end-only,3,b131a72a3df0e499fd0740e8252004d56f759bf79f35de60fc4e5027a8aa5da0:aeec89e4090fd037e749ed471be7f1378df4d528ceb7026ce935de3ecbaeb135,6,0.034902580082416534,0.7117676734924316,0.0966821014881134
P02-end-only,4,b131a72a3df0e499fd0740e8252004d56f759bf79f35de60fc4e5027a8aa5da0:0cbd67590dc9d6924e97a9bdeb700db2988b50c0b9ef26d4d2c9f61609779fd2,fixed,0.04702320322394371,0.6243091225624084,0.12890082597732544
P02-end-only,4,b131a72a3df0e499fd0740e8252004d56f759bf79f35de60fc4e5027a8aa5da0:0cbd67590dc9d6924e97a9bdeb700db2988b50c0b9ef26d4d2c9f61609779fd2,1,0.04364503175020218,0.663843035697937,0.12440567463636398
P02-end-only,4,b131a72a3df0e499fd0740e8252004d56f759bf79f35de60fc4e5027a8aa5da0:0cbd67590dc9d6924e97a9bdeb700db2988b50c0b9ef26d4d2c9f61609779fd2,3,0.04364503175020218,0.663843035697937,0.12440567463636398
P02-end-only,4,b131a72a3df0e499fd0740e8252004d56f759bf79f35de60fc4e5027a8aa5da0:0cbd67590dc9d6924e97a9bdeb700db2988b50c0b9ef26d4d2c9f61609779fd2,6,0.04364503175020218,0.663843035697937,0.12440567463636398
P02-end-only,5,b131a72a3df0e499fd0740e8252004d56f759bf79f35de60fc4e5027a8aa5da0:de3404e40c52884eca4700f7141ed4dd245b04347493aa7030ef33d844da63f6,fixed,0.07907287031412125,0.4742469787597656,0.18909992277622223
P02-end-only,5,b131a72a3df0e499fd0740e8252004d56f759bf79f35de60fc4e5027a8aa5da0:de3404e40c52884eca4700f7141ed4dd245b04347493aa7030ef33d844da63f6,1,0.06668028980493546,0.5924898982048035,0.17104068398475647
P02-end-only,5,b131a72a3df0e499fd0740e8252004d56f759bf79f35de60fc4e5027a8aa5da0:de3404e40c52884eca4700f7141ed4dd245b04347493aa7030ef33d844da63f6,3,0.06668028980493546,0.5924898982048035,0.17104068398475647
P02-end-only,5,b131a72a3df0e499fd0740e8252004d56f759bf79f35de60fc4e5027a8aa5da0:de3404e40c52884eca4700f7141ed4dd245b04347493aa7030ef33d844da63f6,6,0.06668028980493546,0.5924898982048035,0.17104068398475647
P02-end-only,6,b131a72a3df0e499fd0740e8252004d56f759bf79f35de60fc4e5027a8aa5da0:3759fd3429ad1b07fe4effade7e47d5815091fb64b3f65f40321767d4f936596,fixed,0.0823577344417572,0.45751288533210754,0.20260554552078247
P02-end-only,6,b131a72a3df0e499fd0740e8252004d56f759bf79f35de60fc4e5027a8aa5da0:3759fd3429ad1b07fe4effade7e47d5815091fb64b3f65f40321767d4f936596,1,0.0708954781293869,0.5689559578895569,0.18510954082012177
P02-end-only,6,b131a72a3df0e499fd0740e8252004d56f759bf79f35de60fc4e5027a8aa5da0:3759fd3429ad1b07fe4effade7e47d5815091fb64b3f65f40321767d4f936596,3,0.07125925272703171,0.5664193630218506,0.18683218955993652
P02-end-only,6,b131a72a3df0e499fd0740e8252004d56f759bf79f35de60fc4e5027a8aa5da0:3759fd3429ad1b07fe4effade7e47d5815091fb64b3f65f40321767d4f936596,6,0.0719980001449585,0.5596897602081299,0.18665340542793274
P02-end-only,7,b131a72a3df0e499fd0740e8252004d56f759bf79f35de60fc4e5027a8aa5da0:0affc060402d8b0072c4f0ae399f9b19d53b46764d81f434739084ab1399d67a,fixed,0.08702487498521805,0.4287870228290558,0.23098960518836975
P02-end-only,7,b131a72a3df0e499fd0740e8252004d56f759bf79f35de60fc4e5027a8aa5da0:0affc060402d8b0072c4f0ae399f9b19d53b46764d81f434739084ab1399d67a,1,0.07623013854026794,0.5345602035522461,0.21453231573104858
P02-end-only,7,b131a72a3df0e499fd0740e8252004d56f759bf79f35de60fc4e5027a8aa5da0:0affc060402d8b0072c4f0ae399f9b19d53b46764d81f434739084ab1399d67a,3,0.0768977478146553,0.5289155840873718,0.21645808219909668
P02-end-only,7,b131a72a3df0e499fd0740e8252004d56f759bf79f35de60fc4e5027a8aa5da0:0affc060402d8b0072c4f0ae399f9b19d53b46764d81f434739084ab1399d67a,6,0.0768977478146553,0.5289155840873718,0.21645808219909668
P02-end-only,8,b131a72a3df0e499fd0740e8252004d56f759bf79f35de60fc4e5027a8aa5da0:15a93c0b704376c2a9e617da20ec9ad467618d63332beaaaf34673500c50b815,fixed,0.09236957877874374,0.3990817070007324,0.2334298938512802
P02-end-only,8,b131a72a3df0e499fd0740e8252004d56f759bf79f35de60fc4e5027a8aa5da0:15a93c0b704376c2a9e617da20ec9ad467618d63332beaaaf34673500c50b815,1,0.08165322989225388,0.5016750693321228,0.21008522808551788
P02-end-only,8,b131a72a3df0e499fd0740e8252004d56f759bf79f35de60fc4e5027a8aa5da0:15a93c0b704376c2a9e617da20ec9ad467618d63332beaaaf34673500c50b815,3,0.08165322989225388,0.5016750693321228,0.21008522808551788
P02-end-only,8,b131a72a3df0e499fd0740e8252004d56f759bf79f35de60fc4e5027a8aa5da0:15a93c0b704376c2a9e617da20ec9ad467618d63332beaaaf34673500c50b815,6,0.08165322989225388,0.5016750693321228,0.21008522808551788
P02-end-only,9,b131a72a3df0e499fd0740e8252004d56f759bf79f35de60fc4e5027a8aa5da0:f96bdff0df1d5a089625e70d6b99ef20b09138200735d9ebe7f22f4982555ca9,fixed,0.09657423198223114,0.3798588216304779,0.259820818901062
P02-end-only,9,b131a72a3df0e499fd0740e8252004d56f759bf79f35de60fc4e5027a8aa5da0:f96bdff0df1d5a089625e70d6b99ef20b09138200735d9ebe7f22f4982555ca9,1,0.0884815901517868,0.45322510600090027,0.24630707502365112
P02-end-only,9,b131a72a3df0e499fd0740e8252004d56f759bf79f35de60fc4e5027a8aa5da0:f96bdff0df1d5a089625e70d6b99ef20b09138200735d9ebe7f22f4982555ca9,3,0.0884815901517868,0.45322510600090027,0.24630707502365112
P02-end-only,9,b131a72a3df0e499fd0740e8252004d56f759bf79f35de60fc4e5027a8aa5da0:f96bdff0df1d5a089625e70d6b99ef20b09138200735d9ebe7f22f4982555ca9,6,0.0884815901517868,0.45322510600090027,0.24630707502365112
P02-end-only,10,b131a72a3df0e499fd0740e8252004d56f759bf79f35de60fc4e5027a8aa5da0:4f3b097d47bc764babd2475a3dc9dac7d734a549b50c206c8704e41177bfb2fe,fixed,0.07742524147033691,0.7169287800788879,0.11530911177396774
P02-end-only,10,b131a72a3df0e499fd0740e8252004d56f759bf79f35de60fc4e5027a8aa5da0:4f3b097d47bc764babd2475a3dc9dac7d734a549b50c206c8704e41177bfb2fe,1,0.07798106223344803,0.7008340358734131,0.11541267484426498
P02-end-only,10,b131a72a3df0e499fd0740e8252004d56f759bf79f35de60fc4e5027a8aa5da0:4f3b097d47bc764babd2475a3dc9dac7d734a549b50c206c8704e41177bfb2fe,3,0.08077709376811981,0.6549031138420105,0.11723203212022781
P02-end-only,10,b131a72a3df0e499fd0740e8252004d56f759bf79f35de60fc4e5027a8aa5da0:4f3b097d47bc764babd2475a3dc9dac7d734a549b50c206c8704e41177bfb2fe,6,0.08660459518432617,0.5723446011543274,0.12751592695713043
P03-r1-end-only,1,24a259085f3e7460cdf1989788b3dfbd8168582aeb54cdd53c1de52fd360691d:822586e373c59942cc319b7b5a9eca9b95d0c57ad4a2885d22b178d52f4aae22,fixed,0.016818616539239883,0.8832266926765442,0.0397653803229332
P03-r1-end-only,1,24a259085f3e7460cdf1989788b3dfbd8168582aeb54cdd53c1de52fd360691d:822586e373c59942cc319b7b5a9eca9b95d0c57ad4a2885d22b178d52f4aae22,1,0.016818616539239883,0.8832266926765442,0.0397653803229332
P03-r1-end-only,1,24a259085f3e7460cdf1989788b3dfbd8168582aeb54cdd53c1de52fd360691d:822586e373c59942cc319b7b5a9eca9b95d0c57ad4a2885d22b178d52f4aae22,3,0.016818616539239883,0.8832266926765442,0.0397653803229332
P03-r1-end-only,1,24a259085f3e7460cdf1989788b3dfbd8168582aeb54cdd53c1de52fd360691d:822586e373c59942cc319b7b5a9eca9b95d0c57ad4a2885d22b178d52f4aae22,6,0.016818616539239883,0.8832266926765442,0.0397653803229332
P03-r1-end-only,2,24a259085f3e7460cdf1989788b3dfbd8168582aeb54cdd53c1de52fd360691d:9d640354a139713fd4b170a29aa4fb475ab312f84d5dc87d5c8a982603f363f1,fixed,0.023919278755784035,0.8415461182594299,0.06436368077993393
P03-r1-end-only,2,24a259085f3e7460cdf1989788b3dfbd8168582aeb54cdd53c1de52fd360691d:9d640354a139713fd4b170a29aa4fb475ab312f84d5dc87d5c8a982603f363f1,1,0.023015739396214485,0.8469493985176086,0.06130266562104225
P03-r1-end-only,2,24a259085f3e7460cdf1989788b3dfbd8168582aeb54cdd53c1de52fd360691d:9d640354a139713fd4b170a29aa4fb475ab312f84d5dc87d5c8a982603f363f1,3,0.023015739396214485,0.8469493985176086,0.06130266562104225
P03-r1-end-only,2,24a259085f3e7460cdf1989788b3dfbd8168582aeb54cdd53c1de52fd360691d:9d640354a139713fd4b170a29aa4fb475ab312f84d5dc87d5c8a982603f363f1,6,0.023015739396214485,0.8469493985176086,0.06130266562104225
P03-r1-end-only,3,24a259085f3e7460cdf1989788b3dfbd8168582aeb54cdd53c1de52fd360691d:6adb61e661b32ecd6df0e8eae2368f3e94259432a28cc3aab7369765e31aacec,fixed,0.035219378769397736,0.8154917359352112,0.08458372950553894
P03-r1-end-only,3,24a259085f3e7460cdf1989788b3dfbd8168582aeb54cdd53c1de52fd360691d:6adb61e661b32ecd6df0e8eae2368f3e94259432a28cc3aab7369765e31aacec,1,0.03467418998479843,0.8129358291625977,0.08336623013019562
P03-r1-end-only,3,24a259085f3e7460cdf1989788b3dfbd8168582aeb54cdd53c1de52fd360691d:6adb61e661b32ecd6df0e8eae2368f3e94259432a28cc3aab7369765e31aacec,3,0.03467418998479843,0.8129358291625977,0.08336623013019562
P03-r1-end-only,3,24a259085f3e7460cdf1989788b3dfbd8168582aeb54cdd53c1de52fd360691d:6adb61e661b32ecd6df0e8eae2368f3e94259432a28cc3aab7369765e31aacec,6,0.03467418998479843,0.8129358291625977,0.08336623013019562
P03-r1-end-only,4,24a259085f3e7460cdf1989788b3dfbd8168582aeb54cdd53c1de52fd360691d:c593ddff289a664dea0966d52c9316df8aa93ad3885809fd2d1bc52c40536c35,fixed,0.04619228467345238,0.7493398189544678,0.1184653639793396
P03-r1-end-only,4,24a259085f3e7460cdf1989788b3dfbd8168582aeb54cdd53c1de52fd360691d:c593ddff289a664dea0966d52c9316df8aa93ad3885809fd2d1bc52c40536c35,1,0.04347698763012886,0.7693193554878235,0.11682933568954468
P03-r1-end-only,4,24a259085f3e7460cdf1989788b3dfbd8168582aeb54cdd53c1de52fd360691d:c593ddff289a664dea0966d52c9316df8aa93ad3885809fd2d1bc52c40536c35,3,0.04516448825597763,0.7537969946861267,0.11466523259878159
P03-r1-end-only,4,24a259085f3e7460cdf1989788b3dfbd8168582aeb54cdd53c1de52fd360691d:c593ddff289a664dea0966d52c9316df8aa93ad3885809fd2d1bc52c40536c35,6,0.048636045306921005,0.7105652689933777,0.12118515372276306
P03-r1-end-only,5,24a259085f3e7460cdf1989788b3dfbd8168582aeb54cdd53c1de52fd360691d:fb518674e0352dc6ac2e85717de2bee34e2efa6267f50f6d0e8160264e18ca92,fixed,0.12108762562274933,0.4625864028930664,0.24226857721805573
P03-r1-end-only,5,24a259085f3e7460cdf1989788b3dfbd8168582aeb54cdd53c1de52fd360691d:fb518674e0352dc6ac2e85717de2bee34e2efa6267f50f6d0e8160264e18ca92,1,0.08753294497728348,0.6472768187522888,0.17715446650981903
P03-r1-end-only,5,24a259085f3e7460cdf1989788b3dfbd8168582aeb54cdd53c1de52fd360691d:fb518674e0352dc6ac2e85717de2bee34e2efa6267f50f6d0e8160264e18ca92,3,0.09012965857982635,0.6132805943489075,0.18278786540031433
P03-r1-end-only,5,24a259085f3e7460cdf1989788b3dfbd8168582aeb54cdd53c1de52fd360691d:fb518674e0352dc6ac2e85717de2bee34e2efa6267f50f6d0e8160264e18ca92,6,0.09710732102394104,0.535780131816864,0.19664092361927032
P03-r1-end-only,6,24a259085f3e7460cdf1989788b3dfbd8168582aeb54cdd53c1de52fd360691d:66349281145be944dae18789572abff891dee7cd968a5ce4bd32f45800dc9e34,fixed,0.12087925523519516,0.45227834582328796,0.25372883677482605
P03-r1-end-only,6,24a259085f3e7460cdf1989788b3dfbd8168582aeb54cdd53c1de52fd360691d:66349281145be944dae18789572abff891dee7cd968a5ce4bd32f45800dc9e34,1,0.08893025666475296,0.6233661770820618,0.1924964040517807
P03-r1-end-only,6,24a259085f3e7460cdf1989788b3dfbd8168582aeb54cdd53c1de52fd360691d:66349281145be944dae18789572abff891dee7cd968a5ce4bd32f45800dc9e34,3,0.09140907973051071,0.5953536033630371,0.197172611951828
P03-r1-end-only,6,24a259085f3e7460cdf1989788b3dfbd8168582aeb54cdd53c1de52fd360691d:66349281145be944dae18789572abff891dee7cd968a5ce4bd32f45800dc9e34,6,0.0976228192448616,0.519848644733429,0.21094323694705963
P03-r1-end-only,7,24a259085f3e7460cdf1989788b3dfbd8168582aeb54cdd53c1de52fd360691d:323ee7108aed360c9e8138140952521e94afb21828a336ad58ac8d5389c36761,fixed,0.12076550722122192,0.4395838975906372,0.2693564295768738
P03-r1-end-only,7,24a259085f3e7460cdf1989788b3dfbd8168582aeb54cdd53c1de52fd360691d:323ee7108aed360c9e8138140952521e94afb21828a336ad58ac8d5389c36761,1,0.09025387465953827,0.6047284603118896,0.20744535326957703
P03-r1-end-only,7,24a259085f3e7460cdf1989788b3dfbd8168582aeb54cdd53c1de52fd360691d:323ee7108aed360c9e8138140952521e94afb21828a336ad58ac8d5389c36761,3,0.09229037165641785,0.57559734582901,0.21299514174461365
P03-r1-end-only,7,24a259085f3e7460cdf1989788b3dfbd8168582aeb54cdd53c1de52fd360691d:323ee7108aed360c9e8138140952521e94afb21828a336ad58ac8d5389c36761,6,0.09816350787878036,0.5043819546699524,0.22804054617881775
P03-r1-end-only,8,24a259085f3e7460cdf1989788b3dfbd8168582aeb54cdd53c1de52fd360691d:8216dd670f1bb3fc39b182eeee4e4d81dd2c78c3b97e0718765311994cd7ade7,fixed,0.12047415226697922,0.4257400333881378,0.2859041690826416
P03-r1-end-only,8,24a259085f3e7460cdf1989788b3dfbd8168582aeb54cdd53c1de52fd360691d:8216dd670f1bb3fc39b182eeee4e4d81dd2c78c3b97e0718765311994cd7ade7,1,0.0908387303352356,0.5775063037872314,0.22639977931976318
P03-r1-end-only,8,24a259085f3e7460cdf1989788b3dfbd8168582aeb54cdd53c1de52fd360691d:8216dd670f1bb3fc39b182eeee4e4d81dd2c78c3b97e0718765311994cd7ade7,3,0.09258058667182922,0.5523152947425842,0.23395957052707672
P03-r1-end-only,8,24a259085f3e7460cdf1989788b3dfbd8168582aeb54cdd53c1de52fd360691d:8216dd670f1bb3fc39b182eeee4e4d81dd2c78c3b97e0718765311994cd7ade7,6,0.09810400009155273,0.485977441072464,0.24582698941230774
P03-r1-end-only,9,24a259085f3e7460cdf1989788b3dfbd8168582aeb54cdd53c1de52fd360691d:d3bb1a3a2a3f7623a46a99cf54d56628227a8f848a1c59937fe29a8713ca4465,fixed,0.12254548072814941,0.40891745686531067,0.30787450075149536
P03-r1-end-only,9,24a259085f3e7460cdf1989788b3dfbd8168582aeb54cdd53c1de52fd360691d:d3bb1a3a2a3f7623a46a99cf54d56628227a8f848a1c59937fe29a8713ca4465,1,0.0944012999534607,0.548331081867218,0.25171178579330444
P03-r1-end-only,9,24a259085f3e7460cdf1989788b3dfbd8168582aeb54cdd53c1de52fd360691d:d3bb1a3a2a3f7623a46a99cf54d56628227a8f848a1c59937fe29a8713ca4465,3,0.09570301324129105,0.5264108777046204,0.25652945041656494
P03-r1-end-only,9,24a259085f3e7460cdf1989788b3dfbd8168582aeb54cdd53c1de52fd360691d:d3bb1a3a2a3f7623a46a99cf54d56628227a8f848a1c59937fe29a8713ca4465,6,0.101176418364048,0.45868125557899475,0.272597074508667
P03-r1-end-only,10,24a259085f3e7460cdf1989788b3dfbd8168582aeb54cdd53c1de52fd360691d:475f204e41140b642a4a7b8ae939c447dff9fa3f7bf26280d23439d9e7cd2766,fixed,0.1474795937538147,0.4508729875087738,0.2523171007633209
P03-r1-end-only,10,24a259085f3e7460cdf1989788b3dfbd8168582aeb54cdd53c1de52fd360691d:475f204e41140b642a4a7b8ae939c447dff9fa3f7bf26280d23439d9e7cd2766,1,0.12379182130098343,0.5979663133621216,0.20169299840927124
P03-r1-end-only,10,24a259085f3e7460cdf1989788b3dfbd8168582aeb54cdd53c1de52fd360691d:475f204e41140b642a4a7b8ae939c447dff9fa3f7bf26280d23439d9e7cd2766,3,0.12637537717819214,0.5641468167304993,0.21022529900074005
P03-r1-end-only,10,24a259085f3e7460cdf1989788b3dfbd8168582aeb54cdd53c1de52fd360691d:475f204e41140b642a4a7b8ae939c447dff9fa3f7bf26280d23439d9e7cd2766,6,0.1403309404850006,0.4357074499130249,0.24493439495563507
P03-r2-end-only,1,24a259085f3e7460cdf1989788b3dfbd8168582aeb54cdd53c1de52fd360691d:83a0968adc231d874fc2556bdabd5b9bf9adbe88ca5c76af495cefc9bfbb86d1,fixed,0.016378622502088547,0.8791654706001282,0.04099458456039429
P03-r2-end-only,1,24a259085f3e7460cdf1989788b3dfbd8168582aeb54cdd53c1de52fd360691d:83a0968adc231d874fc2556bdabd5b9bf9adbe88ca5c76af495cefc9bfbb86d1,1,0.016378622502088547,0.8791654706001282,0.04099458456039429
P03-r2-end-only,1,24a259085f3e7460cdf1989788b3dfbd8168582aeb54cdd53c1de52fd360691d:83a0968adc231d874fc2556bdabd5b9bf9adbe88ca5c76af495cefc9bfbb86d1,3,0.016378622502088547,0.8791654706001282,0.04099458456039429
P03-r2-end-only,1,24a259085f3e7460cdf1989788b3dfbd8168582aeb54cdd53c1de52fd360691d:83a0968adc231d874fc2556bdabd5b9bf9adbe88ca5c76af495cefc9bfbb86d1,6,0.016378622502088547,0.8791654706001282,0.04099458456039429
P03-r2-end-only,2,24a259085f3e7460cdf1989788b3dfbd8168582aeb54cdd53c1de52fd360691d:b44087f603522f878f472ee1c640e161f009c524ee8886847714006e31b9d1b5,fixed,0.023844851180911064,0.8237112164497375,0.0622045174241066
P03-r2-end-only,2,24a259085f3e7460cdf1989788b3dfbd8168582aeb54cdd53c1de52fd360691d:b44087f603522f878f472ee1c640e161f009c524ee8886847714006e31b9d1b5,1,0.022477546706795692,0.8252103924751282,0.06073300167918205
P03-r2-end-only,2,24a259085f3e7460cdf1989788b3dfbd8168582aeb54cdd53c1de52fd360691d:b44087f603522f878f472ee1c640e161f009c524ee8886847714006e31b9d1b5,3,0.022477546706795692,0.8252103924751282,0.06073300167918205
P03-r2-end-only,2,24a259085f3e7460cdf1989788b3dfbd8168582aeb54cdd53c1de52fd360691d:b44087f603522f878f472ee1c640e161f009c524ee8886847714006e31b9d1b5,6,0.022477546706795692,0.8252103924751282,0.06073300167918205
P03-r2-end-only,3,24a259085f3e7460cdf1989788b3dfbd8168582aeb54cdd53c1de52fd360691d:d90788b37afb43c0e8ef24de52a22cbb864047436c0882bd063bc3220c4e2992,fixed,0.03382294997572899,0.771628201007843,0.08722404390573502
P03-r2-end-only,3,24a259085f3e7460cdf1989788b3dfbd8168582aeb54cdd53c1de52fd360691d:d90788b37afb43c0e8ef24de52a22cbb864047436c0882bd063bc3220c4e2992,1,0.030294276773929596,0.8011799454689026,0.08367697894573212
P03-r2-end-only,3,24a259085f3e7460cdf1989788b3dfbd8168582aeb54cdd53c1de52fd360691d:d90788b37afb43c0e8ef24de52a22cbb864047436c0882bd063bc3220c4e2992,3,0.030294276773929596,0.8011799454689026,0.08367697894573212
P03-r2-end-only,3,24a259085f3e7460cdf1989788b3dfbd8168582aeb54cdd53c1de52fd360691d:d90788b37afb43c0e8ef24de52a22cbb864047436c0882bd063bc3220c4e2992,6,0.030294276773929596,0.8011799454689026,0.08367697894573212
P03-r2-end-only,4,24a259085f3e7460cdf1989788b3dfbd8168582aeb54cdd53c1de52fd360691d:b4b6120c7e95f6eb6c8c98973c96aadfb701032ad3b32beaacd7137055c234fb,fixed,0.04822344332933426,0.7013835906982422,0.13435223698616028
P03-r2-end-only,4,24a259085f3e7460cdf1989788b3dfbd8168582aeb54cdd53c1de52fd360691d:b4b6120c7e95f6eb6c8c98973c96aadfb701032ad3b32beaacd7137055c234fb,1,0.04394420608878136,0.7408286929130554,0.1290566772222519
P03-r2-end-only,4,24a259085f3e7460cdf1989788b3dfbd8168582aeb54cdd53c1de52fd360691d:b4b6120c7e95f6eb6c8c98973c96aadfb701032ad3b32beaacd7137055c234fb,3,0.04394420608878136,0.7408286929130554,0.1290566772222519
P03-r2-end-only,4,24a259085f3e7460cdf1989788b3dfbd8168582aeb54cdd53c1de52fd360691d:b4b6120c7e95f6eb6c8c98973c96aadfb701032ad3b32beaacd7137055c234fb,6,0.04753692448139191,0.6957626938819885,0.13600340485572815
P03-r2-end-only,5,24a259085f3e7460cdf1989788b3dfbd8168582aeb54cdd53c1de52fd360691d:9a9d737d3bae43a46d9ef381cbe50c7cb1d55bc56926f187774110ac286f8cdb,fixed,0.19147811830043793,0.32670143246650696,0.5045062303543091
P03-r2-end-only,5,24a259085f3e7460cdf1989788b3dfbd8168582aeb54cdd53c1de52fd360691d:9a9d737d3bae43a46d9ef381cbe50c7cb1d55bc56926f187774110ac286f8cdb,1,0.1231522187590599,0.42453134059906006,0.3006705343723297
P03-r2-end-only,5,24a259085f3e7460cdf1989788b3dfbd8168582aeb54cdd53c1de52fd360691d:9a9d737d3bae43a46d9ef381cbe50c7cb1d55bc56926f187774110ac286f8cdb,3,0.12375611811876297,0.4236760139465332,0.30190327763557434
P03-r2-end-only,5,24a259085f3e7460cdf1989788b3dfbd8168582aeb54cdd53c1de52fd360691d:9a9d737d3bae43a46d9ef381cbe50c7cb1d55bc56926f187774110ac286f8cdb,6,0.12370765954256058,0.42980870604515076,0.3054148256778717
P03-r2-end-only,6,24a259085f3e7460cdf1989788b3dfbd8168582aeb54cdd53c1de52fd360691d:ddfb55bb6a6b9a1951a269da1808a46f9cd502b531a0a1228a1da18619a3d6c6,fixed,0.19174440205097198,0.32239654660224915,0.505614161491394
P03-r2-end-only,6,24a259085f3e7460cdf1989788b3dfbd8168582aeb54cdd53c1de52fd360691d:ddfb55bb6a6b9a1951a269da1808a46f9cd502b531a0a1228a1da18619a3d6c6,1,0.12430159002542496,0.4194035828113556,0.31006914377212524
P03-r2-end-only,6,24a259085f3e7460cdf1989788b3dfbd8168582aeb54cdd53c1de52fd360691d:ddfb55bb6a6b9a1951a269da1808a46f9cd502b531a0a1228a1da18619a3d6c6,3,0.12411917001008987,0.4156179428100586,0.31191298365592957
P03-r2-end-only,6,24a259085f3e7460cdf1989788b3dfbd8168582aeb54cdd53c1de52fd360691d:ddfb55bb6a6b9a1951a269da1808a46f9cd502b531a0a1228a1da18619a3d6c6,6,0.12471112608909607,0.421176940202713,0.3152867555618286
P03-r2-end-only,7,24a259085f3e7460cdf1989788b3dfbd8168582aeb54cdd53c1de52fd360691d:ccde15a1bc297801fedd9ac3bb092b8fe458fe908f6f4457ac951be56d7219af,fixed,0.19085060060024261,0.3148510456085205,0.5105254650115967
P03-r2-end-only,7,24a259085f3e7460cdf1989788b3dfbd8168582aeb54cdd53c1de52fd360691d:ccde15a1bc297801fedd9ac3bb092b8fe458fe908f6f4457ac951be56d7219af,1,0.12462322413921356,0.41204747557640076,0.32216551899909973
P03-r2-end-only,7,24a259085f3e7460cdf1989788b3dfbd8168582aeb54cdd53c1de52fd360691d:ccde15a1bc297801fedd9ac3bb092b8fe458fe908f6f4457ac951be56d7219af,3,0.12486621737480164,0.40218472480773926,0.3260265290737152
P03-r2-end-only,7,24a259085f3e7460cdf1989788b3dfbd8168582aeb54cdd53c1de52fd360691d:ccde15a1bc297801fedd9ac3bb092b8fe458fe908f6f4457ac951be56d7219af,6,0.12538765370845795,0.40761494636535645,0.33243393898010254
P03-r2-end-only,8,24a259085f3e7460cdf1989788b3dfbd8168582aeb54cdd53c1de52fd360691d:66ac9dbeb63fd504dbbaa0624aa44abcd752e6c83dd26657ab21545472f9e7ff,fixed,0.19178110361099243,0.3048759996891022,0.5150160789489746
P03-r2-end-only,8,24a259085f3e7460cdf1989788b3dfbd8168582aeb54cdd53c1de52fd360691d:66ac9dbeb63fd504dbbaa0624aa44abcd752e6c83dd26657ab21545472f9e7ff,1,0.12381888926029205,0.39208880066871643,0.32382121682167053
P03-r2-end-only,8,24a259085f3e7460cdf1989788b3dfbd8168582aeb54cdd53c1de52fd360691d:66ac9dbeb63fd504dbbaa0624aa44abcd752e6c83dd26657ab21545472f9e7ff,3,0.12381888926029205,0.39208880066871643,0.32382121682167053
P03-r2-end-only,8,24a259085f3e7460cdf1989788b3dfbd8168582aeb54cdd53c1de52fd360691d:66ac9dbeb63fd504dbbaa0624aa44abcd752e6c83dd26657ab21545472f9e7ff,6,0.12510772049427032,0.38908037543296814,0.3365640342235565
P03-r2-end-only,9,24a259085f3e7460cdf1989788b3dfbd8168582aeb54cdd53c1de52fd360691d:f349713b58fab37e07f2a4bb7605bf96090781563faa4878b872a8816f7d29ba,fixed,0.19077569246292114,0.29578396677970886,0.5228796601295471
P03-r2-end-only,9,24a259085f3e7460cdf1989788b3dfbd8168582aeb54cdd53c1de52fd360691d:f349713b58fab37e07f2a4bb7605bf96090781563faa4878b872a8816f7d29ba,1,0.12438034266233444,0.3863759934902191,0.3425869643688202
P03-r2-end-only,9,24a259085f3e7460cdf1989788b3dfbd8168582aeb54cdd53c1de52fd360691d:f349713b58fab37e07f2a4bb7605bf96090781563faa4878b872a8816f7d29ba,3,0.12464924156665802,0.37647131085395813,0.34759026765823364
P03-r2-end-only,9,24a259085f3e7460cdf1989788b3dfbd8168582aeb54cdd53c1de52fd360691d:f349713b58fab37e07f2a4bb7605bf96090781563faa4878b872a8816f7d29ba,6,0.12509161233901978,0.3795047104358673,0.3542275130748749
P03-r2-end-only,10,24a259085f3e7460cdf1989788b3dfbd8168582aeb54cdd53c1de52fd360691d:475f204e41140b642a4a7b8ae939c447dff9fa3f7bf26280d23439d9e7cd2766,fixed,0.1474795937538147,0.4508729875087738,0.2523171007633209
P03-r2-end-only,10,24a259085f3e7460cdf1989788b3dfbd8168582aeb54cdd53c1de52fd360691d:475f204e41140b642a4a7b8ae939c447dff9fa3f7bf26280d23439d9e7cd2766,1,0.12379182130098343,0.5979663133621216,0.20169299840927124
P03-r2-end-only,10,24a259085f3e7460cdf1989788b3dfbd8168582aeb54cdd53c1de52fd360691d:475f204e41140b642a4a7b8ae939c447dff9fa3f7bf26280d23439d9e7cd2766,3,0.12637537717819214,0.5641468167304993,0.21022529900074005
P03-r2-end-only,10,24a259085f3e7460cdf1989788b3dfbd8168582aeb54cdd53c1de52fd360691d:475f204e41140b642a4a7b8ae939c447dff9fa3f7bf26280d23439d9e7cd2766,6,0.1403309404850006,0.4357074499130249,0.24493439495563507
P04-end-only,1,a3f8e0261a11f281fc3065ef628990e945e171149ea9505057a2bdf3ec691180:72f0074fe7df1b717d90d2db6df234212b5df2afc6166f11a13d73a80952dcea,fixed,0.01840371824800968,0.8883209228515625,0.031728047877550125
P04-end-only,1,a3f8e0261a11f281fc3065ef628990e945e171149ea9505057a2bdf3ec691180:72f0074fe7df1b717d90d2db6df234212b5df2afc6166f11a13d73a80952dcea,1,0.01840371824800968,0.8883209228515625,0.031728047877550125
P04-end-only,1,a3f8e0261a11f281fc3065ef628990e945e171149ea9505057a2bdf3ec691180:72f0074fe7df1b717d90d2db6df234212b5df2afc6166f11a13d73a80952dcea,3,0.01840371824800968,0.8883209228515625,0.031728047877550125
P04-end-only,1,a3f8e0261a11f281fc3065ef628990e945e171149ea9505057a2bdf3ec691180:72f0074fe7df1b717d90d2db6df234212b5df2afc6166f11a13d73a80952dcea,6,0.01840371824800968,0.8883209228515625,0.031728047877550125
P04-end-only,2,a3f8e0261a11f281fc3065ef628990e945e171149ea9505057a2bdf3ec691180:06b5c9dc02fbf13fc15f528b85b948100afb06fac95032453399dab4f05e8cb7,fixed,0.025968050584197044,0.8348621726036072,0.05477737635374069
P04-end-only,2,a3f8e0261a11f281fc3065ef628990e945e171149ea9505057a2bdf3ec691180:06b5c9dc02fbf13fc15f528b85b948100afb06fac95032453399dab4f05e8cb7,1,0.023362623527646065,0.8567665219306946,0.05424788221716881
P04-end-only,2,a3f8e0261a11f281fc3065ef628990e945e171149ea9505057a2bdf3ec691180:06b5c9dc02fbf13fc15f528b85b948100afb06fac95032453399dab4f05e8cb7,3,0.023362623527646065,0.8567665219306946,0.05424788221716881
P04-end-only,2,a3f8e0261a11f281fc3065ef628990e945e171149ea9505057a2bdf3ec691180:06b5c9dc02fbf13fc15f528b85b948100afb06fac95032453399dab4f05e8cb7,6,0.023362623527646065,0.8567665219306946,0.05424788221716881
P04-end-only,3,a3f8e0261a11f281fc3065ef628990e945e171149ea9505057a2bdf3ec691180:0ee7d7c5349dc71b8f60ee842000aca388d37688ba65a3d5028ad511f58611ed,fixed,0.03271098807454109,0.7871373295783997,0.07703612744808197
P04-end-only,3,a3f8e0261a11f281fc3065ef628990e945e171149ea9505057a2bdf3ec691180:0ee7d7c5349dc71b8f60ee842000aca388d37688ba65a3d5028ad511f58611ed,1,0.029098980128765106,0.8208720088005066,0.07321377098560333
P04-end-only,3,a3f8e0261a11f281fc3065ef628990e945e171149ea9505057a2bdf3ec691180:0ee7d7c5349dc71b8f60ee842000aca388d37688ba65a3d5028ad511f58611ed,3,0.029098980128765106,0.8208720088005066,0.07321377098560333
P04-end-only,3,a3f8e0261a11f281fc3065ef628990e945e171149ea9505057a2bdf3ec691180:0ee7d7c5349dc71b8f60ee842000aca388d37688ba65a3d5028ad511f58611ed,6,0.029098980128765106,0.8208720088005066,0.07321377098560333
P04-end-only,4,a3f8e0261a11f281fc3065ef628990e945e171149ea9505057a2bdf3ec691180:afb9ee34d297717f92888799c55bb475149d0e445f1efdbeeac4fa28eb84f067,fixed,0.05544218793511391,0.71294766664505,0.12006574869155884
P04-end-only,4,a3f8e0261a11f281fc3065ef628990e945e171149ea9505057a2bdf3ec691180:afb9ee34d297717f92888799c55bb475149d0e445f1efdbeeac4fa28eb84f067,1,0.04820133373141289,0.7773118019104004,0.10510864853858948
P04-end-only,4,a3f8e0261a11f281fc3065ef628990e945e171149ea9505057a2bdf3ec691180:afb9ee34d297717f92888799c55bb475149d0e445f1efdbeeac4fa28eb84f067,3,0.04820133373141289,0.7773118019104004,0.10510864853858948
P04-end-only,4,a3f8e0261a11f281fc3065ef628990e945e171149ea9505057a2bdf3ec691180:afb9ee34d297717f92888799c55bb475149d0e445f1efdbeeac4fa28eb84f067,6,0.051172886043787,0.7440197467803955,0.10925644636154175
P04-end-only,5,a3f8e0261a11f281fc3065ef628990e945e171149ea9505057a2bdf3ec691180:cf4f8303118f133dba1077c06f10ddfccde01c0c8b7844ca935fc3772f19bfc5,fixed,0.13240620493888855,0.4151075780391693,0.34183269739151
P04-end-only,5,a3f8e0261a11f281fc3065ef628990e945e171149ea9505057a2bdf3ec691180:cf4f8303118f133dba1077c06f10ddfccde01c0c8b7844ca935fc3772f19bfc5,1,0.06295200437307358,0.7224617004394531,0.15251649916172028
P04-end-only,5,a3f8e0261a11f281fc3065ef628990e945e171149ea9505057a2bdf3ec691180:cf4f8303118f133dba1077c06f10ddfccde01c0c8b7844ca935fc3772f19bfc5,3,0.06295200437307358,0.7224617004394531,0.15251649916172028
P04-end-only,5,a3f8e0261a11f281fc3065ef628990e945e171149ea9505057a2bdf3ec691180:cf4f8303118f133dba1077c06f10ddfccde01c0c8b7844ca935fc3772f19bfc5,6,0.06561541557312012,0.6983886361122131,0.1529621183872223
P04-end-only,6,a3f8e0261a11f281fc3065ef628990e945e171149ea9505057a2bdf3ec691180:9662d6d1c973a43af15378d218c82e247ed10362330bcdbc3ad1366f2d1411ae,fixed,0.13438569009304047,0.4023829996585846,0.3525209426879883
P04-end-only,6,a3f8e0261a11f281fc3065ef628990e945e171149ea9505057a2bdf3ec691180:9662d6d1c973a43af15378d218c82e247ed10362330bcdbc3ad1366f2d1411ae,1,0.0668826773762703,0.6964426040649414,0.16892492771148682
P04-end-only,6,a3f8e0261a11f281fc3065ef628990e945e171149ea9505057a2bdf3ec691180:9662d6d1c973a43af15378d218c82e247ed10362330bcdbc3ad1366f2d1411ae,3,0.0668826773762703,0.6964426040649414,0.16892492771148682
P04-end-only,6,a3f8e0261a11f281fc3065ef628990e945e171149ea9505057a2bdf3ec691180:9662d6d1c973a43af15378d218c82e247ed10362330bcdbc3ad1366f2d1411ae,6,0.06884182244539261,0.6803510189056396,0.17003434896469116
P04-end-only,7,a3f8e0261a11f281fc3065ef628990e945e171149ea9505057a2bdf3ec691180:fd58722931d848508495c724a296326087beaec3a61ae834860fc62c5e24cbe5,fixed,0.13611829280853271,0.4022347033023834,0.3479330241680145
P04-end-only,7,a3f8e0261a11f281fc3065ef628990e945e171149ea9505057a2bdf3ec691180:fd58722931d848508495c724a296326087beaec3a61ae834860fc62c5e24cbe5,1,0.06988504528999329,0.6864304542541504,0.1652376651763916
P04-end-only,7,a3f8e0261a11f281fc3065ef628990e945e171149ea9505057a2bdf3ec691180:fd58722931d848508495c724a296326087beaec3a61ae834860fc62c5e24cbe5,3,0.06988504528999329,0.6864304542541504,0.1652376651763916
P04-end-only,7,a3f8e0261a11f281fc3065ef628990e945e171149ea9505057a2bdf3ec691180:fd58722931d848508495c724a296326087beaec3a61ae834860fc62c5e24cbe5,6,0.07150953263044357,0.675100564956665,0.16494722664356232
P04-end-only,8,a3f8e0261a11f281fc3065ef628990e945e171149ea9505057a2bdf3ec691180:3e58666b152e5e221b60c1cee61fecdcca9b61879139535256189fcbb954ba6c,fixed,0.13804741203784943,0.3897973299026489,0.3590282201766968
P04-end-only,8,a3f8e0261a11f281fc3065ef628990e945e171149ea9505057a2bdf3ec691180:3e58666b152e5e221b60c1cee61fecdcca9b61879139535256189fcbb954ba6c,1,0.07338233292102814,0.6560167670249939,0.1850573867559433
P04-end-only,8,a3f8e0261a11f281fc3065ef628990e945e171149ea9505057a2bdf3ec691180:3e58666b152e5e221b60c1cee61fecdcca9b61879139535256189fcbb954ba6c,3,0.07338233292102814,0.6560167670249939,0.1850573867559433
P04-end-only,8,a3f8e0261a11f281fc3065ef628990e945e171149ea9505057a2bdf3ec691180:3e58666b152e5e221b60c1cee61fecdcca9b61879139535256189fcbb954ba6c,6,0.07338233292102814,0.6560167670249939,0.1850573867559433
P04-end-only,9,a3f8e0261a11f281fc3065ef628990e945e171149ea9505057a2bdf3ec691180:69dd6819343740ae5cb234dcec7dd78d7998ba197a3a1b2da94a459382353519,fixed,0.1399747133255005,0.3754703104496002,0.3721795082092285
P04-end-only,9,a3f8e0261a11f281fc3065ef628990e945e171149ea9505057a2bdf3ec691180:69dd6819343740ae5cb234dcec7dd78d7998ba197a3a1b2da94a459382353519,1,0.07663470506668091,0.6262993812561035,0.2066776007413864
P04-end-only,9,a3f8e0261a11f281fc3065ef628990e945e171149ea9505057a2bdf3ec691180:69dd6819343740ae5cb234dcec7dd78d7998ba197a3a1b2da94a459382353519,3,0.07663470506668091,0.6262993812561035,0.2066776007413864
P04-end-only,9,a3f8e0261a11f281fc3065ef628990e945e171149ea9505057a2bdf3ec691180:69dd6819343740ae5cb234dcec7dd78d7998ba197a3a1b2da94a459382353519,6,0.07724126428365707,0.6266276240348816,0.20571331679821014
P04-end-only,10,a3f8e0261a11f281fc3065ef628990e945e171149ea9505057a2bdf3ec691180:58cf0a97042c8d759c39b05ac806a834666f5b16faa12492af10149e9be2adcf,fixed,0.14220327138900757,0.694753885269165,0.18617664277553558
P04-end-only,10,a3f8e0261a11f281fc3065ef628990e945e171149ea9505057a2bdf3ec691180:58cf0a97042c8d759c39b05ac806a834666f5b16faa12492af10149e9be2adcf,1,0.14352057874202728,0.6712606549263,0.18759576976299286
P04-end-only,10,a3f8e0261a11f281fc3065ef628990e945e171149ea9505057a2bdf3ec691180:58cf0a97042c8d759c39b05ac806a834666f5b16faa12492af10149e9be2adcf,3,0.14823032915592194,0.6199067234992981,0.19212482869625092
P04-end-only,10,a3f8e0261a11f281fc3065ef628990e945e171149ea9505057a2bdf3ec691180:58cf0a97042c8d759c39b05ac806a834666f5b16faa12492af10149e9be2adcf,6,0.15904510021209717,0.5249489545822144,0.20823490619659424
P05-end-only,1,8f3f729c8cb4a53b9ef2584e810673ee5b7133b5ea9263b75b77e0a1c6866bc2:6d9106aa3aadeeb985b1878c5509ce0f5da341b972cfbce4be9c79454841b09d,fixed,0.015822634100914,0.8821151256561279,0.048692625015974045
P05-end-only,1,8f3f729c8cb4a53b9ef2584e810673ee5b7133b5ea9263b75b77e0a1c6866bc2:6d9106aa3aadeeb985b1878c5509ce0f5da341b972cfbce4be9c79454841b09d,1,0.015822634100914,0.8821151256561279,0.048692625015974045
P05-end-only,1,8f3f729c8cb4a53b9ef2584e810673ee5b7133b5ea9263b75b77e0a1c6866bc2:6d9106aa3aadeeb985b1878c5509ce0f5da341b972cfbce4be9c79454841b09d,3,0.015822634100914,0.8821151256561279,0.048692625015974045
P05-end-only,1,8f3f729c8cb4a53b9ef2584e810673ee5b7133b5ea9263b75b77e0a1c6866bc2:6d9106aa3aadeeb985b1878c5509ce0f5da341b972cfbce4be9c79454841b09d,6,0.017926130443811417,0.8482168316841125,0.050030529499053955
P05-end-only,2,8f3f729c8cb4a53b9ef2584e810673ee5b7133b5ea9263b75b77e0a1c6866bc2:f6f9652b5ac951928b29a122fdc799834db4acc6f9830732f5c09925e77bf305,fixed,0.022392643615603447,0.815277099609375,0.06950265914201736
P05-end-only,2,8f3f729c8cb4a53b9ef2584e810673ee5b7133b5ea9263b75b77e0a1c6866bc2:f6f9652b5ac951928b29a122fdc799834db4acc6f9830732f5c09925e77bf305,1,0.019868647679686546,0.8376884460449219,0.06536561995744705
P05-end-only,2,8f3f729c8cb4a53b9ef2584e810673ee5b7133b5ea9263b75b77e0a1c6866bc2:f6f9652b5ac951928b29a122fdc799834db4acc6f9830732f5c09925e77bf305,3,0.019868647679686546,0.8376884460449219,0.06536561995744705
P05-end-only,2,8f3f729c8cb4a53b9ef2584e810673ee5b7133b5ea9263b75b77e0a1c6866bc2:f6f9652b5ac951928b29a122fdc799834db4acc6f9830732f5c09925e77bf305,6,0.019868647679686546,0.8376884460449219,0.06536561995744705
P05-end-only,3,8f3f729c8cb4a53b9ef2584e810673ee5b7133b5ea9263b75b77e0a1c6866bc2:5590e5c30ece7661bb1ac2d39e4c4d14f0c2dd48f62302623e4b03c967374eef,fixed,0.0282905176281929,0.7789292335510254,0.09390426427125931
P05-end-only,3,8f3f729c8cb4a53b9ef2584e810673ee5b7133b5ea9263b75b77e0a1c6866bc2:5590e5c30ece7661bb1ac2d39e4c4d14f0c2dd48f62302623e4b03c967374eef,1,0.025175461545586586,0.8120314478874207,0.0889648050069809
P05-end-only,3,8f3f729c8cb4a53b9ef2584e810673ee5b7133b5ea9263b75b77e0a1c6866bc2:5590e5c30ece7661bb1ac2d39e4c4d14f0c2dd48f62302623e4b03c967374eef,3,0.025098266080021858,0.813166618347168,0.08551110327243805
P05-end-only,3,8f3f729c8cb4a53b9ef2584e810673ee5b7133b5ea9263b75b77e0a1c6866bc2:5590e5c30ece7661bb1ac2d39e4c4d14f0c2dd48f62302623e4b03c967374eef,6,0.02563704364001751,0.8040394186973572,0.087386354804039
P05-end-only,4,8f3f729c8cb4a53b9ef2584e810673ee5b7133b5ea9263b75b77e0a1c6866bc2:9b1a43ca55185dd3d4b046d97d01afd48996708f2781878e37527aae66ea7709,fixed,0.04256638512015343,0.6973174214363098,0.13186918199062347
P05-end-only,4,8f3f729c8cb4a53b9ef2584e810673ee5b7133b5ea9263b75b77e0a1c6866bc2:9b1a43ca55185dd3d4b046d97d01afd48996708f2781878e37527aae66ea7709,1,0.035658098757267,0.7770125269889832,0.11754801869392395
P05-end-only,4,8f3f729c8cb4a53b9ef2584e810673ee5b7133b5ea9263b75b77e0a1c6866bc2:9b1a43ca55185dd3d4b046d97d01afd48996708f2781878e37527aae66ea7709,3,0.03669387847185135,0.761134922504425,0.12161270529031754
P05-end-only,4,8f3f729c8cb4a53b9ef2584e810673ee5b7133b5ea9263b75b77e0a1c6866bc2:9b1a43ca55185dd3d4b046d97d01afd48996708f2781878e37527aae66ea7709,6,0.03944957256317139,0.7294378280639648,0.12546426057815552
P05-end-only,5,8f3f729c8cb4a53b9ef2584e810673ee5b7133b5ea9263b75b77e0a1c6866bc2:b29fc97456cd3f84f2b43093ccea9d3fe5702bb55f1d94c8be875da01a4b1130,fixed,0.13363569974899292,0.41188350319862366,0.43358439207077026
P05-end-only,5,8f3f729c8cb4a53b9ef2584e810673ee5b7133b5ea9263b75b77e0a1c6866bc2:b29fc97456cd3f84f2b43093ccea9d3fe5702bb55f1d94c8be875da01a4b1130,1,0.0808720588684082,0.6381780505180359,0.19190973043441772
P05-end-only,5,8f3f729c8cb4a53b9ef2584e810673ee5b7133b5ea9263b75b77e0a1c6866bc2:b29fc97456cd3f84f2b43093ccea9d3fe5702bb55f1d94c8be875da01a4b1130,3,0.08119811117649078,0.6378839612007141,0.18988880515098572
P05-end-only,5,8f3f729c8cb4a53b9ef2584e810673ee5b7133b5ea9263b75b77e0a1c6866bc2:b29fc97456cd3f84f2b43093ccea9d3fe5702bb55f1d94c8be875da01a4b1130,6,0.0849856287240982,0.5857078433036804,0.19822123646736145
P05-end-only,6,8f3f729c8cb4a53b9ef2584e810673ee5b7133b5ea9263b75b77e0a1c6866bc2:a47813f7d3aefc2c386f4384c503c27678447332af629c936c3fe5295902e42b,fixed,0.13394500315189362,0.40122947096824646,0.4366246163845062
P05-end-only,6,8f3f729c8cb4a53b9ef2584e810673ee5b7133b5ea9263b75b77e0a1c6866bc2:a47813f7d3aefc2c386f4384c503c27678447332af629c936c3fe5295902e42b,1,0.08364389836788177,0.6131631731987,0.20740550756454468
P05-end-only,6,8f3f729c8cb4a53b9ef2584e810673ee5b7133b5ea9263b75b77e0a1c6866bc2:a47813f7d3aefc2c386f4384c503c27678447332af629c936c3fe5295902e42b,3,0.08458177000284195,0.6022471785545349,0.20826023817062378
P05-end-only,6,8f3f729c8cb4a53b9ef2584e810673ee5b7133b5ea9263b75b77e0a1c6866bc2:a47813f7d3aefc2c386f4384c503c27678447332af629c936c3fe5295902e42b,6,0.08682116121053696,0.5684162974357605,0.2144228219985962
P05-end-only,7,8f3f729c8cb4a53b9ef2584e810673ee5b7133b5ea9263b75b77e0a1c6866bc2:824ca468c306cdae41af869c08bed8c0e10c4e1707bc2c9e74fce91fca53ab1a,fixed,0.13378362357616425,0.3929974138736725,0.44054850935935974
P05-end-only,7,8f3f729c8cb4a53b9ef2584e810673ee5b7133b5ea9263b75b77e0a1c6866bc2:824ca468c306cdae41af869c08bed8c0e10c4e1707bc2c9e74fce91fca53ab1a,1,0.08607164770364761,0.5934911966323853,0.21531081199645996
P05-end-only,7,8f3f729c8cb4a53b9ef2584e810673ee5b7133b5ea9263b75b77e0a1c6866bc2:824ca468c306cdae41af869c08bed8c0e10c4e1707bc2c9e74fce91fca53ab1a,3,0.08676925301551819,0.5858847498893738,0.21692466735839844
P05-end-only,7,8f3f729c8cb4a53b9ef2584e810673ee5b7133b5ea9263b75b77e0a1c6866bc2:824ca468c306cdae41af869c08bed8c0e10c4e1707bc2c9e74fce91fca53ab1a,6,0.08866829425096512,0.5572678446769714,0.22305899858474731
P05-end-only,8,8f3f729c8cb4a53b9ef2584e810673ee5b7133b5ea9263b75b77e0a1c6866bc2:5952565501716b3ad06bbbd5e9d307c65ce548f0ed2c5e3aae046a7912bc4f37,fixed,0.13546288013458252,0.3777247965335846,0.45329034328460693
P05-end-only,8,8f3f729c8cb4a53b9ef2584e810673ee5b7133b5ea9263b75b77e0a1c6866bc2:5952565501716b3ad06bbbd5e9d307c65ce548f0ed2c5e3aae046a7912bc4f37,1,0.08831309527158737,0.5596904754638672,0.23725050687789917
P05-end-only,8,8f3f729c8cb4a53b9ef2584e810673ee5b7133b5ea9263b75b77e0a1c6866bc2:5952565501716b3ad06bbbd5e9d307c65ce548f0ed2c5e3aae046a7912bc4f37,3,0.08829323947429657,0.5617552399635315,0.24069203436374664
P05-end-only,8,8f3f729c8cb4a53b9ef2584e810673ee5b7133b5ea9263b75b77e0a1c6866bc2:5952565501716b3ad06bbbd5e9d307c65ce548f0ed2c5e3aae046a7912bc4f37,6,0.08953006565570831,0.5422341227531433,0.24703598022460938
P05-end-only,9,8f3f729c8cb4a53b9ef2584e810673ee5b7133b5ea9263b75b77e0a1c6866bc2:2ecf2d7404183ed9e9888331c55941bf86fceff3e4b66019dfe448122475a1fe,fixed,0.13451658189296722,0.37728404998779297,0.45400717854499817
P05-end-only,9,8f3f729c8cb4a53b9ef2584e810673ee5b7133b5ea9263b75b77e0a1c6866bc2:2ecf2d7404183ed9e9888331c55941bf86fceff3e4b66019dfe448122475a1fe,1,0.08961238712072372,0.5550453066825867,0.24725058674812317
P05-end-only,9,8f3f729c8cb4a53b9ef2584e810673ee5b7133b5ea9263b75b77e0a1c6866bc2:2ecf2d7404183ed9e9888331c55941bf86fceff3e4b66019dfe448122475a1fe,3,0.08961238712072372,0.5550453066825867,0.24725058674812317
P05-end-only,9,8f3f729c8cb4a53b9ef2584e810673ee5b7133b5ea9263b75b77e0a1c6866bc2:2ecf2d7404183ed9e9888331c55941bf86fceff3e4b66019dfe448122475a1fe,6,0.09049186110496521,0.5396023392677307,0.2518075108528137
P05-end-only,10,8f3f729c8cb4a53b9ef2584e810673ee5b7133b5ea9263b75b77e0a1c6866bc2:2197ec4b57bfc80159ea1682b352432f948353c0fe358d40828b2d3b5ba0b9f1,fixed,0.15727263689041138,0.5925163626670837,0.23568332195281982
P05-end-only,10,8f3f729c8cb4a53b9ef2584e810673ee5b7133b5ea9263b75b77e0a1c6866bc2:2197ec4b57bfc80159ea1682b352432f948353c0fe358d40828b2d3b5ba0b9f1,1,0.19887793064117432,0.343243271112442,0.5684999823570251
P05-end-only,10,8f3f729c8cb4a53b9ef2584e810673ee5b7133b5ea9263b75b77e0a1c6866bc2:2197ec4b57bfc80159ea1682b352432f948353c0fe358d40828b2d3b5ba0b9f1,3,0.2006443738937378,0.3427695333957672,0.5772225260734558
P05-end-only,10,8f3f729c8cb4a53b9ef2584e810673ee5b7133b5ea9263b75b77e0a1c6866bc2:2197ec4b57bfc80159ea1682b352432f948353c0fe358d40828b2d3b5ba0b9f1,6,0.2008897066116333,0.34276315569877625,0.5768853425979614
P06-end-only,1,0c066a6530f05a89f4087c0278dab449ec735118b588baf024133c40647c0767:5d52a0d716c9c76ad725e99e9910eb81a8db5770702f0e8e02e69aafd5818e14,fixed,0.016039207577705383,0.8770872950553894,0.052219681441783905
P06-end-only,1,0c066a6530f05a89f4087c0278dab449ec735118b588baf024133c40647c0767:5d52a0d716c9c76ad725e99e9910eb81a8db5770702f0e8e02e69aafd5818e14,1,0.016039207577705383,0.8770872950553894,0.052219681441783905
P06-end-only,1,0c066a6530f05a89f4087c0278dab449ec735118b588baf024133c40647c0767:5d52a0d716c9c76ad725e99e9910eb81a8db5770702f0e8e02e69aafd5818e14,3,0.016039207577705383,0.8770872950553894,0.052219681441783905
P06-end-only,1,0c066a6530f05a89f4087c0278dab449ec735118b588baf024133c40647c0767:5d52a0d716c9c76ad725e99e9910eb81a8db5770702f0e8e02e69aafd5818e14,6,0.016039207577705383,0.8770872950553894,0.052219681441783905
P06-end-only,2,0c066a6530f05a89f4087c0278dab449ec735118b588baf024133c40647c0767:3b0dd622f8fe7c0ce8b4fb8173e2cf7f414d37dfc02b5b5ed5218ee1b7e428aa,fixed,0.022228486835956573,0.8333027362823486,0.07619599997997284
P06-end-only,2,0c066a6530f05a89f4087c0278dab449ec735118b588baf024133c40647c0767:3b0dd622f8fe7c0ce8b4fb8173e2cf7f414d37dfc02b5b5ed5218ee1b7e428aa,1,0.021894685924053192,0.8323414325714111,0.07550738751888275
P06-end-only,2,0c066a6530f05a89f4087c0278dab449ec735118b588baf024133c40647c0767:3b0dd622f8fe7c0ce8b4fb8173e2cf7f414d37dfc02b5b5ed5218ee1b7e428aa,3,0.021894685924053192,0.8323414325714111,0.07550738751888275
P06-end-only,2,0c066a6530f05a89f4087c0278dab449ec735118b588baf024133c40647c0767:3b0dd622f8fe7c0ce8b4fb8173e2cf7f414d37dfc02b5b5ed5218ee1b7e428aa,6,0.022228486835956573,0.8333027362823486,0.07619599997997284
P06-end-only,3,0c066a6530f05a89f4087c0278dab449ec735118b588baf024133c40647c0767:fbbc2f2a6163d555e1cfe9aa8bd0b836abb7242576e8e31f189650aa2a3a61dd,fixed,0.02911248989403248,0.7905220985412598,0.0997520461678505
P06-end-only,3,0c066a6530f05a89f4087c0278dab449ec735118b588baf024133c40647c0767:fbbc2f2a6163d555e1cfe9aa8bd0b836abb7242576e8e31f189650aa2a3a61dd,1,0.027665546163916588,0.802544891834259,0.10038287937641144
P06-end-only,3,0c066a6530f05a89f4087c0278dab449ec735118b588baf024133c40647c0767:fbbc2f2a6163d555e1cfe9aa8bd0b836abb7242576e8e31f189650aa2a3a61dd,3,0.027665546163916588,0.802544891834259,0.10038287937641144
P06-end-only,3,0c066a6530f05a89f4087c0278dab449ec735118b588baf024133c40647c0767:fbbc2f2a6163d555e1cfe9aa8bd0b836abb7242576e8e31f189650aa2a3a61dd,6,0.027665546163916588,0.802544891834259,0.10038287937641144
P06-end-only,4,0c066a6530f05a89f4087c0278dab449ec735118b588baf024133c40647c0767:999c822946c3ba0b1ba32398cf2aee0200536848c685cf8da8c0fc439dc5ea0c,fixed,0.04030841961503029,0.7304844260215759,0.14814046025276184
P06-end-only,4,0c066a6530f05a89f4087c0278dab449ec735118b588baf024133c40647c0767:999c822946c3ba0b1ba32398cf2aee0200536848c685cf8da8c0fc439dc5ea0c,1,0.03872042894363403,0.7437245845794678,0.14945080876350403
P06-end-only,4,0c066a6530f05a89f4087c0278dab449ec735118b588baf024133c40647c0767:999c822946c3ba0b1ba32398cf2aee0200536848c685cf8da8c0fc439dc5ea0c,3,0.0399705246090889,0.7310468554496765,0.1485162079334259
P06-end-only,4,0c066a6530f05a89f4087c0278dab449ec735118b588baf024133c40647c0767:999c822946c3ba0b1ba32398cf2aee0200536848c685cf8da8c0fc439dc5ea0c,6,0.0399705246090889,0.7310468554496765,0.1485162079334259
P06-end-only,5,0c066a6530f05a89f4087c0278dab449ec735118b588baf024133c40647c0767:b84bcc00604b0f5d45b0383d3fee5eb80b760ac6cce6f75ba3b8dfbdfe20fd14,fixed,0.06792251020669937,0.5909715294837952,0.21689721941947937
P06-end-only,5,0c066a6530f05a89f4087c0278dab449ec735118b588baf024133c40647c0767:b84bcc00604b0f5d45b0383d3fee5eb80b760ac6cce6f75ba3b8dfbdfe20fd14,1,0.06146226078271866,0.6404414176940918,0.20893974602222443
P06-end-only,5,0c066a6530f05a89f4087c0278dab449ec735118b588baf024133c40647c0767:b84bcc00604b0f5d45b0383d3fee5eb80b760ac6cce6f75ba3b8dfbdfe20fd14,3,0.06218653917312622,0.6363136172294617,0.20595631003379822
P06-end-only,5,0c066a6530f05a89f4087c0278dab449ec735118b588baf024133c40647c0767:b84bcc00604b0f5d45b0383d3fee5eb80b760ac6cce6f75ba3b8dfbdfe20fd14,6,0.06218653917312622,0.6363136172294617,0.20595631003379822
P06-end-only,6,0c066a6530f05a89f4087c0278dab449ec735118b588baf024133c40647c0767:a9729e585d5348ed34aaf1f92af2a3e0ec4dadf621f955e39646fb3f1af7ce00,fixed,0.06756208837032318,0.5814064145088196,0.23464888334274292
P06-end-only,6,0c066a6530f05a89f4087c0278dab449ec735118b588baf024133c40647c0767:a9729e585d5348ed34aaf1f92af2a3e0ec4dadf621f955e39646fb3f1af7ce00,1,0.06265312433242798,0.6189848184585571,0.22700759768486023
P06-end-only,6,0c066a6530f05a89f4087c0278dab449ec735118b588baf024133c40647c0767:a9729e585d5348ed34aaf1f92af2a3e0ec4dadf621f955e39646fb3f1af7ce00,3,0.06265312433242798,0.6189848184585571,0.22700759768486023
P06-end-only,6,0c066a6530f05a89f4087c0278dab449ec735118b588baf024133c40647c0767:a9729e585d5348ed34aaf1f92af2a3e0ec4dadf621f955e39646fb3f1af7ce00,6,0.06265312433242798,0.6189848184585571,0.22700759768486023
P06-end-only,7,0c066a6530f05a89f4087c0278dab449ec735118b588baf024133c40647c0767:a0348cfeb5cdaca256c07bd58d3bd4088750b2e9853c7faba0f4bacfba46129d,fixed,0.0670701339840889,0.5728539824485779,0.24356715381145477
P06-end-only,7,0c066a6530f05a89f4087c0278dab449ec735118b588baf024133c40647c0767:a0348cfeb5cdaca256c07bd58d3bd4088750b2e9853c7faba0f4bacfba46129d,1,0.06317729502916336,0.5966476798057556,0.23554255068302155
P06-end-only,7,0c066a6530f05a89f4087c0278dab449ec735118b588baf024133c40647c0767:a0348cfeb5cdaca256c07bd58d3bd4088750b2e9853c7faba0f4bacfba46129d,3,0.06317729502916336,0.5966476798057556,0.23554255068302155
P06-end-only,7,0c066a6530f05a89f4087c0278dab449ec735118b588baf024133c40647c0767:a0348cfeb5cdaca256c07bd58d3bd4088750b2e9853c7faba0f4bacfba46129d,6,0.06317729502916336,0.5966476798057556,0.23554255068302155
P06-end-only,8,0c066a6530f05a89f4087c0278dab449ec735118b588baf024133c40647c0767:ad66feeb437d1f0d721778bce79f6d8326bd6d7e76d101eea6ea0e32ab23ab23,fixed,0.06696654111146927,0.5530668497085571,0.27116531133651733
P06-end-only,8,0c066a6530f05a89f4087c0278dab449ec735118b588baf024133c40647c0767:ad66feeb437d1f0d721778bce79f6d8326bd6d7e76d101eea6ea0e32ab23ab23,1,0.06358280777931213,0.5710340142250061,0.2616966962814331
P06-end-only,8,0c066a6530f05a89f4087c0278dab449ec735118b588baf024133c40647c0767:ad66feeb437d1f0d721778bce79f6d8326bd6d7e76d101eea6ea0e32ab23ab23,3,0.06358280777931213,0.5710340142250061,0.2616966962814331
P06-end-only,8,0c066a6530f05a89f4087c0278dab449ec735118b588baf024133c40647c0767:ad66feeb437d1f0d721778bce79f6d8326bd6d7e76d101eea6ea0e32ab23ab23,6,0.06358280777931213,0.5710340142250061,0.2616966962814331
P06-end-only,9,0c066a6530f05a89f4087c0278dab449ec735118b588baf024133c40647c0767:77acee908b5367fff308bee17f4dfb5e1154953057b0dd48eb5c1037893da094,fixed,0.06881317496299744,0.5451095104217529,0.2784115970134735
P06-end-only,9,0c066a6530f05a89f4087c0278dab449ec735118b588baf024133c40647c0767:77acee908b5367fff308bee17f4dfb5e1154953057b0dd48eb5c1037893da094,1,0.06640351563692093,0.5538173317909241,0.2803415060043335
P06-end-only,9,0c066a6530f05a89f4087c0278dab449ec735118b588baf024133c40647c0767:77acee908b5367fff308bee17f4dfb5e1154953057b0dd48eb5c1037893da094,3,0.06640351563692093,0.5538173317909241,0.2803415060043335
P06-end-only,9,0c066a6530f05a89f4087c0278dab449ec735118b588baf024133c40647c0767:77acee908b5367fff308bee17f4dfb5e1154953057b0dd48eb5c1037893da094,6,0.06660903990268707,0.5551142692565918,0.27552902698516846
P06-end-only,10,0c066a6530f05a89f4087c0278dab449ec735118b588baf024133c40647c0767:2bc10eb812424ca6399384141350b8e6da7631832bac13a507c7f5bb1fc98074,fixed,0.12653160095214844,0.4720388948917389,0.3100045621395111
P06-end-only,10,0c066a6530f05a89f4087c0278dab449ec735118b588baf024133c40647c0767:2bc10eb812424ca6399384141350b8e6da7631832bac13a507c7f5bb1fc98074,1,0.10303274542093277,0.6541406512260437,0.241262748837471
P06-end-only,10,0c066a6530f05a89f4087c0278dab449ec735118b588baf024133c40647c0767:2bc10eb812424ca6399384141350b8e6da7631832bac13a507c7f5bb1fc98074,3,0.10645657777786255,0.6141180396080017,0.24684754014015198
P06-end-only,10,0c066a6530f05a89f4087c0278dab449ec735118b588baf024133c40647c0767:2bc10eb812424ca6399384141350b8e6da7631832bac13a507c7f5bb1fc98074,6,0.11447178572416306,0.5273174047470093,0.2629855275154114
P04-always-original,1,a3f8e0261a11f281fc3065ef628990e945e171149ea9505057a2bdf3ec691180:5a8c2c6a931b2488dd8138369a9148577094a63951da8f646a2fba17dfbc7144,fixed,0.0165006835013628,0.8933680057525635,0.03469075262546539
P04-always-original,1,a3f8e0261a11f281fc3065ef628990e945e171149ea9505057a2bdf3ec691180:5a8c2c6a931b2488dd8138369a9148577094a63951da8f646a2fba17dfbc7144,1,0.0165006835013628,0.8933680057525635,0.03469075262546539
P04-always-original,1,a3f8e0261a11f281fc3065ef628990e945e171149ea9505057a2bdf3ec691180:5a8c2c6a931b2488dd8138369a9148577094a63951da8f646a2fba17dfbc7144,3,0.0165006835013628,0.8933680057525635,0.03469075262546539
P04-always-original,1,a3f8e0261a11f281fc3065ef628990e945e171149ea9505057a2bdf3ec691180:5a8c2c6a931b2488dd8138369a9148577094a63951da8f646a2fba17dfbc7144,6,0.0165006835013628,0.8933680057525635,0.03469075262546539
P04-always-original,2,a3f8e0261a11f281fc3065ef628990e945e171149ea9505057a2bdf3ec691180:5f419f8d53c08e70fb756981478357b09635e5714e02631deb506eff59e21f3d,fixed,0.02022259682416916,0.8826797604560852,0.032905057072639465
P04-always-original,2,a3f8e0261a11f281fc3065ef628990e945e171149ea9505057a2bdf3ec691180:5f419f8d53c08e70fb756981478357b09635e5714e02631deb506eff59e21f3d,1,0.01968161202967167,0.878314197063446,0.03511684387922287
P04-always-original,2,a3f8e0261a11f281fc3065ef628990e945e171149ea9505057a2bdf3ec691180:5f419f8d53c08e70fb756981478357b09635e5714e02631deb506eff59e21f3d,3,0.01968161202967167,0.878314197063446,0.03511684387922287
P04-always-original,2,a3f8e0261a11f281fc3065ef628990e945e171149ea9505057a2bdf3ec691180:5f419f8d53c08e70fb756981478357b09635e5714e02631deb506eff59e21f3d,6,0.01968161202967167,0.878314197063446,0.03511684387922287
P04-always-original,3,a3f8e0261a11f281fc3065ef628990e945e171149ea9505057a2bdf3ec691180:fd9030e0ebd440bbeb4792bbf6b179300e8a955231e8966d01c9dc2613009445,fixed,0.018093613907694817,0.8852024078369141,0.033253010362386703
P04-always-original,3,a3f8e0261a11f281fc3065ef628990e945e171149ea9505057a2bdf3ec691180:fd9030e0ebd440bbeb4792bbf6b179300e8a955231e8966d01c9dc2613009445,1,0.018137197941541672,0.8782609105110168,0.03545316308736801
P04-always-original,3,a3f8e0261a11f281fc3065ef628990e945e171149ea9505057a2bdf3ec691180:fd9030e0ebd440bbeb4792bbf6b179300e8a955231e8966d01c9dc2613009445,3,0.018137197941541672,0.8782609105110168,0.03545316308736801
P04-always-original,3,a3f8e0261a11f281fc3065ef628990e945e171149ea9505057a2bdf3ec691180:fd9030e0ebd440bbeb4792bbf6b179300e8a955231e8966d01c9dc2613009445,6,0.018137197941541672,0.8782609105110168,0.03545316308736801
P04-always-original,4,a3f8e0261a11f281fc3065ef628990e945e171149ea9505057a2bdf3ec691180:0dad891319963f217bc8f572380689d59a5e4c3a16af6d3a9f181c7399fef472,fixed,0.026393255218863487,0.8662427067756653,0.058615006506443024
P04-always-original,4,a3f8e0261a11f281fc3065ef628990e945e171149ea9505057a2bdf3ec691180:0dad891319963f217bc8f572380689d59a5e4c3a16af6d3a9f181c7399fef472,1,0.026393255218863487,0.8662427067756653,0.058615006506443024
P04-always-original,4,a3f8e0261a11f281fc3065ef628990e945e171149ea9505057a2bdf3ec691180:0dad891319963f217bc8f572380689d59a5e4c3a16af6d3a9f181c7399fef472,3,0.03145251423120499,0.8049346804618835,0.06547147035598755
P04-always-original,4,a3f8e0261a11f281fc3065ef628990e945e171149ea9505057a2bdf3ec691180:0dad891319963f217bc8f572380689d59a5e4c3a16af6d3a9f181c7399fef472,6,0.03195105865597725,0.7913746237754822,0.06571666896343231
P04-always-original,5,a3f8e0261a11f281fc3065ef628990e945e171149ea9505057a2bdf3ec691180:36e4aacca1f0e0f9d1f647dfc4f8b02e75f31fca083b8cfced9aff3ea0d67803,fixed,0.09568075835704803,0.5687956809997559,0.18760992586612701
P04-always-original,5,a3f8e0261a11f281fc3065ef628990e945e171149ea9505057a2bdf3ec691180:36e4aacca1f0e0f9d1f647dfc4f8b02e75f31fca083b8cfced9aff3ea0d67803,1,0.07467646896839142,0.6490752696990967,0.13018178939819336
P04-always-original,5,a3f8e0261a11f281fc3065ef628990e945e171149ea9505057a2bdf3ec691180:36e4aacca1f0e0f9d1f647dfc4f8b02e75f31fca083b8cfced9aff3ea0d67803,3,0.07467646896839142,0.6490752696990967,0.13018178939819336
P04-always-original,5,a3f8e0261a11f281fc3065ef628990e945e171149ea9505057a2bdf3ec691180:36e4aacca1f0e0f9d1f647dfc4f8b02e75f31fca083b8cfced9aff3ea0d67803,6,0.07467646896839142,0.6490752696990967,0.13018178939819336
P04-always-original,6,a3f8e0261a11f281fc3065ef628990e945e171149ea9505057a2bdf3ec691180:f82b496989668c7523ce98f6f322fed5f4b0c62c48bfc767e7e40ac7d88ad421,fixed,0.11808444559574127,0.46854367852211,0.23934999108314514
P04-always-original,6,a3f8e0261a11f281fc3065ef628990e945e171149ea9505057a2bdf3ec691180:f82b496989668c7523ce98f6f322fed5f4b0c62c48bfc767e7e40ac7d88ad421,1,0.07823135703802109,0.6631171107292175,0.14190733432769775
P04-always-original,6,a3f8e0261a11f281fc3065ef628990e945e171149ea9505057a2bdf3ec691180:f82b496989668c7523ce98f6f322fed5f4b0c62c48bfc767e7e40ac7d88ad421,3,0.07823135703802109,0.6631171107292175,0.14190733432769775
P04-always-original,6,a3f8e0261a11f281fc3065ef628990e945e171149ea9505057a2bdf3ec691180:f82b496989668c7523ce98f6f322fed5f4b0c62c48bfc767e7e40ac7d88ad421,6,0.08089078217744827,0.6428778767585754,0.1426379233598709
P04-always-original,7,a3f8e0261a11f281fc3065ef628990e945e171149ea9505057a2bdf3ec691180:c232ff01835bf0e4dfecaa22e4fd006c07f29a84ce13ce0da227edc4f3ff397f,fixed,0.03167292848229408,0.8630642294883728,0.06362206488847733
P04-always-original,7,a3f8e0261a11f281fc3065ef628990e945e171149ea9505057a2bdf3ec691180:c232ff01835bf0e4dfecaa22e4fd006c07f29a84ce13ce0da227edc4f3ff397f,1,0.03250129148364067,0.850684642791748,0.0666557252407074
P04-always-original,7,a3f8e0261a11f281fc3065ef628990e945e171149ea9505057a2bdf3ec691180:c232ff01835bf0e4dfecaa22e4fd006c07f29a84ce13ce0da227edc4f3ff397f,3,0.03250129148364067,0.850684642791748,0.0666557252407074
P04-always-original,7,a3f8e0261a11f281fc3065ef628990e945e171149ea9505057a2bdf3ec691180:c232ff01835bf0e4dfecaa22e4fd006c07f29a84ce13ce0da227edc4f3ff397f,6,0.03805570676922798,0.7870244383811951,0.06985662877559662
P04-always-original,8,a3f8e0261a11f281fc3065ef628990e945e171149ea9505057a2bdf3ec691180:3014d2c1bde808ff66c027895de2e1ee37d9d75dd5307dce2d7ddfe17b9ab39f,fixed,0.04390442743897438,0.8412739634513855,0.08152759820222855
P04-always-original,8,a3f8e0261a11f281fc3065ef628990e945e171149ea9505057a2bdf3ec691180:3014d2c1bde808ff66c027895de2e1ee37d9d75dd5307dce2d7ddfe17b9ab39f,1,0.04390442743897438,0.8412739634513855,0.08152759820222855
P04-always-original,8,a3f8e0261a11f281fc3065ef628990e945e171149ea9505057a2bdf3ec691180:3014d2c1bde808ff66c027895de2e1ee37d9d75dd5307dce2d7ddfe17b9ab39f,3,0.04752016440033913,0.7983755469322205,0.08751408755779266
P04-always-original,8,a3f8e0261a11f281fc3065ef628990e945e171149ea9505057a2bdf3ec691180:3014d2c1bde808ff66c027895de2e1ee37d9d75dd5307dce2d7ddfe17b9ab39f,6,0.053052566945552826,0.7344693541526794,0.09448090195655823
P04-always-original,9,a3f8e0261a11f281fc3065ef628990e945e171149ea9505057a2bdf3ec691180:e73b8f420ce7b7adf3c6acd1e27c331defc6156df9568637b292a35bdf744403,fixed,0.07454399019479752,0.6816647052764893,0.12434537708759308
P04-always-original,9,a3f8e0261a11f281fc3065ef628990e945e171149ea9505057a2bdf3ec691180:e73b8f420ce7b7adf3c6acd1e27c331defc6156df9568637b292a35bdf744403,1,0.06691709905862808,0.7186379432678223,0.11317670345306396
P04-always-original,9,a3f8e0261a11f281fc3065ef628990e945e171149ea9505057a2bdf3ec691180:e73b8f420ce7b7adf3c6acd1e27c331defc6156df9568637b292a35bdf744403,3,0.07073676586151123,0.6744562983512878,0.12051418423652649
P04-always-original,9,a3f8e0261a11f281fc3065ef628990e945e171149ea9505057a2bdf3ec691180:e73b8f420ce7b7adf3c6acd1e27c331defc6156df9568637b292a35bdf744403,6,0.07073676586151123,0.6744562983512878,0.12051418423652649
P04-always-original,10,a3f8e0261a11f281fc3065ef628990e945e171149ea9505057a2bdf3ec691180:58cf0a97042c8d759c39b05ac806a834666f5b16faa12492af10149e9be2adcf,fixed,0.14220327138900757,0.694753885269165,0.18617664277553558
P04-always-original,10,a3f8e0261a11f281fc3065ef628990e945e171149ea9505057a2bdf3ec691180:58cf0a97042c8d759c39b05ac806a834666f5b16faa12492af10149e9be2adcf,1,0.14352057874202728,0.6712606549263,0.18759576976299286
P04-always-original,10,a3f8e0261a11f281fc3065ef628990e945e171149ea9505057a2bdf3ec691180:58cf0a97042c8d759c39b05ac806a834666f5b16faa12492af10149e9be2adcf,3,0.14823032915592194,0.6199067234992981,0.19212482869625092
P04-always-original,10,a3f8e0261a11f281fc3065ef628990e945e171149ea9505057a2bdf3ec691180:58cf0a97042c8d759c39b05ac806a834666f5b16faa12492af10149e9be2adcf,6,0.15904510021209717,0.5249489545822144,0.20823490619659424
