id,person,order,repeat,stage,added,completed_set,basis,scope,region,mode,mae,ssim,lpips,highpass_mae
P06-navy_cable-r1,P06,navy_cable,1,1,navy_cable,navy_cable,original,face,whole_roi,fixed,0.017482934519648552,0.889509379863739,0.028754472732543945,
P06-navy_cable-r1,P06,navy_cable,1,1,navy_cable,navy_cable,original,skin,weighted_three_regions,fixed,0.016746124434398442,0.8494725929547663,,0.012315487307382793
P06-navy_cable-r1,P06,navy_cable,1,1,navy_cable,navy_cable,original,skin,forehead,fixed,0.016238970682024956,0.8346161842346191,,0.012272996827960014
P06-navy_cable-r1,P06,navy_cable,1,1,navy_cable,navy_cable,original,skin,cheek_viewer_left,fixed,0.01697942242026329,0.8965384364128113,,0.012707145884633064
P06-navy_cable-r1,P06,navy_cable,1,1,navy_cable,navy_cable,original,skin,cheek_viewer_right,fixed,0.018097681924700737,0.856118381023407,,0.012056611478328705
P06-navy_cable-r1,P06,navy_cable,1,1,navy_cable,navy_cable,original,face,whole_roi,1,0.01858719065785408,0.8722035884857178,0.030579278245568275,
P06-navy_cable-r1,P06,navy_cable,1,1,navy_cable,navy_cable,original,skin,weighted_three_regions,1,0.017658516128615635,0.8182319541500039,,0.013838145177720524
P06-navy_cable-r1,P06,navy_cable,1,1,navy_cable,navy_cable,original,skin,forehead,1,0.01709640398621559,0.7981975674629211,,0.013840441592037678
P06-navy_cable-r1,P06,navy_cable,1,1,navy_cable,navy_cable,original,skin,cheek_viewer_left,1,0.018340228125452995,0.8824755549430847,,0.014167392626404762
P06-navy_cable-r1,P06,navy_cable,1,1,navy_cable,navy_cable,original,skin,cheek_viewer_right,1,0.018733404576778412,0.8264203667640686,,0.013501721434295177
P06-navy_cable-r1,P06,navy_cable,1,1,navy_cable,navy_cable,original,face,whole_roi,3,0.01858719065785408,0.8722035884857178,0.030579278245568275,
P06-navy_cable-r1,P06,navy_cable,1,1,navy_cable,navy_cable,original,skin,weighted_three_regions,3,0.017658516128615635,0.8182319541500039,,0.013838145177720524
P06-navy_cable-r1,P06,navy_cable,1,1,navy_cable,navy_cable,original,skin,forehead,3,0.01709640398621559,0.7981975674629211,,0.013840441592037678
P06-navy_cable-r1,P06,navy_cable,1,1,navy_cable,navy_cable,original,skin,cheek_viewer_left,3,0.018340228125452995,0.8824755549430847,,0.014167392626404762
P06-navy_cable-r1,P06,navy_cable,1,1,navy_cable,navy_cable,original,skin,cheek_viewer_right,3,0.018733404576778412,0.8264203667640686,,0.013501721434295177
P06-navy_cable-r1,P06,navy_cable,1,1,navy_cable,navy_cable,original,face,whole_roi,6,0.01858719065785408,0.8722035884857178,0.030579278245568275,
P06-navy_cable-r1,P06,navy_cable,1,1,navy_cable,navy_cable,original,skin,weighted_three_regions,6,0.017658516128615635,0.8182319541500039,,0.013838145177720524
P06-navy_cable-r1,P06,navy_cable,1,1,navy_cable,navy_cable,original,skin,forehead,6,0.01709640398621559,0.7981975674629211,,0.013840441592037678
P06-navy_cable-r1,P06,navy_cable,1,1,navy_cable,navy_cable,original,skin,cheek_viewer_left,6,0.018340228125452995,0.8824755549430847,,0.014167392626404762
P06-navy_cable-r1,P06,navy_cable,1,1,navy_cable,navy_cable,original,skin,cheek_viewer_right,6,0.018733404576778412,0.8264203667640686,,0.013501721434295177
P06-navy_cable-r1,P06,navy_cable,1,1,navy_cable,navy_cable,previous,face,whole_roi,fixed,0.017482934519648552,0.889509379863739,0.028754472732543945,
P06-navy_cable-r1,P06,navy_cable,1,1,navy_cable,navy_cable,previous,skin,weighted_three_regions,fixed,0.016746124434398442,0.8494725929547663,,0.012315487307382793
P06-navy_cable-r1,P06,navy_cable,1,1,navy_cable,navy_cable,previous,skin,forehead,fixed,0.016238970682024956,0.8346161842346191,,0.012272996827960014
P06-navy_cable-r1,P06,navy_cable,1,1,navy_cable,navy_cable,previous,skin,cheek_viewer_left,fixed,0.01697942242026329,0.8965384364128113,,0.012707145884633064
P06-navy_cable-r1,P06,navy_cable,1,1,navy_cable,navy_cable,previous,skin,cheek_viewer_right,fixed,0.018097681924700737,0.856118381023407,,0.012056611478328705
P06-navy_cable-r1,P06,navy_cable,1,1,navy_cable,navy_cable,previous,face,whole_roi,1,0.01858719065785408,0.8722035884857178,0.030579278245568275,
P06-navy_cable-r1,P06,navy_cable,1,1,navy_cable,navy_cable,previous,skin,weighted_three_regions,1,0.017658516128615635,0.8182319541500039,,0.013838145177720524
P06-navy_cable-r1,P06,navy_cable,1,1,navy_cable,navy_cable,previous,skin,forehead,1,0.01709640398621559,0.7981975674629211,,0.013840441592037678
P06-navy_cable-r1,P06,navy_cable,1,1,navy_cable,navy_cable,previous,skin,cheek_viewer_left,1,0.018340228125452995,0.8824755549430847,,0.014167392626404762
P06-navy_cable-r1,P06,navy_cable,1,1,navy_cable,navy_cable,previous,skin,cheek_viewer_right,1,0.018733404576778412,0.8264203667640686,,0.013501721434295177
P06-navy_cable-r1,P06,navy_cable,1,1,navy_cable,navy_cable,previous,face,whole_roi,3,0.01858719065785408,0.8722035884857178,0.030579278245568275,
P06-navy_cable-r1,P06,navy_cable,1,1,navy_cable,navy_cable,previous,skin,weighted_three_regions,3,0.017658516128615635,0.8182319541500039,,0.013838145177720524
P06-navy_cable-r1,P06,navy_cable,1,1,navy_cable,navy_cable,previous,skin,forehead,3,0.01709640398621559,0.7981975674629211,,0.013840441592037678
P06-navy_cable-r1,P06,navy_cable,1,1,navy_cable,navy_cable,previous,skin,cheek_viewer_left,3,0.018340228125452995,0.8824755549430847,,0.014167392626404762
P06-navy_cable-r1,P06,navy_cable,1,1,navy_cable,navy_cable,previous,skin,cheek_viewer_right,3,0.018733404576778412,0.8264203667640686,,0.013501721434295177
P06-navy_cable-r1,P06,navy_cable,1,1,navy_cable,navy_cable,previous,face,whole_roi,6,0.01858719065785408,0.8722035884857178,0.030579278245568275,
P06-navy_cable-r1,P06,navy_cable,1,1,navy_cable,navy_cable,previous,skin,weighted_three_regions,6,0.017658516128615635,0.8182319541500039,,0.013838145177720524
P06-navy_cable-r1,P06,navy_cable,1,1,navy_cable,navy_cable,previous,skin,forehead,6,0.01709640398621559,0.7981975674629211,,0.013840441592037678
P06-navy_cable-r1,P06,navy_cable,1,1,navy_cable,navy_cable,previous,skin,cheek_viewer_left,6,0.018340228125452995,0.8824755549430847,,0.014167392626404762
P06-navy_cable-r1,P06,navy_cable,1,1,navy_cable,navy_cable,previous,skin,cheek_viewer_right,6,0.018733404576778412,0.8264203667640686,,0.013501721434295177
P04-gray_cable-r1,P04,gray_cable,1,1,gray_cable,gray_cable,original,face,whole_roi,fixed,0.01607006974518299,0.8994677662849426,0.02255358174443245,
P04-gray_cable-r1,P04,gray_cable,1,1,gray_cable,gray_cable,original,skin,weighted_three_regions,fixed,0.01418992687783697,0.8530054183170971,,0.011791220580172889
P04-gray_cable-r1,P04,gray_cable,1,1,gray_cable,gray_cable,original,skin,forehead,fixed,0.014063555747270584,0.8290565609931946,,0.012741491198539734
P04-gray_cable-r1,P04,gray_cable,1,1,gray_cable,gray_cable,original,skin,cheek_viewer_left,fixed,0.01260331366211176,0.8961189389228821,,0.010603477247059345
P04-gray_cable-r1,P04,gray_cable,1,1,gray_cable,gray_cable,original,skin,cheek_viewer_right,fixed,0.016345705837011337,0.8820651173591614,,0.010338840074837208
P04-gray_cable-r1,P04,gray_cable,1,1,gray_cable,gray_cable,original,face,whole_roi,1,0.01607006974518299,0.8994677662849426,0.02255358174443245,
P04-gray_cable-r1,P04,gray_cable,1,1,gray_cable,gray_cable,original,skin,weighted_three_regions,1,0.01418992687783697,0.8530054183170971,,0.011791220580172889
P04-gray_cable-r1,P04,gray_cable,1,1,gray_cable,gray_cable,original,skin,forehead,1,0.014063555747270584,0.8290565609931946,,0.012741491198539734
P04-gray_cable-r1,P04,gray_cable,1,1,gray_cable,gray_cable,original,skin,cheek_viewer_left,1,0.01260331366211176,0.8961189389228821,,0.010603477247059345
P04-gray_cable-r1,P04,gray_cable,1,1,gray_cable,gray_cable,original,skin,cheek_viewer_right,1,0.016345705837011337,0.8820651173591614,,0.010338840074837208
P04-gray_cable-r1,P04,gray_cable,1,1,gray_cable,gray_cable,original,face,whole_roi,3,0.01607006974518299,0.8994677662849426,0.02255358174443245,
P04-gray_cable-r1,P04,gray_cable,1,1,gray_cable,gray_cable,original,skin,weighted_three_regions,3,0.01418992687783697,0.8530054183170971,,0.011791220580172889
P04-gray_cable-r1,P04,gray_cable,1,1,gray_cable,gray_cable,original,skin,forehead,3,0.014063555747270584,0.8290565609931946,,0.012741491198539734
P04-gray_cable-r1,P04,gray_cable,1,1,gray_cable,gray_cable,original,skin,cheek_viewer_left,3,0.01260331366211176,0.8961189389228821,,0.010603477247059345
P04-gray_cable-r1,P04,gray_cable,1,1,gray_cable,gray_cable,original,skin,cheek_viewer_right,3,0.016345705837011337,0.8820651173591614,,0.010338840074837208
P04-gray_cable-r1,P04,gray_cable,1,1,gray_cable,gray_cable,original,face,whole_roi,6,0.01607006974518299,0.8994677662849426,0.02255358174443245,
P04-gray_cable-r1,P04,gray_cable,1,1,gray_cable,gray_cable,original,skin,weighted_three_regions,6,0.01418992687783697,0.8530054183170971,,0.011791220580172889
P04-gray_cable-r1,P04,gray_cable,1,1,gray_cable,gray_cable,original,skin,forehead,6,0.014063555747270584,0.8290565609931946,,0.012741491198539734
P04-gray_cable-r1,P04,gray_cable,1,1,gray_cable,gray_cable,original,skin,cheek_viewer_left,6,0.01260331366211176,0.8961189389228821,,0.010603477247059345
P04-gray_cable-r1,P04,gray_cable,1,1,gray_cable,gray_cable,original,skin,cheek_viewer_right,6,0.016345705837011337,0.8820651173591614,,0.010338840074837208
P04-gray_cable-r1,P04,gray_cable,1,1,gray_cable,gray_cable,previous,face,whole_roi,fixed,0.01607006974518299,0.8994677662849426,0.02255358174443245,
P04-gray_cable-r1,P04,gray_cable,1,1,gray_cable,gray_cable,previous,skin,weighted_three_regions,fixed,0.01418992687783697,0.8530054183170971,,0.011791220580172889
P04-gray_cable-r1,P04,gray_cable,1,1,gray_cable,gray_cable,previous,skin,forehead,fixed,0.014063555747270584,0.8290565609931946,,0.012741491198539734
P04-gray_cable-r1,P04,gray_cable,1,1,gray_cable,gray_cable,previous,skin,cheek_viewer_left,fixed,0.01260331366211176,0.8961189389228821,,0.010603477247059345
P04-gray_cable-r1,P04,gray_cable,1,1,gray_cable,gray_cable,previous,skin,cheek_viewer_right,fixed,0.016345705837011337,0.8820651173591614,,0.010338840074837208
P04-gray_cable-r1,P04,gray_cable,1,1,gray_cable,gray_cable,previous,face,whole_roi,1,0.01607006974518299,0.8994677662849426,0.02255358174443245,
P04-gray_cable-r1,P04,gray_cable,1,1,gray_cable,gray_cable,previous,skin,weighted_three_regions,1,0.01418992687783697,0.8530054183170971,,0.011791220580172889
P04-gray_cable-r1,P04,gray_cable,1,1,gray_cable,gray_cable,previous,skin,forehead,1,0.014063555747270584,0.8290565609931946,,0.012741491198539734
P04-gray_cable-r1,P04,gray_cable,1,1,gray_cable,gray_cable,previous,skin,cheek_viewer_left,1,0.01260331366211176,0.8961189389228821,,0.010603477247059345
P04-gray_cable-r1,P04,gray_cable,1,1,gray_cable,gray_cable,previous,skin,cheek_viewer_right,1,0.016345705837011337,0.8820651173591614,,0.010338840074837208
P04-gray_cable-r1,P04,gray_cable,1,1,gray_cable,gray_cable,previous,face,whole_roi,3,0.01607006974518299,0.8994677662849426,0.02255358174443245,
P04-gray_cable-r1,P04,gray_cable,1,1,gray_cable,gray_cable,previous,skin,weighted_three_regions,3,0.01418992687783697,0.8530054183170971,,0.011791220580172889
P04-gray_cable-r1,P04,gray_cable,1,1,gray_cable,gray_cable,previous,skin,forehead,3,0.014063555747270584,0.8290565609931946,,0.012741491198539734
P04-gray_cable-r1,P04,gray_cable,1,1,gray_cable,gray_cable,previous,skin,cheek_viewer_left,3,0.01260331366211176,0.8961189389228821,,0.010603477247059345
P04-gray_cable-r1,P04,gray_cable,1,1,gray_cable,gray_cable,previous,skin,cheek_viewer_right,3,0.016345705837011337,0.8820651173591614,,0.010338840074837208
P04-gray_cable-r1,P04,gray_cable,1,1,gray_cable,gray_cable,previous,face,whole_roi,6,0.01607006974518299,0.8994677662849426,0.02255358174443245,
P04-gray_cable-r1,P04,gray_cable,1,1,gray_cable,gray_cable,previous,skin,weighted_three_regions,6,0.01418992687783697,0.8530054183170971,,0.011791220580172889
P04-gray_cable-r1,P04,gray_cable,1,1,gray_cable,gray_cable,previous,skin,forehead,6,0.014063555747270584,0.8290565609931946,,0.012741491198539734
P04-gray_cable-r1,P04,gray_cable,1,1,gray_cable,gray_cable,previous,skin,cheek_viewer_left,6,0.01260331366211176,0.8961189389228821,,0.010603477247059345
P04-gray_cable-r1,P04,gray_cable,1,1,gray_cable,gray_cable,previous,skin,cheek_viewer_right,6,0.016345705837011337,0.8820651173591614,,0.010338840074837208
P05-gray_cable-r1,P05,gray_cable,1,1,gray_cable,gray_cable,original,face,whole_roi,fixed,0.01790308579802513,0.8896793723106384,0.02678808756172657,
P05-gray_cable-r1,P05,gray_cable,1,1,gray_cable,gray_cable,original,skin,weighted_three_regions,fixed,0.012865724699462162,0.8905207953954998,,0.009531618369852795
P05-gray_cable-r1,P05,gray_cable,1,1,gray_cable,gray_cable,original,skin,forehead,fixed,0.01163807138800621,0.8833599090576172,,0.009411321952939034
P05-gray_cable-r1,P05,gray_cable,1,1,gray_cable,gray_cable,original,skin,cheek_viewer_left,fixed,0.01192946545779705,0.905461311340332,,0.00910288654267788
P05-gray_cable-r1,P05,gray_cable,1,1,gray_cable,gray_cable,original,skin,cheek_viewer_right,fixed,0.01830337941646576,0.9066107869148254,,0.010401437059044838
P05-gray_cable-r1,P05,gray_cable,1,1,gray_cable,gray_cable,original,face,whole_roi,1,0.01790308579802513,0.8896793723106384,0.02678808756172657,
P05-gray_cable-r1,P05,gray_cable,1,1,gray_cable,gray_cable,original,skin,weighted_three_regions,1,0.012865724699462162,0.8905207953954998,,0.009531618369852795
P05-gray_cable-r1,P05,gray_cable,1,1,gray_cable,gray_cable,original,skin,forehead,1,0.01163807138800621,0.8833599090576172,,0.009411321952939034
P05-gray_cable-r1,P05,gray_cable,1,1,gray_cable,gray_cable,original,skin,cheek_viewer_left,1,0.01192946545779705,0.905461311340332,,0.00910288654267788
P05-gray_cable-r1,P05,gray_cable,1,1,gray_cable,gray_cable,original,skin,cheek_viewer_right,1,0.01830337941646576,0.9066107869148254,,0.010401437059044838
P05-gray_cable-r1,P05,gray_cable,1,1,gray_cable,gray_cable,original,face,whole_roi,3,0.01790308579802513,0.8896793723106384,0.02678808756172657,
P05-gray_cable-r1,P05,gray_cable,1,1,gray_cable,gray_cable,original,skin,weighted_three_regions,3,0.012865724699462162,0.8905207953954998,,0.009531618369852795
P05-gray_cable-r1,P05,gray_cable,1,1,gray_cable,gray_cable,original,skin,forehead,3,0.01163807138800621,0.8833599090576172,,0.009411321952939034
P05-gray_cable-r1,P05,gray_cable,1,1,gray_cable,gray_cable,original,skin,cheek_viewer_left,3,0.01192946545779705,0.905461311340332,,0.00910288654267788
P05-gray_cable-r1,P05,gray_cable,1,1,gray_cable,gray_cable,original,skin,cheek_viewer_right,3,0.01830337941646576,0.9066107869148254,,0.010401437059044838
P05-gray_cable-r1,P05,gray_cable,1,1,gray_cable,gray_cable,original,face,whole_roi,6,0.01790308579802513,0.8896793723106384,0.02678808756172657,
P05-gray_cable-r1,P05,gray_cable,1,1,gray_cable,gray_cable,original,skin,weighted_three_regions,6,0.012865724699462162,0.8905207953954998,,0.009531618369852795
P05-gray_cable-r1,P05,gray_cable,1,1,gray_cable,gray_cable,original,skin,forehead,6,0.01163807138800621,0.8833599090576172,,0.009411321952939034
P05-gray_cable-r1,P05,gray_cable,1,1,gray_cable,gray_cable,original,skin,cheek_viewer_left,6,0.01192946545779705,0.905461311340332,,0.00910288654267788
P05-gray_cable-r1,P05,gray_cable,1,1,gray_cable,gray_cable,original,skin,cheek_viewer_right,6,0.01830337941646576,0.9066107869148254,,0.010401437059044838
P05-gray_cable-r1,P05,gray_cable,1,1,gray_cable,gray_cable,previous,face,whole_roi,fixed,0.01790308579802513,0.8896793723106384,0.02678808756172657,
P05-gray_cable-r1,P05,gray_cable,1,1,gray_cable,gray_cable,previous,skin,weighted_three_regions,fixed,0.012865724699462162,0.8905207953954998,,0.009531618369852795
P05-gray_cable-r1,P05,gray_cable,1,1,gray_cable,gray_cable,previous,skin,forehead,fixed,0.01163807138800621,0.8833599090576172,,0.009411321952939034
P05-gray_cable-r1,P05,gray_cable,1,1,gray_cable,gray_cable,previous,skin,cheek_viewer_left,fixed,0.01192946545779705,0.905461311340332,,0.00910288654267788
P05-gray_cable-r1,P05,gray_cable,1,1,gray_cable,gray_cable,previous,skin,cheek_viewer_right,fixed,0.01830337941646576,0.9066107869148254,,0.010401437059044838
P05-gray_cable-r1,P05,gray_cable,1,1,gray_cable,gray_cable,previous,face,whole_roi,1,0.01790308579802513,0.8896793723106384,0.02678808756172657,
P05-gray_cable-r1,P05,gray_cable,1,1,gray_cable,gray_cable,previous,skin,weighted_three_regions,1,0.012865724699462162,0.8905207953954998,,0.009531618369852795
P05-gray_cable-r1,P05,gray_cable,1,1,gray_cable,gray_cable,previous,skin,forehead,1,0.01163807138800621,0.8833599090576172,,0.009411321952939034
P05-gray_cable-r1,P05,gray_cable,1,1,gray_cable,gray_cable,previous,skin,cheek_viewer_left,1,0.01192946545779705,0.905461311340332,,0.00910288654267788
P05-gray_cable-r1,P05,gray_cable,1,1,gray_cable,gray_cable,previous,skin,cheek_viewer_right,1,0.01830337941646576,0.9066107869148254,,0.010401437059044838
P05-gray_cable-r1,P05,gray_cable,1,1,gray_cable,gray_cable,previous,face,whole_roi,3,0.01790308579802513,0.8896793723106384,0.02678808756172657,
P05-gray_cable-r1,P05,gray_cable,1,1,gray_cable,gray_cable,previous,skin,weighted_three_regions,3,0.012865724699462162,0.8905207953954998,,0.009531618369852795
P05-gray_cable-r1,P05,gray_cable,1,1,gray_cable,gray_cable,previous,skin,forehead,3,0.01163807138800621,0.8833599090576172,,0.009411321952939034
P05-gray_cable-r1,P05,gray_cable,1,1,gray_cable,gray_cable,previous,skin,cheek_viewer_left,3,0.01192946545779705,0.905461311340332,,0.00910288654267788
P05-gray_cable-r1,P05,gray_cable,1,1,gray_cable,gray_cable,previous,skin,cheek_viewer_right,3,0.01830337941646576,0.9066107869148254,,0.010401437059044838
P05-gray_cable-r1,P05,gray_cable,1,1,gray_cable,gray_cable,previous,face,whole_roi,6,0.01790308579802513,0.8896793723106384,0.02678808756172657,
P05-gray_cable-r1,P05,gray_cable,1,1,gray_cable,gray_cable,previous,skin,weighted_three_regions,6,0.012865724699462162,0.8905207953954998,,0.009531618369852795
P05-gray_cable-r1,P05,gray_cable,1,1,gray_cable,gray_cable,previous,skin,forehead,6,0.01163807138800621,0.8833599090576172,,0.009411321952939034
P05-gray_cable-r1,P05,gray_cable,1,1,gray_cable,gray_cable,previous,skin,cheek_viewer_left,6,0.01192946545779705,0.905461311340332,,0.00910288654267788
P05-gray_cable-r1,P05,gray_cable,1,1,gray_cable,gray_cable,previous,skin,cheek_viewer_right,6,0.01830337941646576,0.9066107869148254,,0.010401437059044838
P04-navy_cable-r1,P04,navy_cable,1,1,navy_cable,navy_cable,original,face,whole_roi,fixed,0.01719403639435768,0.8997253775596619,0.02468264475464821,
P04-navy_cable-r1,P04,navy_cable,1,1,navy_cable,navy_cable,original,skin,weighted_three_regions,fixed,0.014645905345678329,0.8584693121947523,,0.011531465680283659
P04-navy_cable-r1,P04,navy_cable,1,1,navy_cable,navy_cable,original,skin,forehead,fixed,0.014447692781686783,0.836637556552887,,0.012324446812272072
P04-navy_cable-r1,P04,navy_cable,1,1,navy_cable,navy_cable,original,skin,cheek_viewer_left,fixed,0.013128954917192459,0.8994658589363098,,0.010543415322899818
P04-navy_cable-r1,P04,navy_cable,1,1,navy_cable,navy_cable,original,skin,cheek_viewer_right,fixed,0.01693413406610489,0.8830051422119141,,0.010316000320017338
P04-navy_cable-r1,P04,navy_cable,1,1,navy_cable,navy_cable,original,face,whole_roi,1,0.01719403639435768,0.8997253775596619,0.02468264475464821,
P04-navy_cable-r1,P04,navy_cable,1,1,navy_cable,navy_cable,original,skin,weighted_three_regions,1,0.014645905345678329,0.8584693121947523,,0.011531465680283659
P04-navy_cable-r1,P04,navy_cable,1,1,navy_cable,navy_cable,original,skin,forehead,1,0.014447692781686783,0.836637556552887,,0.012324446812272072
P04-navy_cable-r1,P04,navy_cable,1,1,navy_cable,navy_cable,original,skin,cheek_viewer_left,1,0.013128954917192459,0.8994658589363098,,0.010543415322899818
P04-navy_cable-r1,P04,navy_cable,1,1,navy_cable,navy_cable,original,skin,cheek_viewer_right,1,0.01693413406610489,0.8830051422119141,,0.010316000320017338
P04-navy_cable-r1,P04,navy_cable,1,1,navy_cable,navy_cable,original,face,whole_roi,3,0.01719403639435768,0.8997253775596619,0.02468264475464821,
P04-navy_cable-r1,P04,navy_cable,1,1,navy_cable,navy_cable,original,skin,weighted_three_regions,3,0.014645905345678329,0.8584693121947523,,0.011531465680283659
P04-navy_cable-r1,P04,navy_cable,1,1,navy_cable,navy_cable,original,skin,forehead,3,0.014447692781686783,0.836637556552887,,0.012324446812272072
P04-navy_cable-r1,P04,navy_cable,1,1,navy_cable,navy_cable,original,skin,cheek_viewer_left,3,0.013128954917192459,0.8994658589363098,,0.010543415322899818
P04-navy_cable-r1,P04,navy_cable,1,1,navy_cable,navy_cable,original,skin,cheek_viewer_right,3,0.01693413406610489,0.8830051422119141,,0.010316000320017338
P04-navy_cable-r1,P04,navy_cable,1,1,navy_cable,navy_cable,original,face,whole_roi,6,0.02147258259356022,0.8546133041381836,0.030415004119277,
P04-navy_cable-r1,P04,navy_cable,1,1,navy_cable,navy_cable,original,skin,weighted_three_regions,6,0.01620472821242669,0.8185254437395691,,0.013342321581919404
P04-navy_cable-r1,P04,navy_cable,1,1,navy_cable,navy_cable,original,skin,forehead,6,0.01679559424519539,0.7853875160217285,,0.014311259612441063
P04-navy_cable-r1,P04,navy_cable,1,1,navy_cable,navy_cable,original,skin,cheek_viewer_left,6,0.014342773705720901,0.8887004852294922,,0.012129249982535839
P04-navy_cable-r1,P04,navy_cable,1,1,navy_cable,navy_cable,original,skin,cheek_viewer_right,6,0.016565516591072083,0.8465978503227234,,0.011863655410706997
P04-navy_cable-r1,P04,navy_cable,1,1,navy_cable,navy_cable,previous,face,whole_roi,fixed,0.01719403639435768,0.8997253775596619,0.02468264475464821,
P04-navy_cable-r1,P04,navy_cable,1,1,navy_cable,navy_cable,previous,skin,weighted_three_regions,fixed,0.014645905345678329,0.8584693121947523,,0.011531465680283659
P04-navy_cable-r1,P04,navy_cable,1,1,navy_cable,navy_cable,previous,skin,forehead,fixed,0.014447692781686783,0.836637556552887,,0.012324446812272072
P04-navy_cable-r1,P04,navy_cable,1,1,navy_cable,navy_cable,previous,skin,cheek_viewer_left,fixed,0.013128954917192459,0.8994658589363098,,0.010543415322899818
P04-navy_cable-r1,P04,navy_cable,1,1,navy_cable,navy_cable,previous,skin,cheek_viewer_right,fixed,0.01693413406610489,0.8830051422119141,,0.010316000320017338
P04-navy_cable-r1,P04,navy_cable,1,1,navy_cable,navy_cable,previous,face,whole_roi,1,0.01719403639435768,0.8997253775596619,0.02468264475464821,
P04-navy_cable-r1,P04,navy_cable,1,1,navy_cable,navy_cable,previous,skin,weighted_three_regions,1,0.014645905345678329,0.8584693121947523,,0.011531465680283659
P04-navy_cable-r1,P04,navy_cable,1,1,navy_cable,navy_cable,previous,skin,forehead,1,0.014447692781686783,0.836637556552887,,0.012324446812272072
P04-navy_cable-r1,P04,navy_cable,1,1,navy_cable,navy_cable,previous,skin,cheek_viewer_left,1,0.013128954917192459,0.8994658589363098,,0.010543415322899818
P04-navy_cable-r1,P04,navy_cable,1,1,navy_cable,navy_cable,previous,skin,cheek_viewer_right,1,0.01693413406610489,0.8830051422119141,,0.010316000320017338
P04-navy_cable-r1,P04,navy_cable,1,1,navy_cable,navy_cable,previous,face,whole_roi,3,0.01719403639435768,0.8997253775596619,0.02468264475464821,
P04-navy_cable-r1,P04,navy_cable,1,1,navy_cable,navy_cable,previous,skin,weighted_three_regions,3,0.014645905345678329,0.8584693121947523,,0.011531465680283659
P04-navy_cable-r1,P04,navy_cable,1,1,navy_cable,navy_cable,previous,skin,forehead,3,0.014447692781686783,0.836637556552887,,0.012324446812272072
P04-navy_cable-r1,P04,navy_cable,1,1,navy_cable,navy_cable,previous,skin,cheek_viewer_left,3,0.013128954917192459,0.8994658589363098,,0.010543415322899818
P04-navy_cable-r1,P04,navy_cable,1,1,navy_cable,navy_cable,previous,skin,cheek_viewer_right,3,0.01693413406610489,0.8830051422119141,,0.010316000320017338
P04-navy_cable-r1,P04,navy_cable,1,1,navy_cable,navy_cable,previous,face,whole_roi,6,0.02147258259356022,0.8546133041381836,0.030415004119277,
P04-navy_cable-r1,P04,navy_cable,1,1,navy_cable,navy_cable,previous,skin,weighted_three_regions,6,0.01620472821242669,0.8185254437395691,,0.013342321581919404
P04-navy_cable-r1,P04,navy_cable,1,1,navy_cable,navy_cable,previous,skin,forehead,6,0.01679559424519539,0.7853875160217285,,0.014311259612441063
P04-navy_cable-r1,P04,navy_cable,1,1,navy_cable,navy_cable,previous,skin,cheek_viewer_left,6,0.014342773705720901,0.8887004852294922,,0.012129249982535839
P04-navy_cable-r1,P04,navy_cable,1,1,navy_cable,navy_cable,previous,skin,cheek_viewer_right,6,0.016565516591072083,0.8465978503227234,,0.011863655410706997
P05-gray_original-r1,P05,gray_original,1,1,gray_original,gray_original,original,face,whole_roi,fixed,0.017767803743481636,0.8946511149406433,0.031327493488788605,
P05-gray_original-r1,P05,gray_original,1,1,gray_original,gray_original,original,skin,weighted_three_regions,fixed,0.01535659360096735,0.8891593688412717,,0.009350574411013546
P05-gray_original-r1,P05,gray_original,1,1,gray_original,gray_original,original,skin,forehead,fixed,0.014649434946477413,0.8837459087371826,,0.009186563082039356
P05-gray_original-r1,P05,gray_original,1,1,gray_original,gray_original,original,skin,cheek_viewer_left,fixed,0.013254356570541859,0.8954849243164062,,0.009409558959305286
P05-gray_original-r1,P05,gray_original,1,1,gray_original,gray_original,original,skin,cheek_viewer_right,fixed,0.02005174569785595,0.9062921404838562,,0.009892964735627174
P05-gray_original-r1,P05,gray_original,1,1,gray_original,gray_original,original,face,whole_roi,1,0.017767803743481636,0.8946511149406433,0.031327493488788605,
P05-gray_original-r1,P05,gray_original,1,1,gray_original,gray_original,original,skin,weighted_three_regions,1,0.01535659360096735,0.8891593688412717,,0.009350574411013546
P05-gray_original-r1,P05,gray_original,1,1,gray_original,gray_original,original,skin,forehead,1,0.014649434946477413,0.8837459087371826,,0.009186563082039356
P05-gray_original-r1,P05,gray_original,1,1,gray_original,gray_original,original,skin,cheek_viewer_left,1,0.013254356570541859,0.8954849243164062,,0.009409558959305286
P05-gray_original-r1,P05,gray_original,1,1,gray_original,gray_original,original,skin,cheek_viewer_right,1,0.02005174569785595,0.9062921404838562,,0.009892964735627174
P05-gray_original-r1,P05,gray_original,1,1,gray_original,gray_original,original,face,whole_roi,3,0.017767803743481636,0.8946511149406433,0.031327493488788605,
P05-gray_original-r1,P05,gray_original,1,1,gray_original,gray_original,original,skin,weighted_three_regions,3,0.01535659360096735,0.8891593688412717,,0.009350574411013546
P05-gray_original-r1,P05,gray_original,1,1,gray_original,gray_original,original,skin,forehead,3,0.014649434946477413,0.8837459087371826,,0.009186563082039356
P05-gray_original-r1,P05,gray_original,1,1,gray_original,gray_original,original,skin,cheek_viewer_left,3,0.013254356570541859,0.8954849243164062,,0.009409558959305286
P05-gray_original-r1,P05,gray_original,1,1,gray_original,gray_original,original,skin,cheek_viewer_right,3,0.02005174569785595,0.9062921404838562,,0.009892964735627174
P05-gray_original-r1,P05,gray_original,1,1,gray_original,gray_original,original,face,whole_roi,6,0.017767803743481636,0.8946511149406433,0.031327493488788605,
P05-gray_original-r1,P05,gray_original,1,1,gray_original,gray_original,original,skin,weighted_three_regions,6,0.01535659360096735,0.8891593688412717,,0.009350574411013546
P05-gray_original-r1,P05,gray_original,1,1,gray_original,gray_original,original,skin,forehead,6,0.014649434946477413,0.8837459087371826,,0.009186563082039356
P05-gray_original-r1,P05,gray_original,1,1,gray_original,gray_original,original,skin,cheek_viewer_left,6,0.013254356570541859,0.8954849243164062,,0.009409558959305286
P05-gray_original-r1,P05,gray_original,1,1,gray_original,gray_original,original,skin,cheek_viewer_right,6,0.02005174569785595,0.9062921404838562,,0.009892964735627174
P05-gray_original-r1,P05,gray_original,1,1,gray_original,gray_original,previous,face,whole_roi,fixed,0.017767803743481636,0.8946511149406433,0.031327493488788605,
P05-gray_original-r1,P05,gray_original,1,1,gray_original,gray_original,previous,skin,weighted_three_regions,fixed,0.01535659360096735,0.8891593688412717,,0.009350574411013546
P05-gray_original-r1,P05,gray_original,1,1,gray_original,gray_original,previous,skin,forehead,fixed,0.014649434946477413,0.8837459087371826,,0.009186563082039356
P05-gray_original-r1,P05,gray_original,1,1,gray_original,gray_original,previous,skin,cheek_viewer_left,fixed,0.013254356570541859,0.8954849243164062,,0.009409558959305286
P05-gray_original-r1,P05,gray_original,1,1,gray_original,gray_original,previous,skin,cheek_viewer_right,fixed,0.02005174569785595,0.9062921404838562,,0.009892964735627174
P05-gray_original-r1,P05,gray_original,1,1,gray_original,gray_original,previous,face,whole_roi,1,0.017767803743481636,0.8946511149406433,0.031327493488788605,
P05-gray_original-r1,P05,gray_original,1,1,gray_original,gray_original,previous,skin,weighted_three_regions,1,0.01535659360096735,0.8891593688412717,,0.009350574411013546
P05-gray_original-r1,P05,gray_original,1,1,gray_original,gray_original,previous,skin,forehead,1,0.014649434946477413,0.8837459087371826,,0.009186563082039356
P05-gray_original-r1,P05,gray_original,1,1,gray_original,gray_original,previous,skin,cheek_viewer_left,1,0.013254356570541859,0.8954849243164062,,0.009409558959305286
P05-gray_original-r1,P05,gray_original,1,1,gray_original,gray_original,previous,skin,cheek_viewer_right,1,0.02005174569785595,0.9062921404838562,,0.009892964735627174
P05-gray_original-r1,P05,gray_original,1,1,gray_original,gray_original,previous,face,whole_roi,3,0.017767803743481636,0.8946511149406433,0.031327493488788605,
P05-gray_original-r1,P05,gray_original,1,1,gray_original,gray_original,previous,skin,weighted_three_regions,3,0.01535659360096735,0.8891593688412717,,0.009350574411013546
P05-gray_original-r1,P05,gray_original,1,1,gray_original,gray_original,previous,skin,forehead,3,0.014649434946477413,0.8837459087371826,,0.009186563082039356
P05-gray_original-r1,P05,gray_original,1,1,gray_original,gray_original,previous,skin,cheek_viewer_left,3,0.013254356570541859,0.8954849243164062,,0.009409558959305286
P05-gray_original-r1,P05,gray_original,1,1,gray_original,gray_original,previous,skin,cheek_viewer_right,3,0.02005174569785595,0.9062921404838562,,0.009892964735627174
P05-gray_original-r1,P05,gray_original,1,1,gray_original,gray_original,previous,face,whole_roi,6,0.017767803743481636,0.8946511149406433,0.031327493488788605,
P05-gray_original-r1,P05,gray_original,1,1,gray_original,gray_original,previous,skin,weighted_three_regions,6,0.01535659360096735,0.8891593688412717,,0.009350574411013546
P05-gray_original-r1,P05,gray_original,1,1,gray_original,gray_original,previous,skin,forehead,6,0.014649434946477413,0.8837459087371826,,0.009186563082039356
P05-gray_original-r1,P05,gray_original,1,1,gray_original,gray_original,previous,skin,cheek_viewer_left,6,0.013254356570541859,0.8954849243164062,,0.009409558959305286
P05-gray_original-r1,P05,gray_original,1,1,gray_original,gray_original,previous,skin,cheek_viewer_right,6,0.02005174569785595,0.9062921404838562,,0.009892964735627174
P06-gray_original-r1,P06,gray_original,1,1,gray_original,gray_original,original,face,whole_roi,fixed,0.016768740490078926,0.8938496112823486,0.0285978764295578,
P06-gray_original-r1,P06,gray_original,1,1,gray_original,gray_original,original,skin,weighted_three_regions,fixed,0.016218816134624364,0.8555179230154377,,0.01200412134299191
P06-gray_original-r1,P06,gray_original,1,1,gray_original,gray_original,original,skin,forehead,fixed,0.015742240473628044,0.8440117239952087,,0.01187011320143938
P06-gray_original-r1,P06,gray_original,1,1,gray_original,gray_original,original,skin,cheek_viewer_left,fixed,0.015035233460366726,0.9034218192100525,,0.012099013663828373
P06-gray_original-r1,P06,gray_original,1,1,gray_original,gray_original,original,skin,cheek_viewer_right,fixed,0.018891697749495506,0.8492133617401123,,0.012328004464507103
P06-gray_original-r1,P06,gray_original,1,1,gray_original,gray_original,original,face,whole_roi,1,0.016768740490078926,0.8938496112823486,0.0285978764295578,
P06-gray_original-r1,P06,gray_original,1,1,gray_original,gray_original,original,skin,weighted_three_regions,1,0.016218816134624364,0.8555179230154377,,0.01200412134299191
P06-gray_original-r1,P06,gray_original,1,1,gray_original,gray_original,original,skin,forehead,1,0.015742240473628044,0.8440117239952087,,0.01187011320143938
P06-gray_original-r1,P06,gray_original,1,1,gray_original,gray_original,original,skin,cheek_viewer_left,1,0.015035233460366726,0.9034218192100525,,0.012099013663828373
P06-gray_original-r1,P06,gray_original,1,1,gray_original,gray_original,original,skin,cheek_viewer_right,1,0.018891697749495506,0.8492133617401123,,0.012328004464507103
P06-gray_original-r1,P06,gray_original,1,1,gray_original,gray_original,original,face,whole_roi,3,0.016768740490078926,0.8938496112823486,0.0285978764295578,
P06-gray_original-r1,P06,gray_original,1,1,gray_original,gray_original,original,skin,weighted_three_regions,3,0.016218816134624364,0.8555179230154377,,0.01200412134299191
P06-gray_original-r1,P06,gray_original,1,1,gray_original,gray_original,original,skin,forehead,3,0.015742240473628044,0.8440117239952087,,0.01187011320143938
P06-gray_original-r1,P06,gray_original,1,1,gray_original,gray_original,original,skin,cheek_viewer_left,3,0.015035233460366726,0.9034218192100525,,0.012099013663828373
P06-gray_original-r1,P06,gray_original,1,1,gray_original,gray_original,original,skin,cheek_viewer_right,3,0.018891697749495506,0.8492133617401123,,0.012328004464507103
P06-gray_original-r1,P06,gray_original,1,1,gray_original,gray_original,original,face,whole_roi,6,0.016768740490078926,0.8938496112823486,0.0285978764295578,
P06-gray_original-r1,P06,gray_original,1,1,gray_original,gray_original,original,skin,weighted_three_regions,6,0.016218816134624364,0.8555179230154377,,0.01200412134299191
P06-gray_original-r1,P06,gray_original,1,1,gray_original,gray_original,original,skin,forehead,6,0.015742240473628044,0.8440117239952087,,0.01187011320143938
P06-gray_original-r1,P06,gray_original,1,1,gray_original,gray_original,original,skin,cheek_viewer_left,6,0.015035233460366726,0.9034218192100525,,0.012099013663828373
P06-gray_original-r1,P06,gray_original,1,1,gray_original,gray_original,original,skin,cheek_viewer_right,6,0.018891697749495506,0.8492133617401123,,0.012328004464507103
P06-gray_original-r1,P06,gray_original,1,1,gray_original,gray_original,previous,face,whole_roi,fixed,0.016768740490078926,0.8938496112823486,0.0285978764295578,
P06-gray_original-r1,P06,gray_original,1,1,gray_original,gray_original,previous,skin,weighted_three_regions,fixed,0.016218816134624364,0.8555179230154377,,0.01200412134299191
P06-gray_original-r1,P06,gray_original,1,1,gray_original,gray_original,previous,skin,forehead,fixed,0.015742240473628044,0.8440117239952087,,0.01187011320143938
P06-gray_original-r1,P06,gray_original,1,1,gray_original,gray_original,previous,skin,cheek_viewer_left,fixed,0.015035233460366726,0.9034218192100525,,0.012099013663828373
P06-gray_original-r1,P06,gray_original,1,1,gray_original,gray_original,previous,skin,cheek_viewer_right,fixed,0.018891697749495506,0.8492133617401123,,0.012328004464507103
P06-gray_original-r1,P06,gray_original,1,1,gray_original,gray_original,previous,face,whole_roi,1,0.016768740490078926,0.8938496112823486,0.0285978764295578,
P06-gray_original-r1,P06,gray_original,1,1,gray_original,gray_original,previous,skin,weighted_three_regions,1,0.016218816134624364,0.8555179230154377,,0.01200412134299191
P06-gray_original-r1,P06,gray_original,1,1,gray_original,gray_original,previous,skin,forehead,1,0.015742240473628044,0.8440117239952087,,0.01187011320143938
P06-gray_original-r1,P06,gray_original,1,1,gray_original,gray_original,previous,skin,cheek_viewer_left,1,0.015035233460366726,0.9034218192100525,,0.012099013663828373
P06-gray_original-r1,P06,gray_original,1,1,gray_original,gray_original,previous,skin,cheek_viewer_right,1,0.018891697749495506,0.8492133617401123,,0.012328004464507103
P06-gray_original-r1,P06,gray_original,1,1,gray_original,gray_original,previous,face,whole_roi,3,0.016768740490078926,0.8938496112823486,0.0285978764295578,
P06-gray_original-r1,P06,gray_original,1,1,gray_original,gray_original,previous,skin,weighted_three_regions,3,0.016218816134624364,0.8555179230154377,,0.01200412134299191
P06-gray_original-r1,P06,gray_original,1,1,gray_original,gray_original,previous,skin,forehead,3,0.015742240473628044,0.8440117239952087,,0.01187011320143938
P06-gray_original-r1,P06,gray_original,1,1,gray_original,gray_original,previous,skin,cheek_viewer_left,3,0.015035233460366726,0.9034218192100525,,0.012099013663828373
P06-gray_original-r1,P06,gray_original,1,1,gray_original,gray_original,previous,skin,cheek_viewer_right,3,0.018891697749495506,0.8492133617401123,,0.012328004464507103
P06-gray_original-r1,P06,gray_original,1,1,gray_original,gray_original,previous,face,whole_roi,6,0.016768740490078926,0.8938496112823486,0.0285978764295578,
P06-gray_original-r1,P06,gray_original,1,1,gray_original,gray_original,previous,skin,weighted_three_regions,6,0.016218816134624364,0.8555179230154377,,0.01200412134299191
P06-gray_original-r1,P06,gray_original,1,1,gray_original,gray_original,previous,skin,forehead,6,0.015742240473628044,0.8440117239952087,,0.01187011320143938
P06-gray_original-r1,P06,gray_original,1,1,gray_original,gray_original,previous,skin,cheek_viewer_left,6,0.015035233460366726,0.9034218192100525,,0.012099013663828373
P06-gray_original-r1,P06,gray_original,1,1,gray_original,gray_original,previous,skin,cheek_viewer_right,6,0.018891697749495506,0.8492133617401123,,0.012328004464507103
P06-gray_cable-r1,P06,gray_cable,1,1,gray_cable,gray_cable,original,face,whole_roi,fixed,0.018157342448830605,0.8731813430786133,0.030670393258333206,
P06-gray_cable-r1,P06,gray_cable,1,1,gray_cable,gray_cable,original,skin,weighted_three_regions,fixed,0.015791138043490853,0.8335980756642067,,0.012843592410407416
P06-gray_cable-r1,P06,gray_cable,1,1,gray_cable,gray_cable,original,skin,forehead,fixed,0.015753675252199173,0.8062185645103455,,0.013143543154001236
P06-gray_cable-r1,P06,gray_cable,1,1,gray_cable,gray_cable,original,skin,cheek_viewer_left,fixed,0.015372243709862232,0.9033663272857666,,0.012741363607347012
P06-gray_cable-r1,P06,gray_cable,1,1,gray_cable,gray_cable,original,skin,cheek_viewer_right,fixed,0.016327103599905968,0.8628172874450684,,0.01200847513973713
P06-gray_cable-r1,P06,gray_cable,1,1,gray_cable,gray_cable,original,face,whole_roi,1,0.016211261972784996,0.8880923390388489,0.02677411213517189,
P06-gray_cable-r1,P06,gray_cable,1,1,gray_cable,gray_cable,original,skin,weighted_three_regions,1,0.01591244128691714,0.8426577310039572,,0.013063246111680821
P06-gray_cable-r1,P06,gray_cable,1,1,gray_cable,gray_cable,original,skin,forehead,1,0.015618870966136456,0.8307275772094727,,0.012799961492419243
P06-gray_cable-r1,P06,gray_cable,1,1,gray_cable,gray_cable,original,skin,cheek_viewer_left,1,0.016401143744587898,0.8867819905281067,,0.013833103701472282
P06-gray_cable-r1,P06,gray_cable,1,1,gray_cable,gray_cable,original,skin,cheek_viewer_right,1,0.01634114608168602,0.8416655659675598,,0.013116152957081795
P06-gray_cable-r1,P06,gray_cable,1,1,gray_cable,gray_cable,original,face,whole_roi,3,0.016211261972784996,0.8880923390388489,0.02677411213517189,
P06-gray_cable-r1,P06,gray_cable,1,1,gray_cable,gray_cable,original,skin,weighted_three_regions,3,0.01591244128691714,0.8426577310039572,,0.013063246111680821
P06-gray_cable-r1,P06,gray_cable,1,1,gray_cable,gray_cable,original,skin,forehead,3,0.015618870966136456,0.8307275772094727,,0.012799961492419243
P06-gray_cable-r1,P06,gray_cable,1,1,gray_cable,gray_cable,original,skin,cheek_viewer_left,3,0.016401143744587898,0.8867819905281067,,0.013833103701472282
P06-gray_cable-r1,P06,gray_cable,1,1,gray_cable,gray_cable,original,skin,cheek_viewer_right,3,0.01634114608168602,0.8416655659675598,,0.013116152957081795
P06-gray_cable-r1,P06,gray_cable,1,1,gray_cable,gray_cable,original,face,whole_roi,6,0.016211261972784996,0.8880923390388489,0.02677411213517189,
P06-gray_cable-r1,P06,gray_cable,1,1,gray_cable,gray_cable,original,skin,weighted_three_regions,6,0.01591244128691714,0.8426577310039572,,0.013063246111680821
P06-gray_cable-r1,P06,gray_cable,1,1,gray_cable,gray_cable,original,skin,forehead,6,0.015618870966136456,0.8307275772094727,,0.012799961492419243
P06-gray_cable-r1,P06,gray_cable,1,1,gray_cable,gray_cable,original,skin,cheek_viewer_left,6,0.016401143744587898,0.8867819905281067,,0.013833103701472282
P06-gray_cable-r1,P06,gray_cable,1,1,gray_cable,gray_cable,original,skin,cheek_viewer_right,6,0.01634114608168602,0.8416655659675598,,0.013116152957081795
P06-gray_cable-r1,P06,gray_cable,1,1,gray_cable,gray_cable,previous,face,whole_roi,fixed,0.018157342448830605,0.8731813430786133,0.030670393258333206,
P06-gray_cable-r1,P06,gray_cable,1,1,gray_cable,gray_cable,previous,skin,weighted_three_regions,fixed,0.015791138043490853,0.8335980756642067,,0.012843592410407416
P06-gray_cable-r1,P06,gray_cable,1,1,gray_cable,gray_cable,previous,skin,forehead,fixed,0.015753675252199173,0.8062185645103455,,0.013143543154001236
P06-gray_cable-r1,P06,gray_cable,1,1,gray_cable,gray_cable,previous,skin,cheek_viewer_left,fixed,0.015372243709862232,0.9033663272857666,,0.012741363607347012
P06-gray_cable-r1,P06,gray_cable,1,1,gray_cable,gray_cable,previous,skin,cheek_viewer_right,fixed,0.016327103599905968,0.8628172874450684,,0.01200847513973713
P06-gray_cable-r1,P06,gray_cable,1,1,gray_cable,gray_cable,previous,face,whole_roi,1,0.016211261972784996,0.8880923390388489,0.02677411213517189,
P06-gray_cable-r1,P06,gray_cable,1,1,gray_cable,gray_cable,previous,skin,weighted_three_regions,1,0.01591244128691714,0.8426577310039572,,0.013063246111680821
P06-gray_cable-r1,P06,gray_cable,1,1,gray_cable,gray_cable,previous,skin,forehead,1,0.015618870966136456,0.8307275772094727,,0.012799961492419243
P06-gray_cable-r1,P06,gray_cable,1,1,gray_cable,gray_cable,previous,skin,cheek_viewer_left,1,0.016401143744587898,0.8867819905281067,,0.013833103701472282
P06-gray_cable-r1,P06,gray_cable,1,1,gray_cable,gray_cable,previous,skin,cheek_viewer_right,1,0.01634114608168602,0.8416655659675598,,0.013116152957081795
P06-gray_cable-r1,P06,gray_cable,1,1,gray_cable,gray_cable,previous,face,whole_roi,3,0.016211261972784996,0.8880923390388489,0.02677411213517189,
P06-gray_cable-r1,P06,gray_cable,1,1,gray_cable,gray_cable,previous,skin,weighted_three_regions,3,0.01591244128691714,0.8426577310039572,,0.013063246111680821
P06-gray_cable-r1,P06,gray_cable,1,1,gray_cable,gray_cable,previous,skin,forehead,3,0.015618870966136456,0.8307275772094727,,0.012799961492419243
P06-gray_cable-r1,P06,gray_cable,1,1,gray_cable,gray_cable,previous,skin,cheek_viewer_left,3,0.016401143744587898,0.8867819905281067,,0.013833103701472282
P06-gray_cable-r1,P06,gray_cable,1,1,gray_cable,gray_cable,previous,skin,cheek_viewer_right,3,0.01634114608168602,0.8416655659675598,,0.013116152957081795
P06-gray_cable-r1,P06,gray_cable,1,1,gray_cable,gray_cable,previous,face,whole_roi,6,0.016211261972784996,0.8880923390388489,0.02677411213517189,
P06-gray_cable-r1,P06,gray_cable,1,1,gray_cable,gray_cable,previous,skin,weighted_three_regions,6,0.01591244128691714,0.8426577310039572,,0.013063246111680821
P06-gray_cable-r1,P06,gray_cable,1,1,gray_cable,gray_cable,previous,skin,forehead,6,0.015618870966136456,0.8307275772094727,,0.012799961492419243
P06-gray_cable-r1,P06,gray_cable,1,1,gray_cable,gray_cable,previous,skin,cheek_viewer_left,6,0.016401143744587898,0.8867819905281067,,0.013833103701472282
P06-gray_cable-r1,P06,gray_cable,1,1,gray_cable,gray_cable,previous,skin,cheek_viewer_right,6,0.01634114608168602,0.8416655659675598,,0.013116152957081795
P04-navy_original-r1,P04,navy_original,1,1,navy_original,navy_original,original,face,whole_roi,fixed,0.01901477389037609,0.8916619420051575,0.023105552420020103,
P04-navy_original-r1,P04,navy_original,1,1,navy_original,navy_original,original,skin,weighted_three_regions,fixed,0.014534601440981907,0.8475834368910857,,0.012223027013242245
P04-navy_original-r1,P04,navy_original,1,1,navy_original,navy_original,original,skin,forehead,fixed,0.015196740627288818,0.8180093169212341,,0.013435336761176586
P04-navy_original-r1,P04,navy_original,1,1,navy_original,navy_original,original,skin,cheek_viewer_left,fixed,0.01379119511693716,0.8936173319816589,,0.010944443754851818
P04-navy_original-r1,P04,navy_original,1,1,navy_original,navy_original,original,skin,cheek_viewer_right,fixed,0.013427870348095894,0.8917839527130127,,0.010103881359100342
P04-navy_original-r1,P04,navy_original,1,1,navy_original,navy_original,original,face,whole_roi,1,0.0195465050637722,0.8818214535713196,0.024462945759296417,
P04-navy_original-r1,P04,navy_original,1,1,navy_original,navy_original,original,skin,weighted_three_regions,1,0.015113418742137797,0.8219825445763544,,0.013224680685602567
P04-navy_original-r1,P04,navy_original,1,1,navy_original,navy_original,original,skin,forehead,1,0.01531307678669691,0.7950127720832825,,0.013911517336964607
P04-navy_original-r1,P04,navy_original,1,1,navy_original,navy_original,original,skin,cheek_viewer_left,1,0.015415673144161701,0.8779506087303162,,0.01249814871698618
P04-navy_original-r1,P04,navy_original,1,1,navy_original,navy_original,original,skin,cheek_viewer_right,1,0.014187481254339218,0.8461506962776184,,0.012026490643620491
P04-navy_original-r1,P04,navy_original,1,1,navy_original,navy_original,original,face,whole_roi,3,0.0195465050637722,0.8818214535713196,0.024462945759296417,
P04-navy_original-r1,P04,navy_original,1,1,navy_original,navy_original,original,skin,weighted_three_regions,3,0.015113418742137797,0.8219825445763544,,0.013224680685602567
P04-navy_original-r1,P04,navy_original,1,1,navy_original,navy_original,original,skin,forehead,3,0.01531307678669691,0.7950127720832825,,0.013911517336964607
P04-navy_original-r1,P04,navy_original,1,1,navy_original,navy_original,original,skin,cheek_viewer_left,3,0.015415673144161701,0.8779506087303162,,0.01249814871698618
P04-navy_original-r1,P04,navy_original,1,1,navy_original,navy_original,original,skin,cheek_viewer_right,3,0.014187481254339218,0.8461506962776184,,0.012026490643620491
P04-navy_original-r1,P04,navy_original,1,1,navy_original,navy_original,original,face,whole_roi,6,0.0195465050637722,0.8818214535713196,0.024462945759296417,
P04-navy_original-r1,P04,navy_original,1,1,navy_original,navy_original,original,skin,weighted_three_regions,6,0.015113418742137797,0.8219825445763544,,0.013224680685602567
P04-navy_original-r1,P04,navy_original,1,1,navy_original,navy_original,original,skin,forehead,6,0.01531307678669691,0.7950127720832825,,0.013911517336964607
P04-navy_original-r1,P04,navy_original,1,1,navy_original,navy_original,original,skin,cheek_viewer_left,6,0.015415673144161701,0.8779506087303162,,0.01249814871698618
P04-navy_original-r1,P04,navy_original,1,1,navy_original,navy_original,original,skin,cheek_viewer_right,6,0.014187481254339218,0.8461506962776184,,0.012026490643620491
P04-navy_original-r1,P04,navy_original,1,1,navy_original,navy_original,previous,face,whole_roi,fixed,0.01901477389037609,0.8916619420051575,0.023105552420020103,
P04-navy_original-r1,P04,navy_original,1,1,navy_original,navy_original,previous,skin,weighted_three_regions,fixed,0.014534601440981907,0.8475834368910857,,0.012223027013242245
P04-navy_original-r1,P04,navy_original,1,1,navy_original,navy_original,previous,skin,forehead,fixed,0.015196740627288818,0.8180093169212341,,0.013435336761176586
P04-navy_original-r1,P04,navy_original,1,1,navy_original,navy_original,previous,skin,cheek_viewer_left,fixed,0.01379119511693716,0.8936173319816589,,0.010944443754851818
P04-navy_original-r1,P04,navy_original,1,1,navy_original,navy_original,previous,skin,cheek_viewer_right,fixed,0.013427870348095894,0.8917839527130127,,0.010103881359100342
P04-navy_original-r1,P04,navy_original,1,1,navy_original,navy_original,previous,face,whole_roi,1,0.0195465050637722,0.8818214535713196,0.024462945759296417,
P04-navy_original-r1,P04,navy_original,1,1,navy_original,navy_original,previous,skin,weighted_three_regions,1,0.015113418742137797,0.8219825445763544,,0.013224680685602567
P04-navy_original-r1,P04,navy_original,1,1,navy_original,navy_original,previous,skin,forehead,1,0.01531307678669691,0.7950127720832825,,0.013911517336964607
P04-navy_original-r1,P04,navy_original,1,1,navy_original,navy_original,previous,skin,cheek_viewer_left,1,0.015415673144161701,0.8779506087303162,,0.01249814871698618
P04-navy_original-r1,P04,navy_original,1,1,navy_original,navy_original,previous,skin,cheek_viewer_right,1,0.014187481254339218,0.8461506962776184,,0.012026490643620491
P04-navy_original-r1,P04,navy_original,1,1,navy_original,navy_original,previous,face,whole_roi,3,0.0195465050637722,0.8818214535713196,0.024462945759296417,
P04-navy_original-r1,P04,navy_original,1,1,navy_original,navy_original,previous,skin,weighted_three_regions,3,0.015113418742137797,0.8219825445763544,,0.013224680685602567
P04-navy_original-r1,P04,navy_original,1,1,navy_original,navy_original,previous,skin,forehead,3,0.01531307678669691,0.7950127720832825,,0.013911517336964607
P04-navy_original-r1,P04,navy_original,1,1,navy_original,navy_original,previous,skin,cheek_viewer_left,3,0.015415673144161701,0.8779506087303162,,0.01249814871698618
P04-navy_original-r1,P04,navy_original,1,1,navy_original,navy_original,previous,skin,cheek_viewer_right,3,0.014187481254339218,0.8461506962776184,,0.012026490643620491
P04-navy_original-r1,P04,navy_original,1,1,navy_original,navy_original,previous,face,whole_roi,6,0.0195465050637722,0.8818214535713196,0.024462945759296417,
P04-navy_original-r1,P04,navy_original,1,1,navy_original,navy_original,previous,skin,weighted_three_regions,6,0.015113418742137797,0.8219825445763544,,0.013224680685602567
P04-navy_original-r1,P04,navy_original,1,1,navy_original,navy_original,previous,skin,forehead,6,0.01531307678669691,0.7950127720832825,,0.013911517336964607
P04-navy_original-r1,P04,navy_original,1,1,navy_original,navy_original,previous,skin,cheek_viewer_left,6,0.015415673144161701,0.8779506087303162,,0.01249814871698618
P04-navy_original-r1,P04,navy_original,1,1,navy_original,navy_original,previous,skin,cheek_viewer_right,6,0.014187481254339218,0.8461506962776184,,0.012026490643620491
P05-navy_cable-r1,P05,navy_cable,1,1,navy_cable,navy_cable,original,face,whole_roi,fixed,0.02393331378698349,0.8849074244499207,0.03782277554273605,
P05-navy_cable-r1,P05,navy_cable,1,1,navy_cable,navy_cable,original,skin,weighted_three_regions,fixed,0.013033689383198233,0.893525923553266,,0.009335135109722614
P05-navy_cable-r1,P05,navy_cable,1,1,navy_cable,navy_cable,original,skin,forehead,fixed,0.011385917663574219,0.8862314820289612,,0.009345665574073792
P05-navy_cable-r1,P05,navy_cable,1,1,navy_cable,navy_cable,original,skin,cheek_viewer_left,fixed,0.012617101892828941,0.8968532681465149,,0.009510219097137451
P05-navy_cable-r1,P05,navy_cable,1,1,navy_cable,navy_cable,original,skin,cheek_viewer_right,fixed,0.01949210651218891,0.9218078255653381,,0.009121439419686794
P05-navy_cable-r1,P05,navy_cable,1,1,navy_cable,navy_cable,original,face,whole_roi,1,0.02488405629992485,0.8639052510261536,0.040901221334934235,
P05-navy_cable-r1,P05,navy_cable,1,1,navy_cable,navy_cable,original,skin,weighted_three_regions,1,0.014601595973705543,0.863875709081951,,0.011033623095820932
P05-navy_cable-r1,P05,navy_cable,1,1,navy_cable,navy_cable,original,skin,forehead,1,0.012803401798009872,0.8538172841072083,,0.011019866913557053
P05-navy_cable-r1,P05,navy_cable,1,1,navy_cable,navy_cable,original,skin,cheek_viewer_left,1,0.013367374427616596,0.8815855979919434,,0.010204841382801533
P05-navy_cable-r1,P05,navy_cable,1,1,navy_cable,navy_cable,original,skin,cheek_viewer_right,1,0.022429196164011955,0.8897523283958435,,0.011912844143807888
P05-navy_cable-r1,P05,navy_cable,1,1,navy_cable,navy_cable,original,face,whole_roi,3,0.02488405629992485,0.8639052510261536,0.040901221334934235,
P05-navy_cable-r1,P05,navy_cable,1,1,navy_cable,navy_cable,original,skin,weighted_three_regions,3,0.014601595973705543,0.863875709081951,,0.011033623095820932
P05-navy_cable-r1,P05,navy_cable,1,1,navy_cable,navy_cable,original,skin,forehead,3,0.012803401798009872,0.8538172841072083,,0.011019866913557053
P05-navy_cable-r1,P05,navy_cable,1,1,navy_cable,navy_cable,original,skin,cheek_viewer_left,3,0.013367374427616596,0.8815855979919434,,0.010204841382801533
P05-navy_cable-r1,P05,navy_cable,1,1,navy_cable,navy_cable,original,skin,cheek_viewer_right,3,0.022429196164011955,0.8897523283958435,,0.011912844143807888
P05-navy_cable-r1,P05,navy_cable,1,1,navy_cable,navy_cable,original,face,whole_roi,6,0.03524621203541756,0.7225955128669739,0.06136395409703255,
P05-navy_cable-r1,P05,navy_cable,1,1,navy_cable,navy_cable,original,skin,weighted_three_regions,6,0.020304450874819475,0.7454532478985033,,0.014450912254259866
P05-navy_cable-r1,P05,navy_cable,1,1,navy_cable,navy_cable,original,skin,forehead,6,0.018265003338456154,0.731121838092804,,0.014002133160829544
P05-navy_cable-r1,P05,navy_cable,1,1,navy_cable,navy_cable,original,skin,cheek_viewer_left,6,0.02026279829442501,0.7730750441551208,,0.014257959090173244
P05-navy_cable-r1,P05,navy_cable,1,1,navy_cable,navy_cable,original,skin,cheek_viewer_right,6,0.027824077755212784,0.7799342274665833,,0.01628938876092434
P05-navy_cable-r1,P05,navy_cable,1,1,navy_cable,navy_cable,previous,face,whole_roi,fixed,0.02393331378698349,0.8849074244499207,0.03782277554273605,
P05-navy_cable-r1,P05,navy_cable,1,1,navy_cable,navy_cable,previous,skin,weighted_three_regions,fixed,0.013033689383198233,0.893525923553266,,0.009335135109722614
P05-navy_cable-r1,P05,navy_cable,1,1,navy_cable,navy_cable,previous,skin,forehead,fixed,0.011385917663574219,0.8862314820289612,,0.009345665574073792
P05-navy_cable-r1,P05,navy_cable,1,1,navy_cable,navy_cable,previous,skin,cheek_viewer_left,fixed,0.012617101892828941,0.8968532681465149,,0.009510219097137451
P05-navy_cable-r1,P05,navy_cable,1,1,navy_cable,navy_cable,previous,skin,cheek_viewer_right,fixed,0.01949210651218891,0.9218078255653381,,0.009121439419686794
P05-navy_cable-r1,P05,navy_cable,1,1,navy_cable,navy_cable,previous,face,whole_roi,1,0.02488405629992485,0.8639052510261536,0.040901221334934235,
P05-navy_cable-r1,P05,navy_cable,1,1,navy_cable,navy_cable,previous,skin,weighted_three_regions,1,0.014601595973705543,0.863875709081951,,0.011033623095820932
P05-navy_cable-r1,P05,navy_cable,1,1,navy_cable,navy_cable,previous,skin,forehead,1,0.012803401798009872,0.8538172841072083,,0.011019866913557053
P05-navy_cable-r1,P05,navy_cable,1,1,navy_cable,navy_cable,previous,skin,cheek_viewer_left,1,0.013367374427616596,0.8815855979919434,,0.010204841382801533
P05-navy_cable-r1,P05,navy_cable,1,1,navy_cable,navy_cable,previous,skin,cheek_viewer_right,1,0.022429196164011955,0.8897523283958435,,0.011912844143807888
P05-navy_cable-r1,P05,navy_cable,1,1,navy_cable,navy_cable,previous,face,whole_roi,3,0.02488405629992485,0.8639052510261536,0.040901221334934235,
P05-navy_cable-r1,P05,navy_cable,1,1,navy_cable,navy_cable,previous,skin,weighted_three_regions,3,0.014601595973705543,0.863875709081951,,0.011033623095820932
P05-navy_cable-r1,P05,navy_cable,1,1,navy_cable,navy_cable,previous,skin,forehead,3,0.012803401798009872,0.8538172841072083,,0.011019866913557053
P05-navy_cable-r1,P05,navy_cable,1,1,navy_cable,navy_cable,previous,skin,cheek_viewer_left,3,0.013367374427616596,0.8815855979919434,,0.010204841382801533
P05-navy_cable-r1,P05,navy_cable,1,1,navy_cable,navy_cable,previous,skin,cheek_viewer_right,3,0.022429196164011955,0.8897523283958435,,0.011912844143807888
P05-navy_cable-r1,P05,navy_cable,1,1,navy_cable,navy_cable,previous,face,whole_roi,6,0.03524621203541756,0.7225955128669739,0.06136395409703255,
P05-navy_cable-r1,P05,navy_cable,1,1,navy_cable,navy_cable,previous,skin,weighted_three_regions,6,0.020304450874819475,0.7454532478985033,,0.014450912254259866
P05-navy_cable-r1,P05,navy_cable,1,1,navy_cable,navy_cable,previous,skin,forehead,6,0.018265003338456154,0.731121838092804,,0.014002133160829544
P05-navy_cable-r1,P05,navy_cable,1,1,navy_cable,navy_cable,previous,skin,cheek_viewer_left,6,0.02026279829442501,0.7730750441551208,,0.014257959090173244
P05-navy_cable-r1,P05,navy_cable,1,1,navy_cable,navy_cable,previous,skin,cheek_viewer_right,6,0.027824077755212784,0.7799342274665833,,0.01628938876092434
P04-gray_original-r1,P04,gray_original,1,1,gray_original,gray_original,original,face,whole_roi,fixed,0.015506728552281857,0.905637264251709,0.02117871306836605,
P04-gray_original-r1,P04,gray_original,1,1,gray_original,gray_original,original,skin,weighted_three_regions,fixed,0.014323144944055993,0.8560379126008302,,0.011381720862187007
P04-gray_original-r1,P04,gray_original,1,1,gray_original,gray_original,original,skin,forehead,fixed,0.014796365052461624,0.8359689712524414,,0.011982531286776066
P04-gray_original-r1,P04,gray_original,1,1,gray_original,gray_original,original,skin,cheek_viewer_left,fixed,0.015110488049685955,0.890622079372406,,0.010781049728393555
P04-gray_original-r1,P04,gray_original,1,1,gray_original,gray_original,original,skin,cheek_viewer_right,fixed,0.012048708274960518,0.8821719288825989,,0.010294383391737938
P04-gray_original-r1,P04,gray_original,1,1,gray_original,gray_original,original,face,whole_roi,1,0.015506728552281857,0.905637264251709,0.02117871306836605,
P04-gray_original-r1,P04,gray_original,1,1,gray_original,gray_original,original,skin,weighted_three_regions,1,0.014323144944055993,0.8560379126008302,,0.011381720862187007
P04-gray_original-r1,P04,gray_original,1,1,gray_original,gray_original,original,skin,forehead,1,0.014796365052461624,0.8359689712524414,,0.011982531286776066
P04-gray_original-r1,P04,gray_original,1,1,gray_original,gray_original,original,skin,cheek_viewer_left,1,0.015110488049685955,0.890622079372406,,0.010781049728393555
P04-gray_original-r1,P04,gray_original,1,1,gray_original,gray_original,original,skin,cheek_viewer_right,1,0.012048708274960518,0.8821719288825989,,0.010294383391737938
P04-gray_original-r1,P04,gray_original,1,1,gray_original,gray_original,original,face,whole_roi,3,0.015506728552281857,0.905637264251709,0.02117871306836605,
P04-gray_original-r1,P04,gray_original,1,1,gray_original,gray_original,original,skin,weighted_three_regions,3,0.014323144944055993,0.8560379126008302,,0.011381720862187007
P04-gray_original-r1,P04,gray_original,1,1,gray_original,gray_original,original,skin,forehead,3,0.014796365052461624,0.8359689712524414,,0.011982531286776066
P04-gray_original-r1,P04,gray_original,1,1,gray_original,gray_original,original,skin,cheek_viewer_left,3,0.015110488049685955,0.890622079372406,,0.010781049728393555
P04-gray_original-r1,P04,gray_original,1,1,gray_original,gray_original,original,skin,cheek_viewer_right,3,0.012048708274960518,0.8821719288825989,,0.010294383391737938
P04-gray_original-r1,P04,gray_original,1,1,gray_original,gray_original,original,face,whole_roi,6,0.015506728552281857,0.905637264251709,0.02117871306836605,
P04-gray_original-r1,P04,gray_original,1,1,gray_original,gray_original,original,skin,weighted_three_regions,6,0.014323144944055993,0.8560379126008302,,0.011381720862187007
P04-gray_original-r1,P04,gray_original,1,1,gray_original,gray_original,original,skin,forehead,6,0.014796365052461624,0.8359689712524414,,0.011982531286776066
P04-gray_original-r1,P04,gray_original,1,1,gray_original,gray_original,original,skin,cheek_viewer_left,6,0.015110488049685955,0.890622079372406,,0.010781049728393555
P04-gray_original-r1,P04,gray_original,1,1,gray_original,gray_original,original,skin,cheek_viewer_right,6,0.012048708274960518,0.8821719288825989,,0.010294383391737938
P04-gray_original-r1,P04,gray_original,1,1,gray_original,gray_original,previous,face,whole_roi,fixed,0.015506728552281857,0.905637264251709,0.02117871306836605,
P04-gray_original-r1,P04,gray_original,1,1,gray_original,gray_original,previous,skin,weighted_three_regions,fixed,0.014323144944055993,0.8560379126008302,,0.011381720862187007
P04-gray_original-r1,P04,gray_original,1,1,gray_original,gray_original,previous,skin,forehead,fixed,0.014796365052461624,0.8359689712524414,,0.011982531286776066
P04-gray_original-r1,P04,gray_original,1,1,gray_original,gray_original,previous,skin,cheek_viewer_left,fixed,0.015110488049685955,0.890622079372406,,0.010781049728393555
P04-gray_original-r1,P04,gray_original,1,1,gray_original,gray_original,previous,skin,cheek_viewer_right,fixed,0.012048708274960518,0.8821719288825989,,0.010294383391737938
P04-gray_original-r1,P04,gray_original,1,1,gray_original,gray_original,previous,face,whole_roi,1,0.015506728552281857,0.905637264251709,0.02117871306836605,
P04-gray_original-r1,P04,gray_original,1,1,gray_original,gray_original,previous,skin,weighted_three_regions,1,0.014323144944055993,0.8560379126008302,,0.011381720862187007
P04-gray_original-r1,P04,gray_original,1,1,gray_original,gray_original,previous,skin,forehead,1,0.014796365052461624,0.8359689712524414,,0.011982531286776066
P04-gray_original-r1,P04,gray_original,1,1,gray_original,gray_original,previous,skin,cheek_viewer_left,1,0.015110488049685955,0.890622079372406,,0.010781049728393555
P04-gray_original-r1,P04,gray_original,1,1,gray_original,gray_original,previous,skin,cheek_viewer_right,1,0.012048708274960518,0.8821719288825989,,0.010294383391737938
P04-gray_original-r1,P04,gray_original,1,1,gray_original,gray_original,previous,face,whole_roi,3,0.015506728552281857,0.905637264251709,0.02117871306836605,
P04-gray_original-r1,P04,gray_original,1,1,gray_original,gray_original,previous,skin,weighted_three_regions,3,0.014323144944055993,0.8560379126008302,,0.011381720862187007
P04-gray_original-r1,P04,gray_original,1,1,gray_original,gray_original,previous,skin,forehead,3,0.014796365052461624,0.8359689712524414,,0.011982531286776066
P04-gray_original-r1,P04,gray_original,1,1,gray_original,gray_original,previous,skin,cheek_viewer_left,3,0.015110488049685955,0.890622079372406,,0.010781049728393555
P04-gray_original-r1,P04,gray_original,1,1,gray_original,gray_original,previous,skin,cheek_viewer_right,3,0.012048708274960518,0.8821719288825989,,0.010294383391737938
P04-gray_original-r1,P04,gray_original,1,1,gray_original,gray_original,previous,face,whole_roi,6,0.015506728552281857,0.905637264251709,0.02117871306836605,
P04-gray_original-r1,P04,gray_original,1,1,gray_original,gray_original,previous,skin,weighted_three_regions,6,0.014323144944055993,0.8560379126008302,,0.011381720862187007
P04-gray_original-r1,P04,gray_original,1,1,gray_original,gray_original,previous,skin,forehead,6,0.014796365052461624,0.8359689712524414,,0.011982531286776066
P04-gray_original-r1,P04,gray_original,1,1,gray_original,gray_original,previous,skin,cheek_viewer_left,6,0.015110488049685955,0.890622079372406,,0.010781049728393555
P04-gray_original-r1,P04,gray_original,1,1,gray_original,gray_original,previous,skin,cheek_viewer_right,6,0.012048708274960518,0.8821719288825989,,0.010294383391737938
P05-navy_original-r1,P05,navy_original,1,1,navy_original,navy_original,original,face,whole_roi,fixed,0.020482627674937248,0.8832815289497375,0.035696204751729965,
P05-navy_original-r1,P05,navy_original,1,1,navy_original,navy_original,original,skin,weighted_three_regions,fixed,0.014112841447486597,0.8893366424660933,,0.009557635852080934
P05-navy_original-r1,P05,navy_original,1,1,navy_original,navy_original,original,skin,forehead,fixed,0.013748886063694954,0.8840613961219788,,0.009356869384646416
P05-navy_original-r1,P05,navy_original,1,1,navy_original,navy_original,original,skin,cheek_viewer_left,fixed,0.012745097279548645,0.8935679793357849,,0.009570155292749405
P05-navy_original-r1,P05,navy_original,1,1,navy_original,navy_original,original,skin,cheek_viewer_right,fixed,0.01681508868932724,0.9079647064208984,,0.010281260125339031
P05-navy_original-r1,P05,navy_original,1,1,navy_original,navy_original,original,face,whole_roi,1,0.02100025862455368,0.8661224842071533,0.03622519224882126,
P05-navy_original-r1,P05,navy_original,1,1,navy_original,navy_original,original,skin,weighted_three_regions,1,0.015450067325111698,0.855288499280026,,0.011134850847370485
P05-navy_original-r1,P05,navy_original,1,1,navy_original,navy_original,original,skin,forehead,1,0.015215016901493073,0.8417882919311523,,0.011390900239348412
P05-navy_original-r1,P05,navy_original,1,1,navy_original,navy_original,original,skin,cheek_viewer_left,1,0.014049564488232136,0.8724293112754822,,0.01054767332971096
P05-navy_original-r1,P05,navy_original,1,1,navy_original,navy_original,original,skin,cheek_viewer_right,1,0.017712421715259552,0.8966485857963562,,0.010783180594444275
P05-navy_original-r1,P05,navy_original,1,1,navy_original,navy_original,original,face,whole_roi,3,0.02100025862455368,0.8661224842071533,0.03622519224882126,
P05-navy_original-r1,P05,navy_original,1,1,navy_original,navy_original,original,skin,weighted_three_regions,3,0.015450067325111698,0.855288499280026,,0.011134850847370485
P05-navy_original-r1,P05,navy_original,1,1,navy_original,navy_original,original,skin,forehead,3,0.015215016901493073,0.8417882919311523,,0.011390900239348412
P05-navy_original-r1,P05,navy_original,1,1,navy_original,navy_original,original,skin,cheek_viewer_left,3,0.014049564488232136,0.8724293112754822,,0.01054767332971096
P05-navy_original-r1,P05,navy_original,1,1,navy_original,navy_original,original,skin,cheek_viewer_right,3,0.017712421715259552,0.8966485857963562,,0.010783180594444275
P05-navy_original-r1,P05,navy_original,1,1,navy_original,navy_original,original,face,whole_roi,6,0.025669891387224197,0.8032985329627991,0.045421481132507324,
P05-navy_original-r1,P05,navy_original,1,1,navy_original,navy_original,original,skin,weighted_three_regions,6,0.017866206300609252,0.8021816297581321,,0.012557928395621917
P05-navy_original-r1,P05,navy_original,1,1,navy_original,navy_original,original,skin,forehead,6,0.01765597239136696,0.7768306136131287,,0.012801211327314377
P05-navy_original-r1,P05,navy_original,1,1,navy_original,navy_original,original,skin,cheek_viewer_left,6,0.01547657884657383,0.8548486828804016,,0.011008474975824356
P05-navy_original-r1,P05,navy_original,1,1,navy_original,navy_original,original,skin,cheek_viewer_right,6,0.021026691421866417,0.8593689799308777,,0.013215344399213791
P05-navy_original-r1,P05,navy_original,1,1,navy_original,navy_original,previous,face,whole_roi,fixed,0.020482627674937248,0.8832815289497375,0.035696204751729965,
P05-navy_original-r1,P05,navy_original,1,1,navy_original,navy_original,previous,skin,weighted_three_regions,fixed,0.014112841447486597,0.8893366424660933,,0.009557635852080934
P05-navy_original-r1,P05,navy_original,1,1,navy_original,navy_original,previous,skin,forehead,fixed,0.013748886063694954,0.8840613961219788,,0.009356869384646416
P05-navy_original-r1,P05,navy_original,1,1,navy_original,navy_original,previous,skin,cheek_viewer_left,fixed,0.012745097279548645,0.8935679793357849,,0.009570155292749405
P05-navy_original-r1,P05,navy_original,1,1,navy_original,navy_original,previous,skin,cheek_viewer_right,fixed,0.01681508868932724,0.9079647064208984,,0.010281260125339031
P05-navy_original-r1,P05,navy_original,1,1,navy_original,navy_original,previous,face,whole_roi,1,0.02100025862455368,0.8661224842071533,0.03622519224882126,
P05-navy_original-r1,P05,navy_original,1,1,navy_original,navy_original,previous,skin,weighted_three_regions,1,0.015450067325111698,0.855288499280026,,0.011134850847370485
P05-navy_original-r1,P05,navy_original,1,1,navy_original,navy_original,previous,skin,forehead,1,0.015215016901493073,0.8417882919311523,,0.011390900239348412
P05-navy_original-r1,P05,navy_original,1,1,navy_original,navy_original,previous,skin,cheek_viewer_left,1,0.014049564488232136,0.8724293112754822,,0.01054767332971096
P05-navy_original-r1,P05,navy_original,1,1,navy_original,navy_original,previous,skin,cheek_viewer_right,1,0.017712421715259552,0.8966485857963562,,0.010783180594444275
P05-navy_original-r1,P05,navy_original,1,1,navy_original,navy_original,previous,face,whole_roi,3,0.02100025862455368,0.8661224842071533,0.03622519224882126,
P05-navy_original-r1,P05,navy_original,1,1,navy_original,navy_original,previous,skin,weighted_three_regions,3,0.015450067325111698,0.855288499280026,,0.011134850847370485
P05-navy_original-r1,P05,navy_original,1,1,navy_original,navy_original,previous,skin,forehead,3,0.015215016901493073,0.8417882919311523,,0.011390900239348412
P05-navy_original-r1,P05,navy_original,1,1,navy_original,navy_original,previous,skin,cheek_viewer_left,3,0.014049564488232136,0.8724293112754822,,0.01054767332971096
P05-navy_original-r1,P05,navy_original,1,1,navy_original,navy_original,previous,skin,cheek_viewer_right,3,0.017712421715259552,0.8966485857963562,,0.010783180594444275
P05-navy_original-r1,P05,navy_original,1,1,navy_original,navy_original,previous,face,whole_roi,6,0.025669891387224197,0.8032985329627991,0.045421481132507324,
P05-navy_original-r1,P05,navy_original,1,1,navy_original,navy_original,previous,skin,weighted_three_regions,6,0.017866206300609252,0.8021816297581321,,0.012557928395621917
P05-navy_original-r1,P05,navy_original,1,1,navy_original,navy_original,previous,skin,forehead,6,0.01765597239136696,0.7768306136131287,,0.012801211327314377
P05-navy_original-r1,P05,navy_original,1,1,navy_original,navy_original,previous,skin,cheek_viewer_left,6,0.01547657884657383,0.8548486828804016,,0.011008474975824356
P05-navy_original-r1,P05,navy_original,1,1,navy_original,navy_original,previous,skin,cheek_viewer_right,6,0.021026691421866417,0.8593689799308777,,0.013215344399213791
P06-navy_original-r1,P06,navy_original,1,1,navy_original,navy_original,original,face,whole_roi,fixed,0.019945597276091576,0.8767024874687195,0.02982930839061737,
P06-navy_original-r1,P06,navy_original,1,1,navy_original,navy_original,original,skin,weighted_three_regions,fixed,0.02240853615832038,0.8312181626280694,,0.013151674644976127
P06-navy_original-r1,P06,navy_original,1,1,navy_original,navy_original,original,skin,forehead,fixed,0.024312907829880714,0.8164302706718445,,0.012997020035982132
P06-navy_original-r1,P06,navy_original,1,1,navy_original,navy_original,original,skin,cheek_viewer_left,fixed,0.021107792854309082,0.8792713284492493,,0.014018704183399677
P06-navy_original-r1,P06,navy_original,1,1,navy_original,navy_original,original,skin,cheek_viewer_right,fixed,0.017758117988705635,0.8366289138793945,,0.012767940759658813
P06-navy_original-r1,P06,navy_original,1,1,navy_original,navy_original,original,face,whole_roi,1,0.020281895995140076,0.8578817248344421,0.029903102666139603,
P06-navy_original-r1,P06,navy_original,1,1,navy_original,navy_original,original,skin,weighted_three_regions,1,0.020349613459008497,0.807091724382688,,0.014373720078388365
P06-navy_original-r1,P06,navy_original,1,1,navy_original,navy_original,original,skin,forehead,1,0.021772058680653572,0.785822868347168,,0.0144272455945611
P06-navy_original-r1,P06,navy_original,1,1,navy_original,navy_original,original,skin,cheek_viewer_left,1,0.019005311653017998,0.8826557993888855,,0.014207176864147186
P06-navy_original-r1,P06,navy_original,1,1,navy_original,navy_original,original,skin,cheek_viewer_right,1,0.01724877394735813,0.8084227442741394,,0.014372996054589748
P06-navy_original-r1,P06,navy_original,1,1,navy_original,navy_original,original,face,whole_roi,3,0.020281895995140076,0.8578817248344421,0.029903102666139603,
P06-navy_original-r1,P06,navy_original,1,1,navy_original,navy_original,original,skin,weighted_three_regions,3,0.020349613459008497,0.807091724382688,,0.014373720078388365
P06-navy_original-r1,P06,navy_original,1,1,navy_original,navy_original,original,skin,forehead,3,0.021772058680653572,0.785822868347168,,0.0144272455945611
P06-navy_original-r1,P06,navy_original,1,1,navy_original,navy_original,original,skin,cheek_viewer_left,3,0.019005311653017998,0.8826557993888855,,0.014207176864147186
P06-navy_original-r1,P06,navy_original,1,1,navy_original,navy_original,original,skin,cheek_viewer_right,3,0.01724877394735813,0.8084227442741394,,0.014372996054589748
P06-navy_original-r1,P06,navy_original,1,1,navy_original,navy_original,original,face,whole_roi,6,0.020281895995140076,0.8578817248344421,0.029903102666139603,
P06-navy_original-r1,P06,navy_original,1,1,navy_original,navy_original,original,skin,weighted_three_regions,6,0.020349613459008497,0.807091724382688,,0.014373720078388365
P06-navy_original-r1,P06,navy_original,1,1,navy_original,navy_original,original,skin,forehead,6,0.021772058680653572,0.785822868347168,,0.0144272455945611
P06-navy_original-r1,P06,navy_original,1,1,navy_original,navy_original,original,skin,cheek_viewer_left,6,0.019005311653017998,0.8826557993888855,,0.014207176864147186
P06-navy_original-r1,P06,navy_original,1,1,navy_original,navy_original,original,skin,cheek_viewer_right,6,0.01724877394735813,0.8084227442741394,,0.014372996054589748
P06-navy_original-r1,P06,navy_original,1,1,navy_original,navy_original,previous,face,whole_roi,fixed,0.019945597276091576,0.8767024874687195,0.02982930839061737,
P06-navy_original-r1,P06,navy_original,1,1,navy_original,navy_original,previous,skin,weighted_three_regions,fixed,0.02240853615832038,0.8312181626280694,,0.013151674644976127
P06-navy_original-r1,P06,navy_original,1,1,navy_original,navy_original,previous,skin,forehead,fixed,0.024312907829880714,0.8164302706718445,,0.012997020035982132
P06-navy_original-r1,P06,navy_original,1,1,navy_original,navy_original,previous,skin,cheek_viewer_left,fixed,0.021107792854309082,0.8792713284492493,,0.014018704183399677
P06-navy_original-r1,P06,navy_original,1,1,navy_original,navy_original,previous,skin,cheek_viewer_right,fixed,0.017758117988705635,0.8366289138793945,,0.012767940759658813
P06-navy_original-r1,P06,navy_original,1,1,navy_original,navy_original,previous,face,whole_roi,1,0.020281895995140076,0.8578817248344421,0.029903102666139603,
P06-navy_original-r1,P06,navy_original,1,1,navy_original,navy_original,previous,skin,weighted_three_regions,1,0.020349613459008497,0.807091724382688,,0.014373720078388365
P06-navy_original-r1,P06,navy_original,1,1,navy_original,navy_original,previous,skin,forehead,1,0.021772058680653572,0.785822868347168,,0.0144272455945611
P06-navy_original-r1,P06,navy_original,1,1,navy_original,navy_original,previous,skin,cheek_viewer_left,1,0.019005311653017998,0.8826557993888855,,0.014207176864147186
P06-navy_original-r1,P06,navy_original,1,1,navy_original,navy_original,previous,skin,cheek_viewer_right,1,0.01724877394735813,0.8084227442741394,,0.014372996054589748
P06-navy_original-r1,P06,navy_original,1,1,navy_original,navy_original,previous,face,whole_roi,3,0.020281895995140076,0.8578817248344421,0.029903102666139603,
P06-navy_original-r1,P06,navy_original,1,1,navy_original,navy_original,previous,skin,weighted_three_regions,3,0.020349613459008497,0.807091724382688,,0.014373720078388365
P06-navy_original-r1,P06,navy_original,1,1,navy_original,navy_original,previous,skin,forehead,3,0.021772058680653572,0.785822868347168,,0.0144272455945611
P06-navy_original-r1,P06,navy_original,1,1,navy_original,navy_original,previous,skin,cheek_viewer_left,3,0.019005311653017998,0.8826557993888855,,0.014207176864147186
P06-navy_original-r1,P06,navy_original,1,1,navy_original,navy_original,previous,skin,cheek_viewer_right,3,0.01724877394735813,0.8084227442741394,,0.014372996054589748
P06-navy_original-r1,P06,navy_original,1,1,navy_original,navy_original,previous,face,whole_roi,6,0.020281895995140076,0.8578817248344421,0.029903102666139603,
P06-navy_original-r1,P06,navy_original,1,1,navy_original,navy_original,previous,skin,weighted_three_regions,6,0.020349613459008497,0.807091724382688,,0.014373720078388365
P06-navy_original-r1,P06,navy_original,1,1,navy_original,navy_original,previous,skin,forehead,6,0.021772058680653572,0.785822868347168,,0.0144272455945611
P06-navy_original-r1,P06,navy_original,1,1,navy_original,navy_original,previous,skin,cheek_viewer_left,6,0.019005311653017998,0.8826557993888855,,0.014207176864147186
P06-navy_original-r1,P06,navy_original,1,1,navy_original,navy_original,previous,skin,cheek_viewer_right,6,0.01724877394735813,0.8084227442741394,,0.014372996054589748
P06-gray_original-r2,P06,gray_original,2,1,gray_original,gray_original,original,face,whole_roi,fixed,0.01693410612642765,0.8874878883361816,0.03399470075964928,
P06-gray_original-r2,P06,gray_original,2,1,gray_original,gray_original,original,skin,weighted_three_regions,fixed,0.016377979889512062,0.8439351205956446,,0.01249823376263787
P06-gray_original-r2,P06,gray_original,2,1,gray_original,gray_original,original,skin,forehead,fixed,0.01567688025534153,0.8331882953643799,,0.012120404280722141
P06-gray_original-r2,P06,gray_original,2,1,gray_original,gray_original,original,skin,cheek_viewer_left,fixed,0.01835554651916027,0.8817599415779114,,0.013845386914908886
P06-gray_original-r2,P06,gray_original,2,1,gray_original,gray_original,original,skin,cheek_viewer_right,fixed,0.016591349616646767,0.8449642062187195,,0.012331797741353512
P06-gray_original-r2,P06,gray_original,2,1,gray_original,gray_original,original,face,whole_roi,1,0.017298543825745583,0.8768203854560852,0.03286366909742355,
P06-gray_original-r2,P06,gray_original,2,1,gray_original,gray_original,original,skin,weighted_three_regions,1,0.016168748323873775,0.8346175592239589,,0.013137984180414095
P06-gray_original-r2,P06,gray_original,2,1,gray_original,gray_original,original,skin,forehead,1,0.01563357748091221,0.8237903714179993,,0.012776984833180904
P06-gray_original-r2,P06,gray_original,2,1,gray_original,gray_original,original,skin,cheek_viewer_left,1,0.018075980246067047,0.8763689994812012,,0.01393574196845293
P06-gray_original-r2,P06,gray_original,2,1,gray_original,gray_original,original,skin,cheek_viewer_right,1,0.015933925285935402,0.8320105671882629,,0.013468349352478981
P06-gray_original-r2,P06,gray_original,2,1,gray_original,gray_original,original,face,whole_roi,3,0.017298543825745583,0.8768203854560852,0.03286366909742355,
P06-gray_original-r2,P06,gray_original,2,1,gray_original,gray_original,original,skin,weighted_three_regions,3,0.016168748323873775,0.8346175592239589,,0.013137984180414095
P06-gray_original-r2,P06,gray_original,2,1,gray_original,gray_original,original,skin,forehead,3,0.01563357748091221,0.8237903714179993,,0.012776984833180904
P06-gray_original-r2,P06,gray_original,2,1,gray_original,gray_original,original,skin,cheek_viewer_left,3,0.018075980246067047,0.8763689994812012,,0.01393574196845293
P06-gray_original-r2,P06,gray_original,2,1,gray_original,gray_original,original,skin,cheek_viewer_right,3,0.015933925285935402,0.8320105671882629,,0.013468349352478981
P06-gray_original-r2,P06,gray_original,2,1,gray_original,gray_original,original,face,whole_roi,6,0.018124355003237724,0.864239513874054,0.033769622445106506,
P06-gray_original-r2,P06,gray_original,2,1,gray_original,gray_original,original,skin,weighted_three_regions,6,0.016697552145981207,0.81580115589377,,0.013618569798404125
P06-gray_original-r2,P06,gray_original,2,1,gray_original,gray_original,original,skin,forehead,6,0.016732841730117798,0.7950060367584229,,0.013787570409476757
P06-gray_original-r2,P06,gray_original,2,1,gray_original,gray_original,original,skin,cheek_viewer_left,6,0.017195159569382668,0.8846445083618164,,0.013399552553892136
P06-gray_original-r2,P06,gray_original,2,1,gray_original,gray_original,original,skin,cheek_viewer_right,6,0.0160896647721529,0.8221401572227478,,0.013309460133314133
P06-gray_original-r2,P06,gray_original,2,1,gray_original,gray_original,previous,face,whole_roi,fixed,0.01693410612642765,0.8874878883361816,0.03399470075964928,
P06-gray_original-r2,P06,gray_original,2,1,gray_original,gray_original,previous,skin,weighted_three_regions,fixed,0.016377979889512062,0.8439351205956446,,0.01249823376263787
P06-gray_original-r2,P06,gray_original,2,1,gray_original,gray_original,previous,skin,forehead,fixed,0.01567688025534153,0.8331882953643799,,0.012120404280722141
P06-gray_original-r2,P06,gray_original,2,1,gray_original,gray_original,previous,skin,cheek_viewer_left,fixed,0.01835554651916027,0.8817599415779114,,0.013845386914908886
P06-gray_original-r2,P06,gray_original,2,1,gray_original,gray_original,previous,skin,cheek_viewer_right,fixed,0.016591349616646767,0.8449642062187195,,0.012331797741353512
P06-gray_original-r2,P06,gray_original,2,1,gray_original,gray_original,previous,face,whole_roi,1,0.017298543825745583,0.8768203854560852,0.03286366909742355,
P06-gray_original-r2,P06,gray_original,2,1,gray_original,gray_original,previous,skin,weighted_three_regions,1,0.016168748323873775,0.8346175592239589,,0.013137984180414095
P06-gray_original-r2,P06,gray_original,2,1,gray_original,gray_original,previous,skin,forehead,1,0.01563357748091221,0.8237903714179993,,0.012776984833180904
P06-gray_original-r2,P06,gray_original,2,1,gray_original,gray_original,previous,skin,cheek_viewer_left,1,0.018075980246067047,0.8763689994812012,,0.01393574196845293
P06-gray_original-r2,P06,gray_original,2,1,gray_original,gray_original,previous,skin,cheek_viewer_right,1,0.015933925285935402,0.8320105671882629,,0.013468349352478981
P06-gray_original-r2,P06,gray_original,2,1,gray_original,gray_original,previous,face,whole_roi,3,0.017298543825745583,0.8768203854560852,0.03286366909742355,
P06-gray_original-r2,P06,gray_original,2,1,gray_original,gray_original,previous,skin,weighted_three_regions,3,0.016168748323873775,0.8346175592239589,,0.013137984180414095
P06-gray_original-r2,P06,gray_original,2,1,gray_original,gray_original,previous,skin,forehead,3,0.01563357748091221,0.8237903714179993,,0.012776984833180904
P06-gray_original-r2,P06,gray_original,2,1,gray_original,gray_original,previous,skin,cheek_viewer_left,3,0.018075980246067047,0.8763689994812012,,0.01393574196845293
P06-gray_original-r2,P06,gray_original,2,1,gray_original,gray_original,previous,skin,cheek_viewer_right,3,0.015933925285935402,0.8320105671882629,,0.013468349352478981
P06-gray_original-r2,P06,gray_original,2,1,gray_original,gray_original,previous,face,whole_roi,6,0.018124355003237724,0.864239513874054,0.033769622445106506,
P06-gray_original-r2,P06,gray_original,2,1,gray_original,gray_original,previous,skin,weighted_three_regions,6,0.016697552145981207,0.81580115589377,,0.013618569798404125
P06-gray_original-r2,P06,gray_original,2,1,gray_original,gray_original,previous,skin,forehead,6,0.016732841730117798,0.7950060367584229,,0.013787570409476757
P06-gray_original-r2,P06,gray_original,2,1,gray_original,gray_original,previous,skin,cheek_viewer_left,6,0.017195159569382668,0.8846445083618164,,0.013399552553892136
P06-gray_original-r2,P06,gray_original,2,1,gray_original,gray_original,previous,skin,cheek_viewer_right,6,0.0160896647721529,0.8221401572227478,,0.013309460133314133
P05-navy_cable-r2,P05,navy_cable,2,1,navy_cable,navy_cable,original,face,whole_roi,fixed,0.02616991475224495,0.8854920864105225,0.04007355496287346,
P05-navy_cable-r2,P05,navy_cable,2,1,navy_cable,navy_cable,original,skin,weighted_three_regions,fixed,0.013561371494742,0.8943550931779962,,0.009159434696330744
P05-navy_cable-r2,P05,navy_cable,2,1,navy_cable,navy_cable,original,skin,forehead,fixed,0.011948158033192158,0.8909201622009277,,0.009124097414314747
P05-navy_cable-r2,P05,navy_cable,2,1,navy_cable,navy_cable,original,skin,cheek_viewer_left,fixed,0.013899781741201878,0.8823383450508118,,0.00981844775378704
P05-navy_cable-r2,P05,navy_cable,2,1,navy_cable,navy_cable,original,skin,cheek_viewer_right,fixed,0.019138077273964882,0.9212565422058105,,0.008629991672933102
P05-navy_cable-r2,P05,navy_cable,2,1,navy_cable,navy_cable,original,face,whole_roi,1,0.02746356464922428,0.8595753312110901,0.04428007826209068,
P05-navy_cable-r2,P05,navy_cable,2,1,navy_cable,navy_cable,original,skin,weighted_three_regions,1,0.015214822309858659,0.8602363153507835,,0.010972717996029294
P05-navy_cable-r2,P05,navy_cable,2,1,navy_cable,navy_cable,original,skin,forehead,1,0.013619652949273586,0.8491203188896179,,0.011106668040156364
P05-navy_cable-r2,P05,navy_cable,2,1,navy_cable,navy_cable,original,skin,cheek_viewer_left,1,0.014440358616411686,0.8726451992988586,,0.010443778708577156
P05-navy_cable-r2,P05,navy_cable,2,1,navy_cable,navy_cable,original,skin,cheek_viewer_right,1,0.021838240325450897,0.8959967494010925,,0.011010507121682167
P05-navy_cable-r2,P05,navy_cable,2,1,navy_cable,navy_cable,original,face,whole_roi,3,0.03178245946764946,0.7971105575561523,0.05066179484128952,
P05-navy_cable-r2,P05,navy_cable,2,1,navy_cable,navy_cable,original,skin,weighted_three_regions,3,0.017602365190053686,0.7989504839244642,,0.01262799316250226
P05-navy_cable-r2,P05,navy_cable,2,1,navy_cable,navy_cable,original,skin,forehead,3,0.0161441620439291,0.774368941783905,,0.01276617031544447
P05-navy_cable-r2,P05,navy_cable,2,1,navy_cable,navy_cable,original,skin,cheek_viewer_left,3,0.015276416204869747,0.8580450415611267,,0.010851581580936909
P05-navy_cable-r2,P05,navy_cable,2,1,navy_cable,navy_cable,original,skin,cheek_viewer_right,3,0.025275059044361115,0.8463759422302246,,0.013897755183279514
P05-navy_cable-r2,P05,navy_cable,2,1,navy_cable,navy_cable,original,face,whole_roi,6,0.037495002150535583,0.7211411595344543,0.06403890997171402,
P05-navy_cable-r2,P05,navy_cable,2,1,navy_cable,navy_cable,original,skin,weighted_three_regions,6,0.02067786389414002,0.7481832096451208,,0.01422536192352281
P05-navy_cable-r2,P05,navy_cable,2,1,navy_cable,navy_cable,original,skin,forehead,6,0.018927879631519318,0.7344765663146973,,0.013797822408378124
P05-navy_cable-r2,P05,navy_cable,2,1,navy_cable,navy_cable,original,skin,cheek_viewer_left,6,0.02025735378265381,0.7712748050689697,,0.014079371467232704
P05-navy_cable-r2,P05,navy_cable,2,1,navy_cable,navy_cable,original,skin,cheek_viewer_right,6,0.027514982968568802,0.7844870686531067,,0.015938997268676758
P05-navy_cable-r2,P05,navy_cable,2,1,navy_cable,navy_cable,previous,face,whole_roi,fixed,0.02616991475224495,0.8854920864105225,0.04007355496287346,
P05-navy_cable-r2,P05,navy_cable,2,1,navy_cable,navy_cable,previous,skin,weighted_three_regions,fixed,0.013561371494742,0.8943550931779962,,0.009159434696330744
P05-navy_cable-r2,P05,navy_cable,2,1,navy_cable,navy_cable,previous,skin,forehead,fixed,0.011948158033192158,0.8909201622009277,,0.009124097414314747
P05-navy_cable-r2,P05,navy_cable,2,1,navy_cable,navy_cable,previous,skin,cheek_viewer_left,fixed,0.013899781741201878,0.8823383450508118,,0.00981844775378704
P05-navy_cable-r2,P05,navy_cable,2,1,navy_cable,navy_cable,previous,skin,cheek_viewer_right,fixed,0.019138077273964882,0.9212565422058105,,0.008629991672933102
P05-navy_cable-r2,P05,navy_cable,2,1,navy_cable,navy_cable,previous,face,whole_roi,1,0.02746356464922428,0.8595753312110901,0.04428007826209068,
P05-navy_cable-r2,P05,navy_cable,2,1,navy_cable,navy_cable,previous,skin,weighted_three_regions,1,0.015214822309858659,0.8602363153507835,,0.010972717996029294
P05-navy_cable-r2,P05,navy_cable,2,1,navy_cable,navy_cable,previous,skin,forehead,1,0.013619652949273586,0.8491203188896179,,0.011106668040156364
P05-navy_cable-r2,P05,navy_cable,2,1,navy_cable,navy_cable,previous,skin,cheek_viewer_left,1,0.014440358616411686,0.8726451992988586,,0.010443778708577156
P05-navy_cable-r2,P05,navy_cable,2,1,navy_cable,navy_cable,previous,skin,cheek_viewer_right,1,0.021838240325450897,0.8959967494010925,,0.011010507121682167
P05-navy_cable-r2,P05,navy_cable,2,1,navy_cable,navy_cable,previous,face,whole_roi,3,0.03178245946764946,0.7971105575561523,0.05066179484128952,
P05-navy_cable-r2,P05,navy_cable,2,1,navy_cable,navy_cable,previous,skin,weighted_three_regions,3,0.017602365190053686,0.7989504839244642,,0.01262799316250226
P05-navy_cable-r2,P05,navy_cable,2,1,navy_cable,navy_cable,previous,skin,forehead,3,0.0161441620439291,0.774368941783905,,0.01276617031544447
P05-navy_cable-r2,P05,navy_cable,2,1,navy_cable,navy_cable,previous,skin,cheek_viewer_left,3,0.015276416204869747,0.8580450415611267,,0.010851581580936909
P05-navy_cable-r2,P05,navy_cable,2,1,navy_cable,navy_cable,previous,skin,cheek_viewer_right,3,0.025275059044361115,0.8463759422302246,,0.013897755183279514
P05-navy_cable-r2,P05,navy_cable,2,1,navy_cable,navy_cable,previous,face,whole_roi,6,0.037495002150535583,0.7211411595344543,0.06403890997171402,
P05-navy_cable-r2,P05,navy_cable,2,1,navy_cable,navy_cable,previous,skin,weighted_three_regions,6,0.02067786389414002,0.7481832096451208,,0.01422536192352281
P05-navy_cable-r2,P05,navy_cable,2,1,navy_cable,navy_cable,previous,skin,forehead,6,0.018927879631519318,0.7344765663146973,,0.013797822408378124
P05-navy_cable-r2,P05,navy_cable,2,1,navy_cable,navy_cable,previous,skin,cheek_viewer_left,6,0.02025735378265381,0.7712748050689697,,0.014079371467232704
P05-navy_cable-r2,P05,navy_cable,2,1,navy_cable,navy_cable,previous,skin,cheek_viewer_right,6,0.027514982968568802,0.7844870686531067,,0.015938997268676758
P06-gray_cable-r2,P06,gray_cable,2,1,gray_cable,gray_cable,original,face,whole_roi,fixed,0.01694566011428833,0.8979656100273132,0.026469413191080093,
P06-gray_cable-r2,P06,gray_cable,2,1,gray_cable,gray_cable,original,skin,weighted_three_regions,fixed,0.016891340338965742,0.8488274575912789,,0.012190743917372168
P06-gray_cable-r2,P06,gray_cable,2,1,gray_cable,gray_cable,original,skin,forehead,fixed,0.017478758469223976,0.8289599418640137,,0.012279801070690155
P06-gray_cable-r2,P06,gray_cable,2,1,gray_cable,gray_cable,original,skin,cheek_viewer_left,fixed,0.016357742249965668,0.9092541337013245,,0.012032169848680496
P06-gray_cable-r2,P06,gray_cable,2,1,gray_cable,gray_cable,original,skin,cheek_viewer_right,fixed,0.015589256770908833,0.8602294921875,,0.012071014381945133
P06-gray_cable-r2,P06,gray_cable,2,1,gray_cable,gray_cable,original,face,whole_roi,1,0.01694566011428833,0.8979656100273132,0.026469413191080093,
P06-gray_cable-r2,P06,gray_cable,2,1,gray_cable,gray_cable,original,skin,weighted_three_regions,1,0.016891340338965742,0.8488274575912789,,0.012190743917372168
P06-gray_cable-r2,P06,gray_cable,2,1,gray_cable,gray_cable,original,skin,forehead,1,0.017478758469223976,0.8289599418640137,,0.012279801070690155
P06-gray_cable-r2,P06,gray_cable,2,1,gray_cable,gray_cable,original,skin,cheek_viewer_left,1,0.016357742249965668,0.9092541337013245,,0.012032169848680496
P06-gray_cable-r2,P06,gray_cable,2,1,gray_cable,gray_cable,original,skin,cheek_viewer_right,1,0.015589256770908833,0.8602294921875,,0.012071014381945133
P06-gray_cable-r2,P06,gray_cable,2,1,gray_cable,gray_cable,original,face,whole_roi,3,0.01694566011428833,0.8979656100273132,0.026469413191080093,
P06-gray_cable-r2,P06,gray_cable,2,1,gray_cable,gray_cable,original,skin,weighted_three_regions,3,0.016891340338965742,0.8488274575912789,,0.012190743917372168
P06-gray_cable-r2,P06,gray_cable,2,1,gray_cable,gray_cable,original,skin,forehead,3,0.017478758469223976,0.8289599418640137,,0.012279801070690155
P06-gray_cable-r2,P06,gray_cable,2,1,gray_cable,gray_cable,original,skin,cheek_viewer_left,3,0.016357742249965668,0.9092541337013245,,0.012032169848680496
P06-gray_cable-r2,P06,gray_cable,2,1,gray_cable,gray_cable,original,skin,cheek_viewer_right,3,0.015589256770908833,0.8602294921875,,0.012071014381945133
P06-gray_cable-r2,P06,gray_cable,2,1,gray_cable,gray_cable,original,face,whole_roi,6,0.01694566011428833,0.8979656100273132,0.026469413191080093,
P06-gray_cable-r2,P06,gray_cable,2,1,gray_cable,gray_cable,original,skin,weighted_three_regions,6,0.016891340338965742,0.8488274575912789,,0.012190743917372168
P06-gray_cable-r2,P06,gray_cable,2,1,gray_cable,gray_cable,original,skin,forehead,6,0.017478758469223976,0.8289599418640137,,0.012279801070690155
P06-gray_cable-r2,P06,gray_cable,2,1,gray_cable,gray_cable,original,skin,cheek_viewer_left,6,0.016357742249965668,0.9092541337013245,,0.012032169848680496
P06-gray_cable-r2,P06,gray_cable,2,1,gray_cable,gray_cable,original,skin,cheek_viewer_right,6,0.015589256770908833,0.8602294921875,,0.012071014381945133
P06-gray_cable-r2,P06,gray_cable,2,1,gray_cable,gray_cable,previous,face,whole_roi,fixed,0.01694566011428833,0.8979656100273132,0.026469413191080093,
P06-gray_cable-r2,P06,gray_cable,2,1,gray_cable,gray_cable,previous,skin,weighted_three_regions,fixed,0.016891340338965742,0.8488274575912789,,0.012190743917372168
P06-gray_cable-r2,P06,gray_cable,2,1,gray_cable,gray_cable,previous,skin,forehead,fixed,0.017478758469223976,0.8289599418640137,,0.012279801070690155
P06-gray_cable-r2,P06,gray_cable,2,1,gray_cable,gray_cable,previous,skin,cheek_viewer_left,fixed,0.016357742249965668,0.9092541337013245,,0.012032169848680496
P06-gray_cable-r2,P06,gray_cable,2,1,gray_cable,gray_cable,previous,skin,cheek_viewer_right,fixed,0.015589256770908833,0.8602294921875,,0.012071014381945133
P06-gray_cable-r2,P06,gray_cable,2,1,gray_cable,gray_cable,previous,face,whole_roi,1,0.01694566011428833,0.8979656100273132,0.026469413191080093,
P06-gray_cable-r2,P06,gray_cable,2,1,gray_cable,gray_cable,previous,skin,weighted_three_regions,1,0.016891340338965742,0.8488274575912789,,0.012190743917372168
P06-gray_cable-r2,P06,gray_cable,2,1,gray_cable,gray_cable,previous,skin,forehead,1,0.017478758469223976,0.8289599418640137,,0.012279801070690155
P06-gray_cable-r2,P06,gray_cable,2,1,gray_cable,gray_cable,previous,skin,cheek_viewer_left,1,0.016357742249965668,0.9092541337013245,,0.012032169848680496
P06-gray_cable-r2,P06,gray_cable,2,1,gray_cable,gray_cable,previous,skin,cheek_viewer_right,1,0.015589256770908833,0.8602294921875,,0.012071014381945133
P06-gray_cable-r2,P06,gray_cable,2,1,gray_cable,gray_cable,previous,face,whole_roi,3,0.01694566011428833,0.8979656100273132,0.026469413191080093,
P06-gray_cable-r2,P06,gray_cable,2,1,gray_cable,gray_cable,previous,skin,weighted_three_regions,3,0.016891340338965742,0.8488274575912789,,0.012190743917372168
P06-gray_cable-r2,P06,gray_cable,2,1,gray_cable,gray_cable,previous,skin,forehead,3,0.017478758469223976,0.8289599418640137,,0.012279801070690155
P06-gray_cable-r2,P06,gray_cable,2,1,gray_cable,gray_cable,previous,skin,cheek_viewer_left,3,0.016357742249965668,0.9092541337013245,,0.012032169848680496
P06-gray_cable-r2,P06,gray_cable,2,1,gray_cable,gray_cable,previous,skin,cheek_viewer_right,3,0.015589256770908833,0.8602294921875,,0.012071014381945133
P06-gray_cable-r2,P06,gray_cable,2,1,gray_cable,gray_cable,previous,face,whole_roi,6,0.01694566011428833,0.8979656100273132,0.026469413191080093,
P06-gray_cable-r2,P06,gray_cable,2,1,gray_cable,gray_cable,previous,skin,weighted_three_regions,6,0.016891340338965742,0.8488274575912789,,0.012190743917372168
P06-gray_cable-r2,P06,gray_cable,2,1,gray_cable,gray_cable,previous,skin,forehead,6,0.017478758469223976,0.8289599418640137,,0.012279801070690155
P06-gray_cable-r2,P06,gray_cable,2,1,gray_cable,gray_cable,previous,skin,cheek_viewer_left,6,0.016357742249965668,0.9092541337013245,,0.012032169848680496
P06-gray_cable-r2,P06,gray_cable,2,1,gray_cable,gray_cable,previous,skin,cheek_viewer_right,6,0.015589256770908833,0.8602294921875,,0.012071014381945133
P05-navy_original-r2,P05,navy_original,2,1,navy_original,navy_original,original,face,whole_roi,fixed,0.023620055988430977,0.8749443888664246,0.035390883684158325,
P05-navy_original-r2,P05,navy_original,2,1,navy_original,navy_original,original,skin,weighted_three_regions,fixed,0.014207516632535878,0.8824398298012582,,0.00980079102822963
P05-navy_original-r2,P05,navy_original,2,1,navy_original,navy_original,original,skin,forehead,fixed,0.012639259919524193,0.8749664425849915,,0.009744555689394474
P05-navy_original-r2,P05,navy_original,2,1,navy_original,navy_original,original,skin,cheek_viewer_left,fixed,0.01313861645758152,0.8906250596046448,,0.009782327339053154
P05-navy_original-r2,P05,navy_original,2,1,navy_original,navy_original,original,skin,cheek_viewer_right,fixed,0.021026691421866417,0.9066392779350281,,0.010025450959801674
P05-navy_original-r2,P05,navy_original,2,1,navy_original,navy_original,original,face,whole_roi,1,0.023004064336419106,0.8703327178955078,0.03447119519114494,
P05-navy_original-r2,P05,navy_original,2,1,navy_original,navy_original,original,skin,weighted_three_regions,1,0.01533689081449719,0.8611419922427127,,0.011104282868259093
P05-navy_original-r2,P05,navy_original,2,1,navy_original,navy_original,original,skin,forehead,1,0.013699495233595371,0.8512125015258789,,0.011053986847400665
P05-navy_original-r2,P05,navy_original,2,1,navy_original,navy_original,original,skin,cheek_viewer_left,1,0.013856209814548492,0.8764567971229553,,0.01049316581338644
P05-navy_original-r2,P05,navy_original,2,1,navy_original,navy_original,original,skin,cheek_viewer_right,1,0.02282135561108589,0.88885498046875,,0.011899818666279316
P05-navy_original-r2,P05,navy_original,2,1,navy_original,navy_original,original,face,whole_roi,3,0.023004064336419106,0.8703327178955078,0.03447119519114494,
P05-navy_original-r2,P05,navy_original,2,1,navy_original,navy_original,original,skin,weighted_three_regions,3,0.01533689081449719,0.8611419922427127,,0.011104282868259093
P05-navy_original-r2,P05,navy_original,2,1,navy_original,navy_original,original,skin,forehead,3,0.013699495233595371,0.8512125015258789,,0.011053986847400665
P05-navy_original-r2,P05,navy_original,2,1,navy_original,navy_original,original,skin,cheek_viewer_left,3,0.013856209814548492,0.8764567971229553,,0.01049316581338644
P05-navy_original-r2,P05,navy_original,2,1,navy_original,navy_original,original,skin,cheek_viewer_right,3,0.02282135561108589,0.88885498046875,,0.011899818666279316
P05-navy_original-r2,P05,navy_original,2,1,navy_original,navy_original,original,face,whole_roi,6,0.02744036726653576,0.810614287853241,0.04433059319853783,
P05-navy_original-r2,P05,navy_original,2,1,navy_original,navy_original,original,skin,weighted_three_regions,6,0.017843137276084983,0.8036912271850988,,0.012737597393638948
P05-navy_original-r2,P05,navy_original,2,1,navy_original,navy_original,original,skin,forehead,6,0.016390744596719742,0.780569851398468,,0.012874816544353962
P05-navy_original-r2,P05,navy_original,2,1,navy_original,navy_original,original,skin,cheek_viewer_left,6,0.014882897026836872,0.8620374202728271,,0.010716188699007034
P05-navy_original-r2,P05,navy_original,2,1,navy_original,navy_original,original,skin,cheek_viewer_right,6,0.026128817349672318,0.8455376625061035,,0.014255869202315807
P05-navy_original-r2,P05,navy_original,2,1,navy_original,navy_original,previous,face,whole_roi,fixed,0.023620055988430977,0.8749443888664246,0.035390883684158325,
P05-navy_original-r2,P05,navy_original,2,1,navy_original,navy_original,previous,skin,weighted_three_regions,fixed,0.014207516632535878,0.8824398298012582,,0.00980079102822963
P05-navy_original-r2,P05,navy_original,2,1,navy_original,navy_original,previous,skin,forehead,fixed,0.012639259919524193,0.8749664425849915,,0.009744555689394474
P05-navy_original-r2,P05,navy_original,2,1,navy_original,navy_original,previous,skin,cheek_viewer_left,fixed,0.01313861645758152,0.8906250596046448,,0.009782327339053154
P05-navy_original-r2,P05,navy_original,2,1,navy_original,navy_original,previous,skin,cheek_viewer_right,fixed,0.021026691421866417,0.9066392779350281,,0.010025450959801674
P05-navy_original-r2,P05,navy_original,2,1,navy_original,navy_original,previous,face,whole_roi,1,0.023004064336419106,0.8703327178955078,0.03447119519114494,
P05-navy_original-r2,P05,navy_original,2,1,navy_original,navy_original,previous,skin,weighted_three_regions,1,0.01533689081449719,0.8611419922427127,,0.011104282868259093
P05-navy_original-r2,P05,navy_original,2,1,navy_original,navy_original,previous,skin,forehead,1,0.013699495233595371,0.8512125015258789,,0.011053986847400665
P05-navy_original-r2,P05,navy_original,2,1,navy_original,navy_original,previous,skin,cheek_viewer_left,1,0.013856209814548492,0.8764567971229553,,0.01049316581338644
P05-navy_original-r2,P05,navy_original,2,1,navy_original,navy_original,previous,skin,cheek_viewer_right,1,0.02282135561108589,0.88885498046875,,0.011899818666279316
P05-navy_original-r2,P05,navy_original,2,1,navy_original,navy_original,previous,face,whole_roi,3,0.023004064336419106,0.8703327178955078,0.03447119519114494,
P05-navy_original-r2,P05,navy_original,2,1,navy_original,navy_original,previous,skin,weighted_three_regions,3,0.01533689081449719,0.8611419922427127,,0.011104282868259093
P05-navy_original-r2,P05,navy_original,2,1,navy_original,navy_original,previous,skin,forehead,3,0.013699495233595371,0.8512125015258789,,0.011053986847400665
P05-navy_original-r2,P05,navy_original,2,1,navy_original,navy_original,previous,skin,cheek_viewer_left,3,0.013856209814548492,0.8764567971229553,,0.01049316581338644
P05-navy_original-r2,P05,navy_original,2,1,navy_original,navy_original,previous,skin,cheek_viewer_right,3,0.02282135561108589,0.88885498046875,,0.011899818666279316
P05-navy_original-r2,P05,navy_original,2,1,navy_original,navy_original,previous,face,whole_roi,6,0.02744036726653576,0.810614287853241,0.04433059319853783,
P05-navy_original-r2,P05,navy_original,2,1,navy_original,navy_original,previous,skin,weighted_three_regions,6,0.017843137276084983,0.8036912271850988,,0.012737597393638948
P05-navy_original-r2,P05,navy_original,2,1,navy_original,navy_original,previous,skin,forehead,6,0.016390744596719742,0.780569851398468,,0.012874816544353962
P05-navy_original-r2,P05,navy_original,2,1,navy_original,navy_original,previous,skin,cheek_viewer_left,6,0.014882897026836872,0.8620374202728271,,0.010716188699007034
P05-navy_original-r2,P05,navy_original,2,1,navy_original,navy_original,previous,skin,cheek_viewer_right,6,0.026128817349672318,0.8455376625061035,,0.014255869202315807
P04-gray_original-r2,P04,gray_original,2,1,gray_original,gray_original,original,face,whole_roi,fixed,0.0181578379124403,0.8926119804382324,0.024990655481815338,
P04-gray_original-r2,P04,gray_original,2,1,gray_original,gray_original,original,skin,weighted_three_regions,fixed,0.015118223886717769,0.8513095491160777,,0.012028973690946312
P04-gray_original-r2,P04,gray_original,2,1,gray_original,gray_original,original,skin,forehead,fixed,0.015322688035666943,0.827652633190155,,0.013119744136929512
P04-gray_original-r2,P04,gray_original,2,1,gray_original,gray_original,original,skin,cheek_viewer_left,fixed,0.014141335152089596,0.8864016532897949,,0.010977189056575298
P04-gray_original-r2,P04,gray_original,2,1,gray_original,gray_original,original,skin,cheek_viewer_right,fixed,0.015617218799889088,0.8886640667915344,,0.0100113395601511
P04-gray_original-r2,P04,gray_original,2,1,gray_original,gray_original,original,face,whole_roi,1,0.01814929209649563,0.8890537619590759,0.02590431086719036,
P04-gray_original-r2,P04,gray_original,2,1,gray_original,gray_original,original,skin,weighted_three_regions,1,0.015304882471614024,0.8331782237701176,,0.01272738535724142
P04-gray_original-r2,P04,gray_original,2,1,gray_original,gray_original,original,skin,forehead,1,0.015524533577263355,0.8076165318489075,,0.013450036756694317
P04-gray_original-r2,P04,gray_original,2,1,gray_original,gray_original,original,skin,cheek_viewer_left,1,0.014407613314688206,0.8843753337860107,,0.011924544349312782
P04-gray_original-r2,P04,gray_original,2,1,gray_original,gray_original,original,skin,cheek_viewer_right,1,0.01566973887383938,0.8582178950309753,,0.011509943753480911
P04-gray_original-r2,P04,gray_original,2,1,gray_original,gray_original,original,face,whole_roi,3,0.01814929209649563,0.8890537619590759,0.02590431086719036,
P04-gray_original-r2,P04,gray_original,2,1,gray_original,gray_original,original,skin,weighted_three_regions,3,0.015304882471614024,0.8331782237701176,,0.01272738535724142
P04-gray_original-r2,P04,gray_original,2,1,gray_original,gray_original,original,skin,forehead,3,0.015524533577263355,0.8076165318489075,,0.013450036756694317
P04-gray_original-r2,P04,gray_original,2,1,gray_original,gray_original,original,skin,cheek_viewer_left,3,0.014407613314688206,0.8843753337860107,,0.011924544349312782
P04-gray_original-r2,P04,gray_original,2,1,gray_original,gray_original,original,skin,cheek_viewer_right,3,0.01566973887383938,0.8582178950309753,,0.011509943753480911
P04-gray_original-r2,P04,gray_original,2,1,gray_original,gray_original,original,face,whole_roi,6,0.01814929209649563,0.8890537619590759,0.02590431086719036,
P04-gray_original-r2,P04,gray_original,2,1,gray_original,gray_original,original,skin,weighted_three_regions,6,0.015304882471614024,0.8331782237701176,,0.01272738535724142
P04-gray_original-r2,P04,gray_original,2,1,gray_original,gray_original,original,skin,forehead,6,0.015524533577263355,0.8076165318489075,,0.013450036756694317
P04-gray_original-r2,P04,gray_original,2,1,gray_original,gray_original,original,skin,cheek_viewer_left,6,0.014407613314688206,0.8843753337860107,,0.011924544349312782
P04-gray_original-r2,P04,gray_original,2,1,gray_original,gray_original,original,skin,cheek_viewer_right,6,0.01566973887383938,0.8582178950309753,,0.011509943753480911
P04-gray_original-r2,P04,gray_original,2,1,gray_original,gray_original,previous,face,whole_roi,fixed,0.0181578379124403,0.8926119804382324,0.024990655481815338,
P04-gray_original-r2,P04,gray_original,2,1,gray_original,gray_original,previous,skin,weighted_three_regions,fixed,0.015118223886717769,0.8513095491160777,,0.012028973690946312
P04-gray_original-r2,P04,gray_original,2,1,gray_original,gray_original,previous,skin,forehead,fixed,0.015322688035666943,0.827652633190155,,0.013119744136929512
P04-gray_original-r2,P04,gray_original,2,1,gray_original,gray_original,previous,skin,cheek_viewer_left,fixed,0.014141335152089596,0.8864016532897949,,0.010977189056575298
P04-gray_original-r2,P04,gray_original,2,1,gray_original,gray_original,previous,skin,cheek_viewer_right,fixed,0.015617218799889088,0.8886640667915344,,0.0100113395601511
P04-gray_original-r2,P04,gray_original,2,1,gray_original,gray_original,previous,face,whole_roi,1,0.01814929209649563,0.8890537619590759,0.02590431086719036,
P04-gray_original-r2,P04,gray_original,2,1,gray_original,gray_original,previous,skin,weighted_three_regions,1,0.015304882471614024,0.8331782237701176,,0.01272738535724142
P04-gray_original-r2,P04,gray_original,2,1,gray_original,gray_original,previous,skin,forehead,1,0.015524533577263355,0.8076165318489075,,0.013450036756694317
P04-gray_original-r2,P04,gray_original,2,1,gray_original,gray_original,previous,skin,cheek_viewer_left,1,0.014407613314688206,0.8843753337860107,,0.011924544349312782
P04-gray_original-r2,P04,gray_original,2,1,gray_original,gray_original,previous,skin,cheek_viewer_right,1,0.01566973887383938,0.8582178950309753,,0.011509943753480911
P04-gray_original-r2,P04,gray_original,2,1,gray_original,gray_original,previous,face,whole_roi,3,0.01814929209649563,0.8890537619590759,0.02590431086719036,
P04-gray_original-r2,P04,gray_original,2,1,gray_original,gray_original,previous,skin,weighted_three_regions,3,0.015304882471614024,0.8331782237701176,,0.01272738535724142
P04-gray_original-r2,P04,gray_original,2,1,gray_original,gray_original,previous,skin,forehead,3,0.015524533577263355,0.8076165318489075,,0.013450036756694317
P04-gray_original-r2,P04,gray_original,2,1,gray_original,gray_original,previous,skin,cheek_viewer_left,3,0.014407613314688206,0.8843753337860107,,0.011924544349312782
P04-gray_original-r2,P04,gray_original,2,1,gray_original,gray_original,previous,skin,cheek_viewer_right,3,0.01566973887383938,0.8582178950309753,,0.011509943753480911
P04-gray_original-r2,P04,gray_original,2,1,gray_original,gray_original,previous,face,whole_roi,6,0.01814929209649563,0.8890537619590759,0.02590431086719036,
P04-gray_original-r2,P04,gray_original,2,1,gray_original,gray_original,previous,skin,weighted_three_regions,6,0.015304882471614024,0.8331782237701176,,0.01272738535724142
P04-gray_original-r2,P04,gray_original,2,1,gray_original,gray_original,previous,skin,forehead,6,0.015524533577263355,0.8076165318489075,,0.013450036756694317
P04-gray_original-r2,P04,gray_original,2,1,gray_original,gray_original,previous,skin,cheek_viewer_left,6,0.014407613314688206,0.8843753337860107,,0.011924544349312782
P04-gray_original-r2,P04,gray_original,2,1,gray_original,gray_original,previous,skin,cheek_viewer_right,6,0.01566973887383938,0.8582178950309753,,0.011509943753480911
P05-gray_cable-r2,P05,gray_cable,2,1,gray_cable,gray_cable,original,face,whole_roi,fixed,0.018891965970396996,0.8916112780570984,0.026864539831876755,
P05-gray_cable-r2,P05,gray_cable,2,1,gray_cable,gray_cable,original,skin,weighted_three_regions,fixed,0.013256920611157137,0.8880273731131303,,0.00968907620100414
P05-gray_cable-r2,P05,gray_cable,2,1,gray_cable,gray_cable,original,skin,forehead,fixed,0.011677435599267483,0.8831572532653809,,0.009391549043357372
P05-gray_cable-r2,P05,gray_cable,2,1,gray_cable,gray_cable,original,skin,cheek_viewer_left,fixed,0.013193082995712757,0.8955668807029724,,0.009571838192641735
P05-gray_cable-r2,P05,gray_cable,2,1,gray_cable,gray_cable,original,skin,cheek_viewer_right,fixed,0.019112203270196915,0.9015917181968689,,0.01089724712073803
P05-gray_cable-r2,P05,gray_cable,2,1,gray_cable,gray_cable,original,face,whole_roi,1,0.018891965970396996,0.8916112780570984,0.026864539831876755,
P05-gray_cable-r2,P05,gray_cable,2,1,gray_cable,gray_cable,original,skin,weighted_three_regions,1,0.013256920611157137,0.8880273731131303,,0.00968907620100414
P05-gray_cable-r2,P05,gray_cable,2,1,gray_cable,gray_cable,original,skin,forehead,1,0.011677435599267483,0.8831572532653809,,0.009391549043357372
P05-gray_cable-r2,P05,gray_cable,2,1,gray_cable,gray_cable,original,skin,cheek_viewer_left,1,0.013193082995712757,0.8955668807029724,,0.009571838192641735
P05-gray_cable-r2,P05,gray_cable,2,1,gray_cable,gray_cable,original,skin,cheek_viewer_right,1,0.019112203270196915,0.9015917181968689,,0.01089724712073803
P05-gray_cable-r2,P05,gray_cable,2,1,gray_cable,gray_cable,original,face,whole_roi,3,0.018891965970396996,0.8916112780570984,0.026864539831876755,
P05-gray_cable-r2,P05,gray_cable,2,1,gray_cable,gray_cable,original,skin,weighted_three_regions,3,0.013256920611157137,0.8880273731131303,,0.00968907620100414
P05-gray_cable-r2,P05,gray_cable,2,1,gray_cable,gray_cable,original,skin,forehead,3,0.011677435599267483,0.8831572532653809,,0.009391549043357372
P05-gray_cable-r2,P05,gray_cable,2,1,gray_cable,gray_cable,original,skin,cheek_viewer_left,3,0.013193082995712757,0.8955668807029724,,0.009571838192641735
P05-gray_cable-r2,P05,gray_cable,2,1,gray_cable,gray_cable,original,skin,cheek_viewer_right,3,0.019112203270196915,0.9015917181968689,,0.01089724712073803
P05-gray_cable-r2,P05,gray_cable,2,1,gray_cable,gray_cable,original,face,whole_roi,6,0.018891965970396996,0.8916112780570984,0.026864539831876755,
P05-gray_cable-r2,P05,gray_cable,2,1,gray_cable,gray_cable,original,skin,weighted_three_regions,6,0.013256920611157137,0.8880273731131303,,0.00968907620100414
P05-gray_cable-r2,P05,gray_cable,2,1,gray_cable,gray_cable,original,skin,forehead,6,0.011677435599267483,0.8831572532653809,,0.009391549043357372
P05-gray_cable-r2,P05,gray_cable,2,1,gray_cable,gray_cable,original,skin,cheek_viewer_left,6,0.013193082995712757,0.8955668807029724,,0.009571838192641735
P05-gray_cable-r2,P05,gray_cable,2,1,gray_cable,gray_cable,original,skin,cheek_viewer_right,6,0.019112203270196915,0.9015917181968689,,0.01089724712073803
P05-gray_cable-r2,P05,gray_cable,2,1,gray_cable,gray_cable,previous,face,whole_roi,fixed,0.018891965970396996,0.8916112780570984,0.026864539831876755,
P05-gray_cable-r2,P05,gray_cable,2,1,gray_cable,gray_cable,previous,skin,weighted_three_regions,fixed,0.013256920611157137,0.8880273731131303,,0.00968907620100414
P05-gray_cable-r2,P05,gray_cable,2,1,gray_cable,gray_cable,previous,skin,forehead,fixed,0.011677435599267483,0.8831572532653809,,0.009391549043357372
P05-gray_cable-r2,P05,gray_cable,2,1,gray_cable,gray_cable,previous,skin,cheek_viewer_left,fixed,0.013193082995712757,0.8955668807029724,,0.009571838192641735
P05-gray_cable-r2,P05,gray_cable,2,1,gray_cable,gray_cable,previous,skin,cheek_viewer_right,fixed,0.019112203270196915,0.9015917181968689,,0.01089724712073803
P05-gray_cable-r2,P05,gray_cable,2,1,gray_cable,gray_cable,previous,face,whole_roi,1,0.018891965970396996,0.8916112780570984,0.026864539831876755,
P05-gray_cable-r2,P05,gray_cable,2,1,gray_cable,gray_cable,previous,skin,weighted_three_regions,1,0.013256920611157137,0.8880273731131303,,0.00968907620100414
P05-gray_cable-r2,P05,gray_cable,2,1,gray_cable,gray_cable,previous,skin,forehead,1,0.011677435599267483,0.8831572532653809,,0.009391549043357372
P05-gray_cable-r2,P05,gray_cable,2,1,gray_cable,gray_cable,previous,skin,cheek_viewer_left,1,0.013193082995712757,0.8955668807029724,,0.009571838192641735
P05-gray_cable-r2,P05,gray_cable,2,1,gray_cable,gray_cable,previous,skin,cheek_viewer_right,1,0.019112203270196915,0.9015917181968689,,0.01089724712073803
P05-gray_cable-r2,P05,gray_cable,2,1,gray_cable,gray_cable,previous,face,whole_roi,3,0.018891965970396996,0.8916112780570984,0.026864539831876755,
P05-gray_cable-r2,P05,gray_cable,2,1,gray_cable,gray_cable,previous,skin,weighted_three_regions,3,0.013256920611157137,0.8880273731131303,,0.00968907620100414
P05-gray_cable-r2,P05,gray_cable,2,1,gray_cable,gray_cable,previous,skin,forehead,3,0.011677435599267483,0.8831572532653809,,0.009391549043357372
P05-gray_cable-r2,P05,gray_cable,2,1,gray_cable,gray_cable,previous,skin,cheek_viewer_left,3,0.013193082995712757,0.8955668807029724,,0.009571838192641735
P05-gray_cable-r2,P05,gray_cable,2,1,gray_cable,gray_cable,previous,skin,cheek_viewer_right,3,0.019112203270196915,0.9015917181968689,,0.01089724712073803
P05-gray_cable-r2,P05,gray_cable,2,1,gray_cable,gray_cable,previous,face,whole_roi,6,0.018891965970396996,0.8916112780570984,0.026864539831876755,
P05-gray_cable-r2,P05,gray_cable,2,1,gray_cable,gray_cable,previous,skin,weighted_three_regions,6,0.013256920611157137,0.8880273731131303,,0.00968907620100414
P05-gray_cable-r2,P05,gray_cable,2,1,gray_cable,gray_cable,previous,skin,forehead,6,0.011677435599267483,0.8831572532653809,,0.009391549043357372
P05-gray_cable-r2,P05,gray_cable,2,1,gray_cable,gray_cable,previous,skin,cheek_viewer_left,6,0.013193082995712757,0.8955668807029724,,0.009571838192641735
P05-gray_cable-r2,P05,gray_cable,2,1,gray_cable,gray_cable,previous,skin,cheek_viewer_right,6,0.019112203270196915,0.9015917181968689,,0.01089724712073803
P04-navy_cable-r2,P04,navy_cable,2,1,navy_cable,navy_cable,original,face,whole_roi,fixed,0.022205905988812447,0.8810022473335266,0.0314355231821537,
P04-navy_cable-r2,P04,navy_cable,2,1,navy_cable,navy_cable,original,skin,weighted_three_regions,fixed,0.0171113036704414,0.8450364177605046,,0.01223650600103771
P04-navy_cable-r2,P04,navy_cable,2,1,navy_cable,navy_cable,original,skin,forehead,fixed,0.01648073084652424,0.816884458065033,,0.013398685492575169
P04-navy_cable-r2,P04,navy_cable,2,1,navy_cable,navy_cable,original,skin,cheek_viewer_left,fixed,0.018017949536442757,0.8939492702484131,,0.010724491439759731
P04-navy_cable-r2,P04,navy_cable,2,1,navy_cable,navy_cable,original,skin,cheek_viewer_right,fixed,0.017941758036613464,0.8812353014945984,,0.010527078993618488
P04-navy_cable-r2,P04,navy_cable,2,1,navy_cable,navy_cable,original,face,whole_roi,1,0.020852746441960335,0.8918848633766174,0.02981087937951088,
P04-navy_cable-r2,P04,navy_cable,2,1,navy_cable,navy_cable,original,skin,weighted_three_regions,1,0.01706651313120828,0.8302238889541507,,0.012803554556825582
P04-navy_cable-r2,P04,navy_cable,2,1,navy_cable,navy_cable,original,skin,forehead,1,0.016931485384702682,0.80418461561203,,0.013631671667098999
P04-navy_cable-r2,P04,navy_cable,2,1,navy_cable,navy_cable,original,skin,cheek_viewer_left,1,0.017413632944226265,0.8856582641601562,,0.011517930775880814
P04-navy_cable-r2,P04,navy_cable,2,1,navy_cable,navy_cable,original,skin,cheek_viewer_right,1,0.017072245478630066,0.8519459366798401,,0.011819751933217049
P04-navy_cable-r2,P04,navy_cable,2,1,navy_cable,navy_cable,original,face,whole_roi,3,0.020852746441960335,0.8918848633766174,0.02981087937951088,
P04-navy_cable-r2,P04,navy_cable,2,1,navy_cable,navy_cable,original,skin,weighted_three_regions,3,0.01706651313120828,0.8302238889541507,,0.012803554556825582
P04-navy_cable-r2,P04,navy_cable,2,1,navy_cable,navy_cable,original,skin,forehead,3,0.016931485384702682,0.80418461561203,,0.013631671667098999
P04-navy_cable-r2,P04,navy_cable,2,1,navy_cable,navy_cable,original,skin,cheek_viewer_left,3,0.017413632944226265,0.8856582641601562,,0.011517930775880814
P04-navy_cable-r2,P04,navy_cable,2,1,navy_cable,navy_cable,original,skin,cheek_viewer_right,3,0.017072245478630066,0.8519459366798401,,0.011819751933217049
P04-navy_cable-r2,P04,navy_cable,2,1,navy_cable,navy_cable,original,face,whole_roi,6,0.020852746441960335,0.8918848633766174,0.02981087937951088,
P04-navy_cable-r2,P04,navy_cable,2,1,navy_cable,navy_cable,original,skin,weighted_three_regions,6,0.01706651313120828,0.8302238889541507,,0.012803554556825582
P04-navy_cable-r2,P04,navy_cable,2,1,navy_cable,navy_cable,original,skin,forehead,6,0.016931485384702682,0.80418461561203,,0.013631671667098999
P04-navy_cable-r2,P04,navy_cable,2,1,navy_cable,navy_cable,original,skin,cheek_viewer_left,6,0.017413632944226265,0.8856582641601562,,0.011517930775880814
P04-navy_cable-r2,P04,navy_cable,2,1,navy_cable,navy_cable,original,skin,cheek_viewer_right,6,0.017072245478630066,0.8519459366798401,,0.011819751933217049
P04-navy_cable-r2,P04,navy_cable,2,1,navy_cable,navy_cable,previous,face,whole_roi,fixed,0.022205905988812447,0.8810022473335266,0.0314355231821537,
P04-navy_cable-r2,P04,navy_cable,2,1,navy_cable,navy_cable,previous,skin,weighted_three_regions,fixed,0.0171113036704414,0.8450364177605046,,0.01223650600103771
P04-navy_cable-r2,P04,navy_cable,2,1,navy_cable,navy_cable,previous,skin,forehead,fixed,0.01648073084652424,0.816884458065033,,0.013398685492575169
P04-navy_cable-r2,P04,navy_cable,2,1,navy_cable,navy_cable,previous,skin,cheek_viewer_left,fixed,0.018017949536442757,0.8939492702484131,,0.010724491439759731
P04-navy_cable-r2,P04,navy_cable,2,1,navy_cable,navy_cable,previous,skin,cheek_viewer_right,fixed,0.017941758036613464,0.8812353014945984,,0.010527078993618488
P04-navy_cable-r2,P04,navy_cable,2,1,navy_cable,navy_cable,previous,face,whole_roi,1,0.020852746441960335,0.8918848633766174,0.02981087937951088,
P04-navy_cable-r2,P04,navy_cable,2,1,navy_cable,navy_cable,previous,skin,weighted_three_regions,1,0.01706651313120828,0.8302238889541507,,0.012803554556825582
P04-navy_cable-r2,P04,navy_cable,2,1,navy_cable,navy_cable,previous,skin,forehead,1,0.016931485384702682,0.80418461561203,,0.013631671667098999
P04-navy_cable-r2,P04,navy_cable,2,1,navy_cable,navy_cable,previous,skin,cheek_viewer_left,1,0.017413632944226265,0.8856582641601562,,0.011517930775880814
P04-navy_cable-r2,P04,navy_cable,2,1,navy_cable,navy_cable,previous,skin,cheek_viewer_right,1,0.017072245478630066,0.8519459366798401,,0.011819751933217049
P04-navy_cable-r2,P04,navy_cable,2,1,navy_cable,navy_cable,previous,face,whole_roi,3,0.020852746441960335,0.8918848633766174,0.02981087937951088,
P04-navy_cable-r2,P04,navy_cable,2,1,navy_cable,navy_cable,previous,skin,weighted_three_regions,3,0.01706651313120828,0.8302238889541507,,0.012803554556825582
P04-navy_cable-r2,P04,navy_cable,2,1,navy_cable,navy_cable,previous,skin,forehead,3,0.016931485384702682,0.80418461561203,,0.013631671667098999
P04-navy_cable-r2,P04,navy_cable,2,1,navy_cable,navy_cable,previous,skin,cheek_viewer_left,3,0.017413632944226265,0.8856582641601562,,0.011517930775880814
P04-navy_cable-r2,P04,navy_cable,2,1,navy_cable,navy_cable,previous,skin,cheek_viewer_right,3,0.017072245478630066,0.8519459366798401,,0.011819751933217049
P04-navy_cable-r2,P04,navy_cable,2,1,navy_cable,navy_cable,previous,face,whole_roi,6,0.020852746441960335,0.8918848633766174,0.02981087937951088,
P04-navy_cable-r2,P04,navy_cable,2,1,navy_cable,navy_cable,previous,skin,weighted_three_regions,6,0.01706651313120828,0.8302238889541507,,0.012803554556825582
P04-navy_cable-r2,P04,navy_cable,2,1,navy_cable,navy_cable,previous,skin,forehead,6,0.016931485384702682,0.80418461561203,,0.013631671667098999
P04-navy_cable-r2,P04,navy_cable,2,1,navy_cable,navy_cable,previous,skin,cheek_viewer_left,6,0.017413632944226265,0.8856582641601562,,0.011517930775880814
P04-navy_cable-r2,P04,navy_cable,2,1,navy_cable,navy_cable,previous,skin,cheek_viewer_right,6,0.017072245478630066,0.8519459366798401,,0.011819751933217049
P04-navy_original-r2,P04,navy_original,2,1,navy_original,navy_original,original,face,whole_roi,fixed,0.018335634842514992,0.8965793251991272,0.0231464970856905,
P04-navy_original-r2,P04,navy_original,2,1,navy_original,navy_original,original,skin,weighted_three_regions,fixed,0.01409054239773575,0.8511872795911936,,0.011890244992340312
P04-navy_original-r2,P04,navy_original,2,1,navy_original,navy_original,original,skin,forehead,fixed,0.014532209374010563,0.8242597579956055,,0.01288264524191618
P04-navy_original-r2,P04,navy_original,2,1,navy_original,navy_original,original,skin,cheek_viewer_left,fixed,0.013541342690587044,0.8932755589485168,,0.010985438711941242
P04-navy_original-r2,P04,navy_original,2,1,navy_original,navy_original,original,skin,cheek_viewer_right,fixed,0.013412309810519218,0.8912315368652344,,0.009995929896831512
P04-navy_original-r2,P04,navy_original,2,1,navy_original,navy_original,original,face,whole_roi,1,0.018753880634903908,0.8873949646949768,0.023892540484666824,
P04-navy_original-r2,P04,navy_original,2,1,navy_original,navy_original,original,skin,weighted_three_regions,1,0.01502614446093931,0.8219385886304607,,0.013284444776089753
P04-navy_original-r2,P04,navy_original,2,1,navy_original,navy_original,original,skin,forehead,1,0.015671029686927795,0.7920212149620056,,0.014255055226385593
P04-navy_original-r2,P04,navy_original,2,1,navy_original,navy_original,original,skin,cheek_viewer_left,1,0.014264964498579502,0.8821840882301331,,0.012010605074465275
P04-navy_original-r2,P04,navy_original,2,1,navy_original,navy_original,original,skin,cheek_viewer_right,1,0.013990040868520737,0.8508706092834473,,0.011869234964251518
P04-navy_original-r2,P04,navy_original,2,1,navy_original,navy_original,original,face,whole_roi,3,0.018753880634903908,0.8873949646949768,0.023892540484666824,
P04-navy_original-r2,P04,navy_original,2,1,navy_original,navy_original,original,skin,weighted_three_regions,3,0.01502614446093931,0.8219385886304607,,0.013284444776089753
P04-navy_original-r2,P04,navy_original,2,1,navy_original,navy_original,original,skin,forehead,3,0.015671029686927795,0.7920212149620056,,0.014255055226385593
P04-navy_original-r2,P04,navy_original,2,1,navy_original,navy_original,original,skin,cheek_viewer_left,3,0.014264964498579502,0.8821840882301331,,0.012010605074465275
P04-navy_original-r2,P04,navy_original,2,1,navy_original,navy_original,original,skin,cheek_viewer_right,3,0.013990040868520737,0.8508706092834473,,0.011869234964251518
P04-navy_original-r2,P04,navy_original,2,1,navy_original,navy_original,original,face,whole_roi,6,0.018753880634903908,0.8873949646949768,0.023892540484666824,
P04-navy_original-r2,P04,navy_original,2,1,navy_original,navy_original,original,skin,weighted_three_regions,6,0.01502614446093931,0.8219385886304607,,0.013284444776089753
P04-navy_original-r2,P04,navy_original,2,1,navy_original,navy_original,original,skin,forehead,6,0.015671029686927795,0.7920212149620056,,0.014255055226385593
P04-navy_original-r2,P04,navy_original,2,1,navy_original,navy_original,original,skin,cheek_viewer_left,6,0.014264964498579502,0.8821840882301331,,0.012010605074465275
P04-navy_original-r2,P04,navy_original,2,1,navy_original,navy_original,original,skin,cheek_viewer_right,6,0.013990040868520737,0.8508706092834473,,0.011869234964251518
P04-navy_original-r2,P04,navy_original,2,1,navy_original,navy_original,previous,face,whole_roi,fixed,0.018335634842514992,0.8965793251991272,0.0231464970856905,
P04-navy_original-r2,P04,navy_original,2,1,navy_original,navy_original,previous,skin,weighted_three_regions,fixed,0.01409054239773575,0.8511872795911936,,0.011890244992340312
P04-navy_original-r2,P04,navy_original,2,1,navy_original,navy_original,previous,skin,forehead,fixed,0.014532209374010563,0.8242597579956055,,0.01288264524191618
P04-navy_original-r2,P04,navy_original,2,1,navy_original,navy_original,previous,skin,cheek_viewer_left,fixed,0.013541342690587044,0.8932755589485168,,0.010985438711941242
P04-navy_original-r2,P04,navy_original,2,1,navy_original,navy_original,previous,skin,cheek_viewer_right,fixed,0.013412309810519218,0.8912315368652344,,0.009995929896831512
P04-navy_original-r2,P04,navy_original,2,1,navy_original,navy_original,previous,face,whole_roi,1,0.018753880634903908,0.8873949646949768,0.023892540484666824,
P04-navy_original-r2,P04,navy_original,2,1,navy_original,navy_original,previous,skin,weighted_three_regions,1,0.01502614446093931,0.8219385886304607,,0.013284444776089753
P04-navy_original-r2,P04,navy_original,2,1,navy_original,navy_original,previous,skin,forehead,1,0.015671029686927795,0.7920212149620056,,0.014255055226385593
P04-navy_original-r2,P04,navy_original,2,1,navy_original,navy_original,previous,skin,cheek_viewer_left,1,0.014264964498579502,0.8821840882301331,,0.012010605074465275
P04-navy_original-r2,P04,navy_original,2,1,navy_original,navy_original,previous,skin,cheek_viewer_right,1,0.013990040868520737,0.8508706092834473,,0.011869234964251518
P04-navy_original-r2,P04,navy_original,2,1,navy_original,navy_original,previous,face,whole_roi,3,0.018753880634903908,0.8873949646949768,0.023892540484666824,
P04-navy_original-r2,P04,navy_original,2,1,navy_original,navy_original,previous,skin,weighted_three_regions,3,0.01502614446093931,0.8219385886304607,,0.013284444776089753
P04-navy_original-r2,P04,navy_original,2,1,navy_original,navy_original,previous,skin,forehead,3,0.015671029686927795,0.7920212149620056,,0.014255055226385593
P04-navy_original-r2,P04,navy_original,2,1,navy_original,navy_original,previous,skin,cheek_viewer_left,3,0.014264964498579502,0.8821840882301331,,0.012010605074465275
P04-navy_original-r2,P04,navy_original,2,1,navy_original,navy_original,previous,skin,cheek_viewer_right,3,0.013990040868520737,0.8508706092834473,,0.011869234964251518
P04-navy_original-r2,P04,navy_original,2,1,navy_original,navy_original,previous,face,whole_roi,6,0.018753880634903908,0.8873949646949768,0.023892540484666824,
P04-navy_original-r2,P04,navy_original,2,1,navy_original,navy_original,previous,skin,weighted_three_regions,6,0.01502614446093931,0.8219385886304607,,0.013284444776089753
P04-navy_original-r2,P04,navy_original,2,1,navy_original,navy_original,previous,skin,forehead,6,0.015671029686927795,0.7920212149620056,,0.014255055226385593
P04-navy_original-r2,P04,navy_original,2,1,navy_original,navy_original,previous,skin,cheek_viewer_left,6,0.014264964498579502,0.8821840882301331,,0.012010605074465275
P04-navy_original-r2,P04,navy_original,2,1,navy_original,navy_original,previous,skin,cheek_viewer_right,6,0.013990040868520737,0.8508706092834473,,0.011869234964251518
P06-navy_cable-r2,P06,navy_cable,2,1,navy_cable,navy_cable,original,face,whole_roi,fixed,0.01719518005847931,0.8938725590705872,0.028868908062577248,
P06-navy_cable-r2,P06,navy_cable,2,1,navy_cable,navy_cable,original,skin,weighted_three_regions,fixed,0.017476934394458445,0.8502471438825947,,0.012069395470728234
P06-navy_cable-r2,P06,navy_cable,2,1,navy_cable,navy_cable,original,skin,forehead,fixed,0.018479574471712112,0.8333471417427063,,0.012225176207721233
P06-navy_cable-r2,P06,navy_cable,2,1,navy_cable,navy_cable,original,skin,cheek_viewer_left,fixed,0.01623646914958954,0.9095794558525085,,0.011594591662287712
P06-navy_cable-r2,P06,navy_cable,2,1,navy_cable,navy_cable,original,skin,cheek_viewer_right,fixed,0.015584149397909641,0.8520148396492004,,0.012057384476065636
P06-navy_cable-r2,P06,navy_cable,2,1,navy_cable,navy_cable,original,face,whole_roi,1,0.01719518005847931,0.8938725590705872,0.028868908062577248,
P06-navy_cable-r2,P06,navy_cable,2,1,navy_cable,navy_cable,original,skin,weighted_three_regions,1,0.017476934394458445,0.8502471438825947,,0.012069395470728234
P06-navy_cable-r2,P06,navy_cable,2,1,navy_cable,navy_cable,original,skin,forehead,1,0.018479574471712112,0.8333471417427063,,0.012225176207721233
P06-navy_cable-r2,P06,navy_cable,2,1,navy_cable,navy_cable,original,skin,cheek_viewer_left,1,0.01623646914958954,0.9095794558525085,,0.011594591662287712
P06-navy_cable-r2,P06,navy_cable,2,1,navy_cable,navy_cable,original,skin,cheek_viewer_right,1,0.015584149397909641,0.8520148396492004,,0.012057384476065636
P06-navy_cable-r2,P06,navy_cable,2,1,navy_cable,navy_cable,original,face,whole_roi,3,0.019831473007798195,0.8586514592170715,0.03414240479469299,
P06-navy_cable-r2,P06,navy_cable,2,1,navy_cable,navy_cable,original,skin,weighted_three_regions,3,0.018527319836543828,0.8021169606953451,,0.014113499078808761
P06-navy_cable-r2,P06,navy_cable,2,1,navy_cable,navy_cable,original,skin,forehead,3,0.019464461132884026,0.7717805504798889,,0.014573656022548676
P06-navy_cable-r2,P06,navy_cable,2,1,navy_cable,navy_cable,original,skin,cheek_viewer_left,3,0.018036408349871635,0.8922013640403748,,0.01329764537513256
P06-navy_cable-r2,P06,navy_cable,2,1,navy_cable,navy_cable,original,skin,cheek_viewer_right,3,0.0160896647721529,0.8217103481292725,,0.01349136233329773
P06-navy_cable-r2,P06,navy_cable,2,1,navy_cable,navy_cable,original,face,whole_roi,6,0.019831473007798195,0.8586514592170715,0.03414240479469299,
P06-navy_cable-r2,P06,navy_cable,2,1,navy_cable,navy_cable,original,skin,weighted_three_regions,6,0.018527319836543828,0.8021169606953451,,0.014113499078808761
P06-navy_cable-r2,P06,navy_cable,2,1,navy_cable,navy_cable,original,skin,forehead,6,0.019464461132884026,0.7717805504798889,,0.014573656022548676
P06-navy_cable-r2,P06,navy_cable,2,1,navy_cable,navy_cable,original,skin,cheek_viewer_left,6,0.018036408349871635,0.8922013640403748,,0.01329764537513256
P06-navy_cable-r2,P06,navy_cable,2,1,navy_cable,navy_cable,original,skin,cheek_viewer_right,6,0.0160896647721529,0.8217103481292725,,0.01349136233329773
P06-navy_cable-r2,P06,navy_cable,2,1,navy_cable,navy_cable,previous,face,whole_roi,fixed,0.01719518005847931,0.8938725590705872,0.028868908062577248,
P06-navy_cable-r2,P06,navy_cable,2,1,navy_cable,navy_cable,previous,skin,weighted_three_regions,fixed,0.017476934394458445,0.8502471438825947,,0.012069395470728234
P06-navy_cable-r2,P06,navy_cable,2,1,navy_cable,navy_cable,previous,skin,forehead,fixed,0.018479574471712112,0.8333471417427063,,0.012225176207721233
P06-navy_cable-r2,P06,navy_cable,2,1,navy_cable,navy_cable,previous,skin,cheek_viewer_left,fixed,0.01623646914958954,0.9095794558525085,,0.011594591662287712
P06-navy_cable-r2,P06,navy_cable,2,1,navy_cable,navy_cable,previous,skin,cheek_viewer_right,fixed,0.015584149397909641,0.8520148396492004,,0.012057384476065636
P06-navy_cable-r2,P06,navy_cable,2,1,navy_cable,navy_cable,previous,face,whole_roi,1,0.01719518005847931,0.8938725590705872,0.028868908062577248,
P06-navy_cable-r2,P06,navy_cable,2,1,navy_cable,navy_cable,previous,skin,weighted_three_regions,1,0.017476934394458445,0.8502471438825947,,0.012069395470728234
P06-navy_cable-r2,P06,navy_cable,2,1,navy_cable,navy_cable,previous,skin,forehead,1,0.018479574471712112,0.8333471417427063,,0.012225176207721233
P06-navy_cable-r2,P06,navy_cable,2,1,navy_cable,navy_cable,previous,skin,cheek_viewer_left,1,0.01623646914958954,0.9095794558525085,,0.011594591662287712
P06-navy_cable-r2,P06,navy_cable,2,1,navy_cable,navy_cable,previous,skin,cheek_viewer_right,1,0.015584149397909641,0.8520148396492004,,0.012057384476065636
P06-navy_cable-r2,P06,navy_cable,2,1,navy_cable,navy_cable,previous,face,whole_roi,3,0.019831473007798195,0.8586514592170715,0.03414240479469299,
P06-navy_cable-r2,P06,navy_cable,2,1,navy_cable,navy_cable,previous,skin,weighted_three_regions,3,0.018527319836543828,0.8021169606953451,,0.014113499078808761
P06-navy_cable-r2,P06,navy_cable,2,1,navy_cable,navy_cable,previous,skin,forehead,3,0.019464461132884026,0.7717805504798889,,0.014573656022548676
P06-navy_cable-r2,P06,navy_cable,2,1,navy_cable,navy_cable,previous,skin,cheek_viewer_left,3,0.018036408349871635,0.8922013640403748,,0.01329764537513256
P06-navy_cable-r2,P06,navy_cable,2,1,navy_cable,navy_cable,previous,skin,cheek_viewer_right,3,0.0160896647721529,0.8217103481292725,,0.01349136233329773
P06-navy_cable-r2,P06,navy_cable,2,1,navy_cable,navy_cable,previous,face,whole_roi,6,0.019831473007798195,0.8586514592170715,0.03414240479469299,
P06-navy_cable-r2,P06,navy_cable,2,1,navy_cable,navy_cable,previous,skin,weighted_three_regions,6,0.018527319836543828,0.8021169606953451,,0.014113499078808761
P06-navy_cable-r2,P06,navy_cable,2,1,navy_cable,navy_cable,previous,skin,forehead,6,0.019464461132884026,0.7717805504798889,,0.014573656022548676
P06-navy_cable-r2,P06,navy_cable,2,1,navy_cable,navy_cable,previous,skin,cheek_viewer_left,6,0.018036408349871635,0.8922013640403748,,0.01329764537513256
P06-navy_cable-r2,P06,navy_cable,2,1,navy_cable,navy_cable,previous,skin,cheek_viewer_right,6,0.0160896647721529,0.8217103481292725,,0.01349136233329773
P06-navy_original-r2,P06,navy_original,2,1,navy_original,navy_original,original,face,whole_roi,fixed,0.017770683392882347,0.8915195465087891,0.029173318296670914,
P06-navy_original-r2,P06,navy_original,2,1,navy_original,navy_original,original,skin,weighted_three_regions,fixed,0.019502729904360888,0.8399857200988351,,0.012364193956117804
P06-navy_original-r2,P06,navy_original,2,1,navy_original,navy_original,original,skin,forehead,fixed,0.02108578383922577,0.8179805874824524,,0.012661038897931576
P06-navy_original-r2,P06,navy_original,2,1,navy_original,navy_original,original,skin,cheek_viewer_left,fixed,0.0165849681943655,0.9098691940307617,,0.011634983122348785
P06-navy_original-r2,P06,navy_original,2,1,navy_original,navy_original,original,skin,cheek_viewer_right,fixed,0.01747344806790352,0.849659264087677,,0.012165764346718788
P06-navy_original-r2,P06,navy_original,2,1,navy_original,navy_original,original,face,whole_roi,1,0.01856647990643978,0.8763057589530945,0.030550681054592133,
P06-navy_original-r2,P06,navy_original,2,1,navy_original,navy_original,original,skin,weighted_three_regions,1,0.019279551442439962,0.8216123556437558,,0.013613381468486495
P06-navy_original-r2,P06,navy_original,2,1,navy_original,navy_original,original,skin,forehead,1,0.02031821943819523,0.8019749522209167,,0.013759429566562176
P06-navy_original-r2,P06,navy_original,2,1,navy_original,navy_original,original,skin,cheek_viewer_left,1,0.017855137586593628,0.887671172618866,,0.01336638629436493
P06-navy_original-r2,P06,navy_original,2,1,navy_original,navy_original,original,skin,cheek_viewer_right,1,0.017458127811551094,0.826550304889679,,0.01340397633612156
P06-navy_original-r2,P06,navy_original,2,1,navy_original,navy_original,original,face,whole_roi,3,0.01856647990643978,0.8763057589530945,0.030550681054592133,
P06-navy_original-r2,P06,navy_original,2,1,navy_original,navy_original,original,skin,weighted_three_regions,3,0.019279551442439962,0.8216123556437558,,0.013613381468486495
P06-navy_original-r2,P06,navy_original,2,1,navy_original,navy_original,original,skin,forehead,3,0.02031821943819523,0.8019749522209167,,0.013759429566562176
P06-navy_original-r2,P06,navy_original,2,1,navy_original,navy_original,original,skin,cheek_viewer_left,3,0.017855137586593628,0.887671172618866,,0.01336638629436493
P06-navy_original-r2,P06,navy_original,2,1,navy_original,navy_original,original,skin,cheek_viewer_right,3,0.017458127811551094,0.826550304889679,,0.01340397633612156
P06-navy_original-r2,P06,navy_original,2,1,navy_original,navy_original,original,face,whole_roi,6,0.01856647990643978,0.8763057589530945,0.030550681054592133,
P06-navy_original-r2,P06,navy_original,2,1,navy_original,navy_original,original,skin,weighted_three_regions,6,0.019279551442439962,0.8216123556437558,,0.013613381468486495
P06-navy_original-r2,P06,navy_original,2,1,navy_original,navy_original,original,skin,forehead,6,0.02031821943819523,0.8019749522209167,,0.013759429566562176
P06-navy_original-r2,P06,navy_original,2,1,navy_original,navy_original,original,skin,cheek_viewer_left,6,0.017855137586593628,0.887671172618866,,0.01336638629436493
P06-navy_original-r2,P06,navy_original,2,1,navy_original,navy_original,original,skin,cheek_viewer_right,6,0.017458127811551094,0.826550304889679,,0.01340397633612156
P06-navy_original-r2,P06,navy_original,2,1,navy_original,navy_original,previous,face,whole_roi,fixed,0.017770683392882347,0.8915195465087891,0.029173318296670914,
P06-navy_original-r2,P06,navy_original,2,1,navy_original,navy_original,previous,skin,weighted_three_regions,fixed,0.019502729904360888,0.8399857200988351,,0.012364193956117804
P06-navy_original-r2,P06,navy_original,2,1,navy_original,navy_original,previous,skin,forehead,fixed,0.02108578383922577,0.8179805874824524,,0.012661038897931576
P06-navy_original-r2,P06,navy_original,2,1,navy_original,navy_original,previous,skin,cheek_viewer_left,fixed,0.0165849681943655,0.9098691940307617,,0.011634983122348785
P06-navy_original-r2,P06,navy_original,2,1,navy_original,navy_original,previous,skin,cheek_viewer_right,fixed,0.01747344806790352,0.849659264087677,,0.012165764346718788
P06-navy_original-r2,P06,navy_original,2,1,navy_original,navy_original,previous,face,whole_roi,1,0.01856647990643978,0.8763057589530945,0.030550681054592133,
P06-navy_original-r2,P06,navy_original,2,1,navy_original,navy_original,previous,skin,weighted_three_regions,1,0.019279551442439962,0.8216123556437558,,0.013613381468486495
P06-navy_original-r2,P06,navy_original,2,1,navy_original,navy_original,previous,skin,forehead,1,0.02031821943819523,0.8019749522209167,,0.013759429566562176
P06-navy_original-r2,P06,navy_original,2,1,navy_original,navy_original,previous,skin,cheek_viewer_left,1,0.017855137586593628,0.887671172618866,,0.01336638629436493
P06-navy_original-r2,P06,navy_original,2,1,navy_original,navy_original,previous,skin,cheek_viewer_right,1,0.017458127811551094,0.826550304889679,,0.01340397633612156
P06-navy_original-r2,P06,navy_original,2,1,navy_original,navy_original,previous,face,whole_roi,3,0.01856647990643978,0.8763057589530945,0.030550681054592133,
P06-navy_original-r2,P06,navy_original,2,1,navy_original,navy_original,previous,skin,weighted_three_regions,3,0.019279551442439962,0.8216123556437558,,0.013613381468486495
P06-navy_original-r2,P06,navy_original,2,1,navy_original,navy_original,previous,skin,forehead,3,0.02031821943819523,0.8019749522209167,,0.013759429566562176
P06-navy_original-r2,P06,navy_original,2,1,navy_original,navy_original,previous,skin,cheek_viewer_left,3,0.017855137586593628,0.887671172618866,,0.01336638629436493
P06-navy_original-r2,P06,navy_original,2,1,navy_original,navy_original,previous,skin,cheek_viewer_right,3,0.017458127811551094,0.826550304889679,,0.01340397633612156
P06-navy_original-r2,P06,navy_original,2,1,navy_original,navy_original,previous,face,whole_roi,6,0.01856647990643978,0.8763057589530945,0.030550681054592133,
P06-navy_original-r2,P06,navy_original,2,1,navy_original,navy_original,previous,skin,weighted_three_regions,6,0.019279551442439962,0.8216123556437558,,0.013613381468486495
P06-navy_original-r2,P06,navy_original,2,1,navy_original,navy_original,previous,skin,forehead,6,0.02031821943819523,0.8019749522209167,,0.013759429566562176
P06-navy_original-r2,P06,navy_original,2,1,navy_original,navy_original,previous,skin,cheek_viewer_left,6,0.017855137586593628,0.887671172618866,,0.01336638629436493
P06-navy_original-r2,P06,navy_original,2,1,navy_original,navy_original,previous,skin,cheek_viewer_right,6,0.017458127811551094,0.826550304889679,,0.01340397633612156
P04-gray_cable-r2,P04,gray_cable,2,1,gray_cable,gray_cable,original,face,whole_roi,fixed,0.019154774025082588,0.8824012875556946,0.028134014457464218,
P04-gray_cable-r2,P04,gray_cable,2,1,gray_cable,gray_cable,original,skin,weighted_three_regions,fixed,0.01584294481422095,0.8525026768118471,,0.012115101274102926
P04-gray_cable-r2,P04,gray_cable,2,1,gray_cable,gray_cable,original,skin,forehead,fixed,0.015486417338252068,0.8223983645439148,,0.013487095944583416
P04-gray_cable-r2,P04,gray_cable,2,1,gray_cable,gray_cable,original,skin,cheek_viewer_left,fixed,0.01381108071655035,0.9013716578483582,,0.010558407753705978
P04-gray_cable-r2,P04,gray_cable,2,1,gray_cable,gray_cable,original,skin,cheek_viewer_right,fixed,0.019175030291080475,0.8951765894889832,,0.009840230457484722
P04-gray_cable-r2,P04,gray_cable,2,1,gray_cable,gray_cable,original,face,whole_roi,1,0.018841207027435303,0.8834788203239441,0.02740354835987091,
P04-gray_cable-r2,P04,gray_cable,2,1,gray_cable,gray_cable,original,skin,weighted_three_regions,1,0.015874086535152265,0.8304159927592735,,0.01295368159080253
P04-gray_cable-r2,P04,gray_cable,2,1,gray_cable,gray_cable,original,skin,forehead,1,0.015488405711948872,0.8036625385284424,,0.013715816661715508
P04-gray_cable-r2,P04,gray_cable,2,1,gray_cable,gray_cable,original,skin,cheek_viewer_left,1,0.014653145335614681,0.8836291432380676,,0.012008247897028923
P04-gray_cable-r2,P04,gray_cable,2,1,gray_cable,gray_cable,original,skin,cheek_viewer_right,1,0.018379434943199158,0.8570510745048523,,0.011780790984630585
P04-gray_cable-r2,P04,gray_cable,2,1,gray_cable,gray_cable,original,face,whole_roi,3,0.018841207027435303,0.8834788203239441,0.02740354835987091,
P04-gray_cable-r2,P04,gray_cable,2,1,gray_cable,gray_cable,original,skin,weighted_three_regions,3,0.015874086535152265,0.8304159927592735,,0.01295368159080253
P04-gray_cable-r2,P04,gray_cable,2,1,gray_cable,gray_cable,original,skin,forehead,3,0.015488405711948872,0.8036625385284424,,0.013715816661715508
P04-gray_cable-r2,P04,gray_cable,2,1,gray_cable,gray_cable,original,skin,cheek_viewer_left,3,0.014653145335614681,0.8836291432380676,,0.012008247897028923
P04-gray_cable-r2,P04,gray_cable,2,1,gray_cable,gray_cable,original,skin,cheek_viewer_right,3,0.018379434943199158,0.8570510745048523,,0.011780790984630585
P04-gray_cable-r2,P04,gray_cable,2,1,gray_cable,gray_cable,original,face,whole_roi,6,0.018841207027435303,0.8834788203239441,0.02740354835987091,
P04-gray_cable-r2,P04,gray_cable,2,1,gray_cable,gray_cable,original,skin,weighted_three_regions,6,0.015874086535152265,0.8304159927592735,,0.01295368159080253
P04-gray_cable-r2,P04,gray_cable,2,1,gray_cable,gray_cable,original,skin,forehead,6,0.015488405711948872,0.8036625385284424,,0.013715816661715508
P04-gray_cable-r2,P04,gray_cable,2,1,gray_cable,gray_cable,original,skin,cheek_viewer_left,6,0.014653145335614681,0.8836291432380676,,0.012008247897028923
P04-gray_cable-r2,P04,gray_cable,2,1,gray_cable,gray_cable,original,skin,cheek_viewer_right,6,0.018379434943199158,0.8570510745048523,,0.011780790984630585
P04-gray_cable-r2,P04,gray_cable,2,1,gray_cable,gray_cable,previous,face,whole_roi,fixed,0.019154774025082588,0.8824012875556946,0.028134014457464218,
P04-gray_cable-r2,P04,gray_cable,2,1,gray_cable,gray_cable,previous,skin,weighted_three_regions,fixed,0.01584294481422095,0.8525026768118471,,0.012115101274102926
P04-gray_cable-r2,P04,gray_cable,2,1,gray_cable,gray_cable,previous,skin,forehead,fixed,0.015486417338252068,0.8223983645439148,,0.013487095944583416
P04-gray_cable-r2,P04,gray_cable,2,1,gray_cable,gray_cable,previous,skin,cheek_viewer_left,fixed,0.01381108071655035,0.9013716578483582,,0.010558407753705978
P04-gray_cable-r2,P04,gray_cable,2,1,gray_cable,gray_cable,previous,skin,cheek_viewer_right,fixed,0.019175030291080475,0.8951765894889832,,0.009840230457484722
P04-gray_cable-r2,P04,gray_cable,2,1,gray_cable,gray_cable,previous,face,whole_roi,1,0.018841207027435303,0.8834788203239441,0.02740354835987091,
P04-gray_cable-r2,P04,gray_cable,2,1,gray_cable,gray_cable,previous,skin,weighted_three_regions,1,0.015874086535152265,0.8304159927592735,,0.01295368159080253
P04-gray_cable-r2,P04,gray_cable,2,1,gray_cable,gray_cable,previous,skin,forehead,1,0.015488405711948872,0.8036625385284424,,0.013715816661715508
P04-gray_cable-r2,P04,gray_cable,2,1,gray_cable,gray_cable,previous,skin,cheek_viewer_left,1,0.014653145335614681,0.8836291432380676,,0.012008247897028923
P04-gray_cable-r2,P04,gray_cable,2,1,gray_cable,gray_cable,previous,skin,cheek_viewer_right,1,0.018379434943199158,0.8570510745048523,,0.011780790984630585
P04-gray_cable-r2,P04,gray_cable,2,1,gray_cable,gray_cable,previous,face,whole_roi,3,0.018841207027435303,0.8834788203239441,0.02740354835987091,
P04-gray_cable-r2,P04,gray_cable,2,1,gray_cable,gray_cable,previous,skin,weighted_three_regions,3,0.015874086535152265,0.8304159927592735,,0.01295368159080253
P04-gray_cable-r2,P04,gray_cable,2,1,gray_cable,gray_cable,previous,skin,forehead,3,0.015488405711948872,0.8036625385284424,,0.013715816661715508
P04-gray_cable-r2,P04,gray_cable,2,1,gray_cable,gray_cable,previous,skin,cheek_viewer_left,3,0.014653145335614681,0.8836291432380676,,0.012008247897028923
P04-gray_cable-r2,P04,gray_cable,2,1,gray_cable,gray_cable,previous,skin,cheek_viewer_right,3,0.018379434943199158,0.8570510745048523,,0.011780790984630585
P04-gray_cable-r2,P04,gray_cable,2,1,gray_cable,gray_cable,previous,face,whole_roi,6,0.018841207027435303,0.8834788203239441,0.02740354835987091,
P04-gray_cable-r2,P04,gray_cable,2,1,gray_cable,gray_cable,previous,skin,weighted_three_regions,6,0.015874086535152265,0.8304159927592735,,0.01295368159080253
P04-gray_cable-r2,P04,gray_cable,2,1,gray_cable,gray_cable,previous,skin,forehead,6,0.015488405711948872,0.8036625385284424,,0.013715816661715508
P04-gray_cable-r2,P04,gray_cable,2,1,gray_cable,gray_cable,previous,skin,cheek_viewer_left,6,0.014653145335614681,0.8836291432380676,,0.012008247897028923
P04-gray_cable-r2,P04,gray_cable,2,1,gray_cable,gray_cable,previous,skin,cheek_viewer_right,6,0.018379434943199158,0.8570510745048523,,0.011780790984630585
P05-gray_original-r2,P05,gray_original,2,1,gray_original,gray_original,original,face,whole_roi,fixed,0.014843114651739597,0.8994100689888,0.024316532537341118,
P05-gray_original-r2,P05,gray_original,2,1,gray_original,gray_original,original,skin,weighted_three_regions,fixed,0.012498799273196389,0.8897676436524642,,0.009372661711976808
P05-gray_original-r2,P05,gray_original,2,1,gray_original,gray_original,original,skin,forehead,fixed,0.012295009568333626,0.8800293803215027,,0.009455546736717224
P05-gray_original-r2,P05,gray_original,2,1,gray_original,gray_original,original,skin,cheek_viewer_left,fixed,0.011116557754576206,0.9026632308959961,,0.00930823665112257
P05-gray_original-r2,P05,gray_original,2,1,gray_original,gray_original,original,skin,cheek_viewer_right,fixed,0.014628269709646702,0.9190711975097656,,0.009133175015449524
P05-gray_original-r2,P05,gray_original,2,1,gray_original,gray_original,original,face,whole_roi,1,0.014843114651739597,0.8994100689888,0.024316532537341118,
P05-gray_original-r2,P05,gray_original,2,1,gray_original,gray_original,original,skin,weighted_three_regions,1,0.012498799273196389,0.8897676436524642,,0.009372661711976808
P05-gray_original-r2,P05,gray_original,2,1,gray_original,gray_original,original,skin,forehead,1,0.012295009568333626,0.8800293803215027,,0.009455546736717224
P05-gray_original-r2,P05,gray_original,2,1,gray_original,gray_original,original,skin,cheek_viewer_left,1,0.011116557754576206,0.9026632308959961,,0.00930823665112257
P05-gray_original-r2,P05,gray_original,2,1,gray_original,gray_original,original,skin,cheek_viewer_right,1,0.014628269709646702,0.9190711975097656,,0.009133175015449524
P05-gray_original-r2,P05,gray_original,2,1,gray_original,gray_original,original,face,whole_roi,3,0.014843114651739597,0.8994100689888,0.024316532537341118,
P05-gray_original-r2,P05,gray_original,2,1,gray_original,gray_original,original,skin,weighted_three_regions,3,0.012498799273196389,0.8897676436524642,,0.009372661711976808
P05-gray_original-r2,P05,gray_original,2,1,gray_original,gray_original,original,skin,forehead,3,0.012295009568333626,0.8800293803215027,,0.009455546736717224
P05-gray_original-r2,P05,gray_original,2,1,gray_original,gray_original,original,skin,cheek_viewer_left,3,0.011116557754576206,0.9026632308959961,,0.00930823665112257
P05-gray_original-r2,P05,gray_original,2,1,gray_original,gray_original,original,skin,cheek_viewer_right,3,0.014628269709646702,0.9190711975097656,,0.009133175015449524
P05-gray_original-r2,P05,gray_original,2,1,gray_original,gray_original,original,face,whole_roi,6,0.014843114651739597,0.8994100689888,0.024316532537341118,
P05-gray_original-r2,P05,gray_original,2,1,gray_original,gray_original,original,skin,weighted_three_regions,6,0.012498799273196389,0.8897676436524642,,0.009372661711976808
P05-gray_original-r2,P05,gray_original,2,1,gray_original,gray_original,original,skin,forehead,6,0.012295009568333626,0.8800293803215027,,0.009455546736717224
P05-gray_original-r2,P05,gray_original,2,1,gray_original,gray_original,original,skin,cheek_viewer_left,6,0.011116557754576206,0.9026632308959961,,0.00930823665112257
P05-gray_original-r2,P05,gray_original,2,1,gray_original,gray_original,original,skin,cheek_viewer_right,6,0.014628269709646702,0.9190711975097656,,0.009133175015449524
P05-gray_original-r2,P05,gray_original,2,1,gray_original,gray_original,previous,face,whole_roi,fixed,0.014843114651739597,0.8994100689888,0.024316532537341118,
P05-gray_original-r2,P05,gray_original,2,1,gray_original,gray_original,previous,skin,weighted_three_regions,fixed,0.012498799273196389,0.8897676436524642,,0.009372661711976808
P05-gray_original-r2,P05,gray_original,2,1,gray_original,gray_original,previous,skin,forehead,fixed,0.012295009568333626,0.8800293803215027,,0.009455546736717224
P05-gray_original-r2,P05,gray_original,2,1,gray_original,gray_original,previous,skin,cheek_viewer_left,fixed,0.011116557754576206,0.9026632308959961,,0.00930823665112257
P05-gray_original-r2,P05,gray_original,2,1,gray_original,gray_original,previous,skin,cheek_viewer_right,fixed,0.014628269709646702,0.9190711975097656,,0.009133175015449524
P05-gray_original-r2,P05,gray_original,2,1,gray_original,gray_original,previous,face,whole_roi,1,0.014843114651739597,0.8994100689888,0.024316532537341118,
P05-gray_original-r2,P05,gray_original,2,1,gray_original,gray_original,previous,skin,weighted_three_regions,1,0.012498799273196389,0.8897676436524642,,0.009372661711976808
P05-gray_original-r2,P05,gray_original,2,1,gray_original,gray_original,previous,skin,forehead,1,0.012295009568333626,0.8800293803215027,,0.009455546736717224
P05-gray_original-r2,P05,gray_original,2,1,gray_original,gray_original,previous,skin,cheek_viewer_left,1,0.011116557754576206,0.9026632308959961,,0.00930823665112257
P05-gray_original-r2,P05,gray_original,2,1,gray_original,gray_original,previous,skin,cheek_viewer_right,1,0.014628269709646702,0.9190711975097656,,0.009133175015449524
P05-gray_original-r2,P05,gray_original,2,1,gray_original,gray_original,previous,face,whole_roi,3,0.014843114651739597,0.8994100689888,0.024316532537341118,
P05-gray_original-r2,P05,gray_original,2,1,gray_original,gray_original,previous,skin,weighted_three_regions,3,0.012498799273196389,0.8897676436524642,,0.009372661711976808
P05-gray_original-r2,P05,gray_original,2,1,gray_original,gray_original,previous,skin,forehead,3,0.012295009568333626,0.8800293803215027,,0.009455546736717224
P05-gray_original-r2,P05,gray_original,2,1,gray_original,gray_original,previous,skin,cheek_viewer_left,3,0.011116557754576206,0.9026632308959961,,0.00930823665112257
P05-gray_original-r2,P05,gray_original,2,1,gray_original,gray_original,previous,skin,cheek_viewer_right,3,0.014628269709646702,0.9190711975097656,,0.009133175015449524
P05-gray_original-r2,P05,gray_original,2,1,gray_original,gray_original,previous,face,whole_roi,6,0.014843114651739597,0.8994100689888,0.024316532537341118,
P05-gray_original-r2,P05,gray_original,2,1,gray_original,gray_original,previous,skin,weighted_three_regions,6,0.012498799273196389,0.8897676436524642,,0.009372661711976808
P05-gray_original-r2,P05,gray_original,2,1,gray_original,gray_original,previous,skin,forehead,6,0.012295009568333626,0.8800293803215027,,0.009455546736717224
P05-gray_original-r2,P05,gray_original,2,1,gray_original,gray_original,previous,skin,cheek_viewer_left,6,0.011116557754576206,0.9026632308959961,,0.00930823665112257
P05-gray_original-r2,P05,gray_original,2,1,gray_original,gray_original,previous,skin,cheek_viewer_right,6,0.014628269709646702,0.9190711975097656,,0.009133175015449524
