branch,stage,sha256,scope,region,mode,dx,dy,ncc,mae,ssim,lpips,highpass_mae
P01,1,3283b698d37221ba9bb1e6190ab288a591d65dca1b2990d21299993b8bd54043,face,whole_roi,fixed,0,0,,0.01682279445230961,0.9092685580253601,0.029075920581817627,
P01,1,3283b698d37221ba9bb1e6190ab288a591d65dca1b2990d21299993b8bd54043,face,whole_roi,1,0,0,0.9954674243927002,0.01682279445230961,0.9092685580253601,0.029075920581817627,
P01,1,3283b698d37221ba9bb1e6190ab288a591d65dca1b2990d21299993b8bd54043,face,whole_roi,3,0,0,0.9980839490890503,0.01682279445230961,0.9092685580253601,0.029075920581817627,
P01,1,3283b698d37221ba9bb1e6190ab288a591d65dca1b2990d21299993b8bd54043,face,whole_roi,6,0,0,0.9989946484565735,0.01682279445230961,0.9092685580253601,0.029075920581817627,
P01,2,5edf621a615953f5454253bd0ea31f3c9b0a40ff0e037d0a27286c04e4a44a8e,face,whole_roi,fixed,0,0,,0.025318698957562447,0.8610936999320984,0.045663982629776,
P01,2,5edf621a615953f5454253bd0ea31f3c9b0a40ff0e037d0a27286c04e4a44a8e,face,whole_roi,1,0,-1,0.9928050637245178,0.023979511111974716,0.86857670545578,0.04554736241698265,
P01,2,5edf621a615953f5454253bd0ea31f3c9b0a40ff0e037d0a27286c04e4a44a8e,face,whole_roi,3,0,-1,0.9963827133178711,0.023979511111974716,0.86857670545578,0.04554736241698265,
P01,2,5edf621a615953f5454253bd0ea31f3c9b0a40ff0e037d0a27286c04e4a44a8e,face,whole_roi,6,0,-1,0.9977179765701294,0.023979511111974716,0.86857670545578,0.04554736241698265,
P01,3,f58ce0880a9001f1a2369d497c4e04bf5e9ed5dcb04bf1f91b79f92fd6d81429,face,whole_roi,fixed,0,0,,0.03235635906457901,0.8246541023254395,0.06535055488348007,
P01,3,f58ce0880a9001f1a2369d497c4e04bf5e9ed5dcb04bf1f91b79f92fd6d81429,face,whole_roi,1,0,-1,0.9899494647979736,0.029664114117622375,0.847237765789032,0.061555471271276474,
P01,3,f58ce0880a9001f1a2369d497c4e04bf5e9ed5dcb04bf1f91b79f92fd6d81429,face,whole_roi,3,0,-1,0.9944089651107788,0.029664114117622375,0.847237765789032,0.061555471271276474,
P01,3,f58ce0880a9001f1a2369d497c4e04bf5e9ed5dcb04bf1f91b79f92fd6d81429,face,whole_roi,6,0,-1,0.9961461424827576,0.029664114117622375,0.847237765789032,0.061555471271276474,
P01,4,93069e877fb11f264f2f8af78ab9c008158be25cdafee7422470c38d49eec4a6,face,whole_roi,fixed,0,0,,0.04575975611805916,0.7748034000396729,0.09369942545890808,
P01,4,93069e877fb11f264f2f8af78ab9c008158be25cdafee7422470c38d49eec4a6,face,whole_roi,1,0,-2,0.9798243045806885,0.04218009114265442,0.8089295029640198,0.08704492449760437,
P01,4,93069e877fb11f264f2f8af78ab9c008158be25cdafee7422470c38d49eec4a6,face,whole_roi,3,0,-2,0.9869225025177002,0.04218009114265442,0.8089295029640198,0.08704492449760437,
P01,4,93069e877fb11f264f2f8af78ab9c008158be25cdafee7422470c38d49eec4a6,face,whole_roi,6,0,-2,0.9901689291000366,0.04218009114265442,0.8089295029640198,0.08704492449760437,
P01,5,920021a6c61ee4781e4b3eea0c42cee999eaf258855b6ebe212f6f44d0b2f91e,face,whole_roi,fixed,0,0,,0.05325869098305702,0.7275538444519043,0.1472696214914322,
P01,5,920021a6c61ee4781e4b3eea0c42cee999eaf258855b6ebe212f6f44d0b2f91e,face,whole_roi,1,-1,-2,0.9562463164329529,0.04936990141868591,0.7596468925476074,0.1388384848833084,
P01,5,920021a6c61ee4781e4b3eea0c42cee999eaf258855b6ebe212f6f44d0b2f91e,face,whole_roi,3,-1,-2,0.9641510844230652,0.04936990141868591,0.7596468925476074,0.1388384848833084,
P01,5,920021a6c61ee4781e4b3eea0c42cee999eaf258855b6ebe212f6f44d0b2f91e,face,whole_roi,6,-1,-2,0.9684012532234192,0.04936990141868591,0.7596468925476074,0.1388384848833084,
P01,6,62722e56d65c4519472ba85f6cfbab205edb03e6362e434a6bc5f35b4d11ffe1,face,whole_roi,fixed,0,0,,0.05713431537151337,0.7041564583778381,0.15798193216323853,
P01,6,62722e56d65c4519472ba85f6cfbab205edb03e6362e434a6bc5f35b4d11ffe1,face,whole_roi,1,-1,-2,0.954223096370697,0.052986495196819305,0.7396819591522217,0.14989019930362701,
P01,6,62722e56d65c4519472ba85f6cfbab205edb03e6362e434a6bc5f35b4d11ffe1,face,whole_roi,3,-1,-2,0.9631427526473999,0.052986495196819305,0.7396819591522217,0.14989019930362701,
P01,6,62722e56d65c4519472ba85f6cfbab205edb03e6362e434a6bc5f35b4d11ffe1,face,whole_roi,6,-1,-2,0.9679815173149109,0.052986495196819305,0.7396819591522217,0.14989019930362701,
P01,7,e8abd8ccfffaead18ab620feeda61f6b002ad1e270ead96393bb47f846a761b2,face,whole_roi,fixed,0,0,,0.06003551930189133,0.6880168914794922,0.16779829561710358,
P01,7,e8abd8ccfffaead18ab620feeda61f6b002ad1e270ead96393bb47f846a761b2,face,whole_roi,1,-1,-2,0.9516674876213074,0.05739738047122955,0.7098167538642883,0.15942201018333435,
P01,7,e8abd8ccfffaead18ab620feeda61f6b002ad1e270ead96393bb47f846a761b2,face,whole_roi,3,-1,-2,0.9622513055801392,0.05739738047122955,0.7098167538642883,0.15942201018333435,
P01,7,e8abd8ccfffaead18ab620feeda61f6b002ad1e270ead96393bb47f846a761b2,face,whole_roi,6,-1,-2,0.9679868817329407,0.05739738047122955,0.7098167538642883,0.15942201018333435,
P01,8,35960e73a70622c0624edddfc39de04be7967e1bd5d9672e4147f6e1e0995b7c,face,whole_roi,fixed,0,0,,0.06567317992448807,0.6651027202606201,0.17702649533748627,
P01,8,35960e73a70622c0624edddfc39de04be7967e1bd5d9672e4147f6e1e0995b7c,face,whole_roi,1,-1,-2,0.9473113417625427,0.06358537822961807,0.6855347156524658,0.1700306236743927,
P01,8,35960e73a70622c0624edddfc39de04be7967e1bd5d9672e4147f6e1e0995b7c,face,whole_roi,3,-1,-2,0.9589694738388062,0.06358537822961807,0.6855347156524658,0.1700306236743927,
P01,8,35960e73a70622c0624edddfc39de04be7967e1bd5d9672e4147f6e1e0995b7c,face,whole_roi,6,-1,-2,0.9653831720352173,0.06358537822961807,0.6855347156524658,0.1700306236743927,
P01,9,c9452208da161ff37ad673d387e91d685c8462fce65c82a548dc1a6cf5a6eb6e,face,whole_roi,fixed,0,0,,0.07317664474248886,0.6282134652137756,0.20342886447906494,
P01,9,c9452208da161ff37ad673d387e91d685c8462fce65c82a548dc1a6cf5a6eb6e,face,whole_roi,1,-1,-2,0.9418168663978577,0.07095509022474289,0.6513688564300537,0.19450446963310242,
P01,9,c9452208da161ff37ad673d387e91d685c8462fce65c82a548dc1a6cf5a6eb6e,face,whole_roi,3,-1,-2,0.9545510411262512,0.07095509022474289,0.6513688564300537,0.19450446963310242,
P01,9,c9452208da161ff37ad673d387e91d685c8462fce65c82a548dc1a6cf5a6eb6e,face,whole_roi,6,-1,-2,0.9615597724914551,0.07095509022474289,0.6513688564300537,0.19450446963310242,
P01,10,7b8d398a7ebb4855be7f8667f496e49f6da50d799b6d50b41b51c9887772a2f7,face,whole_roi,fixed,0,0,,0.14570675790309906,0.4989817440509796,0.27048414945602417,
P01,10,7b8d398a7ebb4855be7f8667f496e49f6da50d799b6d50b41b51c9887772a2f7,face,whole_roi,1,-1,-3,0.7887117266654968,0.14212055504322052,0.5297394394874573,0.2594680190086365,
P01,10,7b8d398a7ebb4855be7f8667f496e49f6da50d799b6d50b41b51c9887772a2f7,face,whole_roi,3,-2,-3,0.7979957461357117,0.1428041160106659,0.5281270146369934,0.2617783844470978,
P01,10,7b8d398a7ebb4855be7f8667f496e49f6da50d799b6d50b41b51c9887772a2f7,face,whole_roi,6,-3,-4,0.8031058311462402,0.14613395929336548,0.4931087791919708,0.2680579721927643,
P02,1,6422f8b64f6844af7ea0f0e89708fb3d74ee0a666f76ec2348b819285fa81386,face,whole_roi,fixed,0,0,,0.021788310259580612,0.8218111991882324,0.05121392011642456,
P02,1,6422f8b64f6844af7ea0f0e89708fb3d74ee0a666f76ec2348b819285fa81386,face,whole_roi,1,0,0,0.9947692155838013,0.021788310259580612,0.8218111991882324,0.05121392011642456,
P02,1,6422f8b64f6844af7ea0f0e89708fb3d74ee0a666f76ec2348b819285fa81386,face,whole_roi,3,0,0,0.9983677268028259,0.021788310259580612,0.8218111991882324,0.05121392011642456,
P02,1,6422f8b64f6844af7ea0f0e89708fb3d74ee0a666f76ec2348b819285fa81386,face,whole_roi,6,0,0,0.9991848468780518,0.021788310259580612,0.8218111991882324,0.05121392011642456,
P02,2,a5c7b3cb7efb45f4dc0700bb8d69adc8d87c42f27de5157c2bc7ab6ec1eb5ae5,face,whole_roi,fixed,0,0,,0.030131500214338303,0.7501263618469238,0.07663755118846893,
P02,2,a5c7b3cb7efb45f4dc0700bb8d69adc8d87c42f27de5157c2bc7ab6ec1eb5ae5,face,whole_roi,1,0,-1,0.9910055994987488,0.029172420501708984,0.759837806224823,0.0755927711725235,
P02,2,a5c7b3cb7efb45f4dc0700bb8d69adc8d87c42f27de5157c2bc7ab6ec1eb5ae5,face,whole_roi,3,0,-1,0.9963617920875549,0.029172420501708984,0.759837806224823,0.0755927711725235,
P02,2,a5c7b3cb7efb45f4dc0700bb8d69adc8d87c42f27de5157c2bc7ab6ec1eb5ae5,face,whole_roi,6,0,-1,0.9978338479995728,0.029172420501708984,0.759837806224823,0.0755927711725235,
P02,3,aeec89e4090fd037e749ed471be7f1378df4d528ceb7026ce935de3ecbaeb135,face,whole_roi,fixed,0,0,,0.03669736534357071,0.6926453709602356,0.0967579185962677,
P02,3,aeec89e4090fd037e749ed471be7f1378df4d528ceb7026ce935de3ecbaeb135,face,whole_roi,1,-1,-1,0.9867196679115295,0.034644950181245804,0.7151186466217041,0.09539806097745895,
P02,3,aeec89e4090fd037e749ed471be7f1378df4d528ceb7026ce935de3ecbaeb135,face,whole_roi,3,0,-1,0.9939516186714172,0.034902580082416534,0.7117676734924316,0.0966821014881134,
P02,3,aeec89e4090fd037e749ed471be7f1378df4d528ceb7026ce935de3ecbaeb135,face,whole_roi,6,0,-1,0.9963228106498718,0.034902580082416534,0.7117676734924316,0.0966821014881134,
P02,4,0cbd67590dc9d6924e97a9bdeb700db2988b50c0b9ef26d4d2c9f61609779fd2,face,whole_roi,fixed,0,0,,0.04702320322394371,0.6243091225624084,0.12890082597732544,
P02,4,0cbd67590dc9d6924e97a9bdeb700db2988b50c0b9ef26d4d2c9f61609779fd2,face,whole_roi,1,-1,-2,0.9735998511314392,0.04364503175020218,0.663843035697937,0.12440567463636398,
P02,4,0cbd67590dc9d6924e97a9bdeb700db2988b50c0b9ef26d4d2c9f61609779fd2,face,whole_roi,3,-1,-2,0.9844709038734436,0.04364503175020218,0.663843035697937,0.12440567463636398,
P02,4,0cbd67590dc9d6924e97a9bdeb700db2988b50c0b9ef26d4d2c9f61609779fd2,face,whole_roi,6,-1,-2,0.9891636371612549,0.04364503175020218,0.663843035697937,0.12440567463636398,
P02,5,de3404e40c52884eca4700f7141ed4dd245b04347493aa7030ef33d844da63f6,face,whole_roi,fixed,0,0,,0.07907287031412125,0.4742469787597656,0.18909992277622223,
P02,5,de3404e40c52884eca4700f7141ed4dd245b04347493aa7030ef33d844da63f6,face,whole_roi,1,-3,-2,0.9141784310340881,0.06668028980493546,0.5924898982048035,0.17104068398475647,
P02,5,de3404e40c52884eca4700f7141ed4dd245b04347493aa7030ef33d844da63f6,face,whole_roi,3,-3,-2,0.9264702796936035,0.06668028980493546,0.5924898982048035,0.17104068398475647,
P02,5,de3404e40c52884eca4700f7141ed4dd245b04347493aa7030ef33d844da63f6,face,whole_roi,6,-3,-2,0.9343258142471313,0.06668028980493546,0.5924898982048035,0.17104068398475647,
P02,6,3759fd3429ad1b07fe4effade7e47d5815091fb64b3f65f40321767d4f936596,face,whole_roi,fixed,0,0,,0.0823577344417572,0.45751288533210754,0.20260554552078247,
P02,6,3759fd3429ad1b07fe4effade7e47d5815091fb64b3f65f40321767d4f936596,face,whole_roi,1,-3,-1,0.9090620875358582,0.0708954781293869,0.5689559578895569,0.18510954082012177,
P02,6,3759fd3429ad1b07fe4effade7e47d5815091fb64b3f65f40321767d4f936596,face,whole_roi,3,-3,-2,0.922936201095581,0.07125925272703171,0.5664193630218506,0.18683218955993652,
P02,6,3759fd3429ad1b07fe4effade7e47d5815091fb64b3f65f40321767d4f936596,face,whole_roi,6,-4,-2,0.9320483803749084,0.0719980001449585,0.5596897602081299,0.18665340542793274,
P02,7,0affc060402d8b0072c4f0ae399f9b19d53b46764d81f434739084ab1399d67a,face,whole_roi,fixed,0,0,,0.08702487498521805,0.4287870228290558,0.23098960518836975,
P02,7,0affc060402d8b0072c4f0ae399f9b19d53b46764d81f434739084ab1399d67a,face,whole_roi,1,-3,-2,0.9034786820411682,0.07623013854026794,0.5345602035522461,0.21453231573104858,
P02,7,0affc060402d8b0072c4f0ae399f9b19d53b46764d81f434739084ab1399d67a,face,whole_roi,3,-4,-2,0.9199978113174438,0.0768977478146553,0.5289155840873718,0.21645808219909668,
P02,7,0affc060402d8b0072c4f0ae399f9b19d53b46764d81f434739084ab1399d67a,face,whole_roi,6,-4,-2,0.9307420253753662,0.0768977478146553,0.5289155840873718,0.21645808219909668,
P02,8,15a93c0b704376c2a9e617da20ec9ad467618d63332beaaaf34673500c50b815,face,whole_roi,fixed,0,0,,0.09236957877874374,0.3990817070007324,0.2334298938512802,
P02,8,15a93c0b704376c2a9e617da20ec9ad467618d63332beaaaf34673500c50b815,face,whole_roi,1,-4,-2,0.9143892526626587,0.08165322989225388,0.5016750693321228,0.21008522808551788,
P02,8,15a93c0b704376c2a9e617da20ec9ad467618d63332beaaaf34673500c50b815,face,whole_roi,3,-4,-2,0.9318540096282959,0.08165322989225388,0.5016750693321228,0.21008522808551788,
P02,8,15a93c0b704376c2a9e617da20ec9ad467618d63332beaaaf34673500c50b815,face,whole_roi,6,-4,-2,0.9421542882919312,0.08165322989225388,0.5016750693321228,0.21008522808551788,
P02,9,f96bdff0df1d5a089625e70d6b99ef20b09138200735d9ebe7f22f4982555ca9,face,whole_roi,fixed,0,0,,0.09657423198223114,0.3798588216304779,0.259820818901062,
P02,9,f96bdff0df1d5a089625e70d6b99ef20b09138200735d9ebe7f22f4982555ca9,face,whole_roi,1,-4,-1,0.9073518514633179,0.0884815901517868,0.45322510600090027,0.24630707502365112,
P02,9,f96bdff0df1d5a089625e70d6b99ef20b09138200735d9ebe7f22f4982555ca9,face,whole_roi,3,-4,-1,0.928648054599762,0.0884815901517868,0.45322510600090027,0.24630707502365112,
P02,9,f96bdff0df1d5a089625e70d6b99ef20b09138200735d9ebe7f22f4982555ca9,face,whole_roi,6,-4,-1,0.9408485293388367,0.0884815901517868,0.45322510600090027,0.24630707502365112,
P02,10,9c4e6a399bed49ba1cef1f3d41386adcc1319a725310fb93a2e389bab006fa43,face,whole_roi,fixed,0,0,,0.1283421516418457,0.36652669310569763,0.26662883162498474,
P02,10,9c4e6a399bed49ba1cef1f3d41386adcc1319a725310fb93a2e389bab006fa43,face,whole_roi,1,-3,-2,0.8265668153762817,0.12412518262863159,0.41425177454948425,0.2588009834289551,
P02,10,9c4e6a399bed49ba1cef1f3d41386adcc1319a725310fb93a2e389bab006fa43,face,whole_roi,3,-3,-1,0.8430535197257996,0.12416679412126541,0.4068376123905182,0.2607609033584595,
P02,10,9c4e6a399bed49ba1cef1f3d41386adcc1319a725310fb93a2e389bab006fa43,face,whole_roi,6,-4,-2,0.8503903150558472,0.12463708966970444,0.41658079624176025,0.2594878077507019,
P03-r1,1,822586e373c59942cc319b7b5a9eca9b95d0c57ad4a2885d22b178d52f4aae22,face,whole_roi,fixed,0,0,,0.016818616539239883,0.8832266926765442,0.0397653803229332,
P03-r1,1,822586e373c59942cc319b7b5a9eca9b95d0c57ad4a2885d22b178d52f4aae22,face,whole_roi,1,0,0,0.9962211847305298,0.016818616539239883,0.8832266926765442,0.0397653803229332,
P03-r1,1,822586e373c59942cc319b7b5a9eca9b95d0c57ad4a2885d22b178d52f4aae22,face,whole_roi,3,0,0,0.9982108473777771,0.016818616539239883,0.8832266926765442,0.0397653803229332,
P03-r1,1,822586e373c59942cc319b7b5a9eca9b95d0c57ad4a2885d22b178d52f4aae22,face,whole_roi,6,0,0,0.9987274408340454,0.016818616539239883,0.8832266926765442,0.0397653803229332,
P03-r1,2,9d640354a139713fd4b170a29aa4fb475ab312f84d5dc87d5c8a982603f363f1,face,whole_roi,fixed,0,0,,0.023919278755784035,0.8415461182594299,0.06436368077993393,
P03-r1,2,9d640354a139713fd4b170a29aa4fb475ab312f84d5dc87d5c8a982603f363f1,face,whole_roi,1,0,-1,0.9929236769676208,0.023015739396214485,0.8469493985176086,0.06130266562104225,
P03-r1,2,9d640354a139713fd4b170a29aa4fb475ab312f84d5dc87d5c8a982603f363f1,face,whole_roi,3,0,-1,0.9958251714706421,0.023015739396214485,0.8469493985176086,0.06130266562104225,
P03-r1,2,9d640354a139713fd4b170a29aa4fb475ab312f84d5dc87d5c8a982603f363f1,face,whole_roi,6,0,-1,0.9968201518058777,0.023015739396214485,0.8469493985176086,0.06130266562104225,
P03-r1,3,6adb61e661b32ecd6df0e8eae2368f3e94259432a28cc3aab7369765e31aacec,face,whole_roi,fixed,0,0,,0.035219378769397736,0.8154917359352112,0.08458372950553894,
P03-r1,3,6adb61e661b32ecd6df0e8eae2368f3e94259432a28cc3aab7369765e31aacec,face,whole_roi,1,-1,-1,0.9854200482368469,0.03467418998479843,0.8129358291625977,0.08336623013019562,
P03-r1,3,6adb61e661b32ecd6df0e8eae2368f3e94259432a28cc3aab7369765e31aacec,face,whole_roi,3,-1,-1,0.9894370436668396,0.03467418998479843,0.8129358291625977,0.08336623013019562,
P03-r1,3,6adb61e661b32ecd6df0e8eae2368f3e94259432a28cc3aab7369765e31aacec,face,whole_roi,6,-1,-1,0.9908285140991211,0.03467418998479843,0.8129358291625977,0.08336623013019562,
P03-r1,4,c593ddff289a664dea0966d52c9316df8aa93ad3885809fd2d1bc52c40536c35,face,whole_roi,fixed,0,0,,0.04619228467345238,0.7493398189544678,0.1184653639793396,
P03-r1,4,c593ddff289a664dea0966d52c9316df8aa93ad3885809fd2d1bc52c40536c35,face,whole_roi,1,-1,-1,0.9488226771354675,0.04347698763012886,0.7693193554878235,0.11682933568954468,
P03-r1,4,c593ddff289a664dea0966d52c9316df8aa93ad3885809fd2d1bc52c40536c35,face,whole_roi,3,-1,-2,0.9548771977424622,0.04516448825597763,0.7537969946861267,0.11466523259878159,
P03-r1,4,c593ddff289a664dea0966d52c9316df8aa93ad3885809fd2d1bc52c40536c35,face,whole_roi,6,-1,-3,0.9582964181900024,0.048636045306921005,0.7105652689933777,0.12118515372276306,
P03-r1,5,fb518674e0352dc6ac2e85717de2bee34e2efa6267f50f6d0e8160264e18ca92,face,whole_roi,fixed,0,0,,0.12108762562274933,0.4625864028930664,0.24226857721805573,
P03-r1,5,fb518674e0352dc6ac2e85717de2bee34e2efa6267f50f6d0e8160264e18ca92,face,whole_roi,1,7,5,0.8118591904640198,0.08753294497728348,0.6472768187522888,0.17715446650981903,
P03-r1,5,fb518674e0352dc6ac2e85717de2bee34e2efa6267f50f6d0e8160264e18ca92,face,whole_roi,3,8,5,0.8185720443725586,0.09012965857982635,0.6132805943489075,0.18278786540031433,
P03-r1,5,fb518674e0352dc6ac2e85717de2bee34e2efa6267f50f6d0e8160264e18ca92,face,whole_roi,6,10,4,0.8240447640419006,0.09710732102394104,0.535780131816864,0.19664092361927032,
P03-r1,6,66349281145be944dae18789572abff891dee7cd968a5ce4bd32f45800dc9e34,face,whole_roi,fixed,0,0,,0.12087925523519516,0.45227834582328796,0.25372883677482605,
P03-r1,6,66349281145be944dae18789572abff891dee7cd968a5ce4bd32f45800dc9e34,face,whole_roi,1,7,5,0.8074305653572083,0.08893025666475296,0.6233661770820618,0.1924964040517807,
P03-r1,6,66349281145be944dae18789572abff891dee7cd968a5ce4bd32f45800dc9e34,face,whole_roi,3,8,4,0.8157353401184082,0.09140907973051071,0.5953536033630371,0.197172611951828,
P03-r1,6,66349281145be944dae18789572abff891dee7cd968a5ce4bd32f45800dc9e34,face,whole_roi,6,10,4,0.8216755986213684,0.0976228192448616,0.519848644733429,0.21094323694705963,
P03-r1,7,323ee7108aed360c9e8138140952521e94afb21828a336ad58ac8d5389c36761,face,whole_roi,fixed,0,0,,0.12076550722122192,0.4395838975906372,0.2693564295768738,
P03-r1,7,323ee7108aed360c9e8138140952521e94afb21828a336ad58ac8d5389c36761,face,whole_roi,1,7,4,0.8032429218292236,0.09025387465953827,0.6047284603118896,0.20744535326957703,
P03-r1,7,323ee7108aed360c9e8138140952521e94afb21828a336ad58ac8d5389c36761,face,whole_roi,3,8,4,0.812557578086853,0.09229037165641785,0.57559734582901,0.21299514174461365,
P03-r1,7,323ee7108aed360c9e8138140952521e94afb21828a336ad58ac8d5389c36761,face,whole_roi,6,10,4,0.819392740726471,0.09816350787878036,0.5043819546699524,0.22804054617881775,
P03-r1,8,8216dd670f1bb3fc39b182eeee4e4d81dd2c78c3b97e0718765311994cd7ade7,face,whole_roi,fixed,0,0,,0.12047415226697922,0.4257400333881378,0.2859041690826416,
P03-r1,8,8216dd670f1bb3fc39b182eeee4e4d81dd2c78c3b97e0718765311994cd7ade7,face,whole_roi,1,7,4,0.8074076175689697,0.0908387303352356,0.5775063037872314,0.22639977931976318,
P03-r1,8,8216dd670f1bb3fc39b182eeee4e4d81dd2c78c3b97e0718765311994cd7ade7,face,whole_roi,3,8,4,0.8179979920387268,0.09258058667182922,0.5523152947425842,0.23395957052707672,
P03-r1,8,8216dd670f1bb3fc39b182eeee4e4d81dd2c78c3b97e0718765311994cd7ade7,face,whole_roi,6,10,4,0.8255726099014282,0.09810400009155273,0.485977441072464,0.24582698941230774,
P03-r1,9,d3bb1a3a2a3f7623a46a99cf54d56628227a8f848a1c59937fe29a8713ca4465,face,whole_roi,fixed,0,0,,0.12254548072814941,0.40891745686531067,0.30787450075149536,
P03-r1,9,d3bb1a3a2a3f7623a46a99cf54d56628227a8f848a1c59937fe29a8713ca4465,face,whole_roi,1,7,4,0.8020601868629456,0.0944012999534607,0.548331081867218,0.25171178579330444,
P03-r1,9,d3bb1a3a2a3f7623a46a99cf54d56628227a8f848a1c59937fe29a8713ca4465,face,whole_roi,3,8,4,0.8146782517433167,0.09570301324129105,0.5264108777046204,0.25652945041656494,
P03-r1,9,d3bb1a3a2a3f7623a46a99cf54d56628227a8f848a1c59937fe29a8713ca4465,face,whole_roi,6,10,3,0.823916494846344,0.101176418364048,0.45868125557899475,0.272597074508667,
P03-r1,10,521dc7bc0cf861d9386c396c156e48db7a2fea5d3faebc89e258061176692dfc,face,whole_roi,fixed,0,0,,0.2008240669965744,0.25522199273109436,0.41561371088027954,
P03-r1,10,521dc7bc0cf861d9386c396c156e48db7a2fea5d3faebc89e258061176692dfc,face,whole_roi,1,5,11,0.7198954820632935,0.1726452112197876,0.4131282567977905,0.34450486302375793,
P03-r1,10,521dc7bc0cf861d9386c396c156e48db7a2fea5d3faebc89e258061176692dfc,face,whole_roi,3,4,10,0.729150652885437,0.17389467358589172,0.4089403450489044,0.3455989956855774,
P03-r1,10,521dc7bc0cf861d9386c396c156e48db7a2fea5d3faebc89e258061176692dfc,face,whole_roi,6,3,9,0.735011637210846,0.1771048605442047,0.37525853514671326,0.3529857099056244,
P03-r2,1,83a0968adc231d874fc2556bdabd5b9bf9adbe88ca5c76af495cefc9bfbb86d1,face,whole_roi,fixed,0,0,,0.016378622502088547,0.8791654706001282,0.04099458456039429,
P03-r2,1,83a0968adc231d874fc2556bdabd5b9bf9adbe88ca5c76af495cefc9bfbb86d1,face,whole_roi,1,0,0,0.9957783818244934,0.016378622502088547,0.8791654706001282,0.04099458456039429,
P03-r2,1,83a0968adc231d874fc2556bdabd5b9bf9adbe88ca5c76af495cefc9bfbb86d1,face,whole_roi,3,0,0,0.9981615543365479,0.016378622502088547,0.8791654706001282,0.04099458456039429,
P03-r2,1,83a0968adc231d874fc2556bdabd5b9bf9adbe88ca5c76af495cefc9bfbb86d1,face,whole_roi,6,0,0,0.9988256096839905,0.016378622502088547,0.8791654706001282,0.04099458456039429,
P03-r2,2,b44087f603522f878f472ee1c640e161f009c524ee8886847714006e31b9d1b5,face,whole_roi,fixed,0,0,,0.023844851180911064,0.8237112164497375,0.0622045174241066,
P03-r2,2,b44087f603522f878f472ee1c640e161f009c524ee8886847714006e31b9d1b5,face,whole_roi,1,-1,-1,0.9924187064170837,0.022477546706795692,0.8252103924751282,0.06073300167918205,
P03-r2,2,b44087f603522f878f472ee1c640e161f009c524ee8886847714006e31b9d1b5,face,whole_roi,3,-1,-1,0.9959381818771362,0.022477546706795692,0.8252103924751282,0.06073300167918205,
P03-r2,2,b44087f603522f878f472ee1c640e161f009c524ee8886847714006e31b9d1b5,face,whole_roi,6,-1,-1,0.9970628023147583,0.022477546706795692,0.8252103924751282,0.06073300167918205,
P03-r2,3,d90788b37afb43c0e8ef24de52a22cbb864047436c0882bd063bc3220c4e2992,face,whole_roi,fixed,0,0,,0.03382294997572899,0.771628201007843,0.08722404390573502,
P03-r2,3,d90788b37afb43c0e8ef24de52a22cbb864047436c0882bd063bc3220c4e2992,face,whole_roi,1,-1,-1,0.9872785806655884,0.030294276773929596,0.8011799454689026,0.08367697894573212,
P03-r2,3,d90788b37afb43c0e8ef24de52a22cbb864047436c0882bd063bc3220c4e2992,face,whole_roi,3,-1,-1,0.9915415644645691,0.030294276773929596,0.8011799454689026,0.08367697894573212,
P03-r2,3,d90788b37afb43c0e8ef24de52a22cbb864047436c0882bd063bc3220c4e2992,face,whole_roi,6,-1,-1,0.9929721355438232,0.030294276773929596,0.8011799454689026,0.08367697894573212,
P03-r2,4,b4b6120c7e95f6eb6c8c98973c96aadfb701032ad3b32beaacd7137055c234fb,face,whole_roi,fixed,0,0,,0.04822344332933426,0.7013835906982422,0.13435223698616028,
P03-r2,4,b4b6120c7e95f6eb6c8c98973c96aadfb701032ad3b32beaacd7137055c234fb,face,whole_roi,1,-1,-2,0.941688060760498,0.04394420608878136,0.7408286929130554,0.1290566772222519,
P03-r2,4,b4b6120c7e95f6eb6c8c98973c96aadfb701032ad3b32beaacd7137055c234fb,face,whole_roi,3,-1,-2,0.9500769972801208,0.04394420608878136,0.7408286929130554,0.1290566772222519,
P03-r2,4,b4b6120c7e95f6eb6c8c98973c96aadfb701032ad3b32beaacd7137055c234fb,face,whole_roi,6,-2,-3,0.9536702632904053,0.04753692448139191,0.6957626938819885,0.13600340485572815,
P03-r2,5,9a9d737d3bae43a46d9ef381cbe50c7cb1d55bc56926f187774110ac286f8cdb,face,whole_roi,fixed,0,0,,0.19147811830043793,0.32670143246650696,0.5045062303543091,
P03-r2,5,9a9d737d3bae43a46d9ef381cbe50c7cb1d55bc56926f187774110ac286f8cdb,face,whole_roi,1,9,39,0.6529903411865234,0.1231522187590599,0.42453134059906006,0.3006705343723297,
P03-r2,5,9a9d737d3bae43a46d9ef381cbe50c7cb1d55bc56926f187774110ac286f8cdb,face,whole_roi,3,9,40,0.6882773637771606,0.12375611811876297,0.4236760139465332,0.30190327763557434,
P03-r2,5,9a9d737d3bae43a46d9ef381cbe50c7cb1d55bc56926f187774110ac286f8cdb,face,whole_roi,6,10,40,0.7236490249633789,0.12370765954256058,0.42980870604515076,0.3054148256778717,
P03-r2,6,ddfb55bb6a6b9a1951a269da1808a46f9cd502b531a0a1228a1da18619a3d6c6,face,whole_roi,fixed,0,0,,0.19174440205097198,0.32239654660224915,0.505614161491394,
P03-r2,6,ddfb55bb6a6b9a1951a269da1808a46f9cd502b531a0a1228a1da18619a3d6c6,face,whole_roi,1,8,39,0.6515951752662659,0.12430159002542496,0.4194035828113556,0.31006914377212524,
P03-r2,6,ddfb55bb6a6b9a1951a269da1808a46f9cd502b531a0a1228a1da18619a3d6c6,face,whole_roi,3,9,39,0.6879391670227051,0.12411917001008987,0.4156179428100586,0.31191298365592957,
P03-r2,6,ddfb55bb6a6b9a1951a269da1808a46f9cd502b531a0a1228a1da18619a3d6c6,face,whole_roi,6,10,40,0.7235873341560364,0.12471112608909607,0.421176940202713,0.3152867555618286,
P03-r2,7,ccde15a1bc297801fedd9ac3bb092b8fe458fe908f6f4457ac951be56d7219af,face,whole_roi,fixed,0,0,,0.19085060060024261,0.3148510456085205,0.5105254650115967,
P03-r2,7,ccde15a1bc297801fedd9ac3bb092b8fe458fe908f6f4457ac951be56d7219af,face,whole_roi,1,8,38,0.6500161290168762,0.12462322413921356,0.41204747557640076,0.32216551899909973,
P03-r2,7,ccde15a1bc297801fedd9ac3bb092b8fe458fe908f6f4457ac951be56d7219af,face,whole_roi,3,9,39,0.6874657869338989,0.12486621737480164,0.40218472480773926,0.3260265290737152,
P03-r2,7,ccde15a1bc297801fedd9ac3bb092b8fe458fe908f6f4457ac951be56d7219af,face,whole_roi,6,10,40,0.7238985300064087,0.12538765370845795,0.40761494636535645,0.33243393898010254,
P03-r2,8,66ac9dbeb63fd504dbbaa0624aa44abcd752e6c83dd26657ab21545472f9e7ff,face,whole_roi,fixed,0,0,,0.19178110361099243,0.3048759996891022,0.5150160789489746,
P03-r2,8,66ac9dbeb63fd504dbbaa0624aa44abcd752e6c83dd26657ab21545472f9e7ff,face,whole_roi,1,9,39,0.6605772376060486,0.12381888926029205,0.39208880066871643,0.32382121682167053,
P03-r2,8,66ac9dbeb63fd504dbbaa0624aa44abcd752e6c83dd26657ab21545472f9e7ff,face,whole_roi,3,9,39,0.6997062563896179,0.12381888926029205,0.39208880066871643,0.32382121682167053,
P03-r2,8,66ac9dbeb63fd504dbbaa0624aa44abcd752e6c83dd26657ab21545472f9e7ff,face,whole_roi,6,10,41,0.7380127310752869,0.12510772049427032,0.38908037543296814,0.3365640342235565,
P03-r2,9,f349713b58fab37e07f2a4bb7605bf96090781563faa4878b872a8816f7d29ba,face,whole_roi,fixed,0,0,,0.19077569246292114,0.29578396677970886,0.5228796601295471,
P03-r2,9,f349713b58fab37e07f2a4bb7605bf96090781563faa4878b872a8816f7d29ba,face,whole_roi,1,8,38,0.6564611196517944,0.12438034266233444,0.3863759934902191,0.3425869643688202,
P03-r2,9,f349713b58fab37e07f2a4bb7605bf96090781563faa4878b872a8816f7d29ba,face,whole_roi,3,9,39,0.697264552116394,0.12464924156665802,0.37647131085395813,0.34759026765823364,
P03-r2,9,f349713b58fab37e07f2a4bb7605bf96090781563faa4878b872a8816f7d29ba,face,whole_roi,6,10,40,0.7365911602973938,0.12509161233901978,0.3795047104358673,0.3542275130748749,
P03-r2,10,4644830c95bc1b8959e2d4711513626bd0d7cc65d2af078554327e59605833cf,face,whole_roi,fixed,0,0,,0.25273093581199646,0.17960941791534424,0.5659546256065369,
P03-r2,10,4644830c95bc1b8959e2d4711513626bd0d7cc65d2af078554327e59605833cf,face,whole_roi,1,4,38,0.6424297094345093,0.2021111398935318,0.2506495714187622,0.39228272438049316,
P03-r2,10,4644830c95bc1b8959e2d4711513626bd0d7cc65d2af078554327e59605833cf,face,whole_roi,3,4,37,0.6686065196990967,0.20252104103565216,0.24914735555648804,0.39421382546424866,
P03-r2,10,4644830c95bc1b8959e2d4711513626bd0d7cc65d2af078554327e59605833cf,face,whole_roi,6,2,37,0.6925996541976929,0.20354695618152618,0.24581241607666016,0.39887022972106934,
P04,1,72f0074fe7df1b717d90d2db6df234212b5df2afc6166f11a13d73a80952dcea,face,whole_roi,fixed,0,0,,0.01840371824800968,0.8883209228515625,0.031728047877550125,
P04,1,72f0074fe7df1b717d90d2db6df234212b5df2afc6166f11a13d73a80952dcea,skin,weighted_three_regions,fixed,0,0,,0.015498846468022642,0.846485067012733,,0.012211373796796097
P04,1,72f0074fe7df1b717d90d2db6df234212b5df2afc6166f11a13d73a80952dcea,skin,forehead,fixed,0,0,,0.015320698730647564,0.8242051601409912,,0.013025902211666107
P04,1,72f0074fe7df1b717d90d2db6df234212b5df2afc6166f11a13d73a80952dcea,skin,cheek_viewer_left,fixed,0,0,,0.015051698312163353,0.8879440426826477,,0.011002710089087486
P04,1,72f0074fe7df1b717d90d2db6df234212b5df2afc6166f11a13d73a80952dcea,skin,cheek_viewer_right,fixed,0,0,,0.0165246669203043,0.8719620108604431,,0.011180867440998554
P04,1,72f0074fe7df1b717d90d2db6df234212b5df2afc6166f11a13d73a80952dcea,face,whole_roi,1,0,0,0.9951382875442505,0.01840371824800968,0.8883209228515625,0.031728047877550125,
P04,1,72f0074fe7df1b717d90d2db6df234212b5df2afc6166f11a13d73a80952dcea,skin,weighted_three_regions,1,0,0,0.9951382875442505,0.015498846468022642,0.846485067012733,,0.012211373796796097
P04,1,72f0074fe7df1b717d90d2db6df234212b5df2afc6166f11a13d73a80952dcea,skin,forehead,1,0,0,0.9951382875442505,0.015320698730647564,0.8242051601409912,,0.013025902211666107
P04,1,72f0074fe7df1b717d90d2db6df234212b5df2afc6166f11a13d73a80952dcea,skin,cheek_viewer_left,1,0,0,0.9951382875442505,0.015051698312163353,0.8879440426826477,,0.011002710089087486
P04,1,72f0074fe7df1b717d90d2db6df234212b5df2afc6166f11a13d73a80952dcea,skin,cheek_viewer_right,1,0,0,0.9951382875442505,0.0165246669203043,0.8719620108604431,,0.011180867440998554
P04,1,72f0074fe7df1b717d90d2db6df234212b5df2afc6166f11a13d73a80952dcea,face,whole_roi,3,0,0,0.998278796672821,0.01840371824800968,0.8883209228515625,0.031728047877550125,
P04,1,72f0074fe7df1b717d90d2db6df234212b5df2afc6166f11a13d73a80952dcea,skin,weighted_three_regions,3,0,0,0.998278796672821,0.015498846468022642,0.846485067012733,,0.012211373796796097
P04,1,72f0074fe7df1b717d90d2db6df234212b5df2afc6166f11a13d73a80952dcea,skin,forehead,3,0,0,0.998278796672821,0.015320698730647564,0.8242051601409912,,0.013025902211666107
P04,1,72f0074fe7df1b717d90d2db6df234212b5df2afc6166f11a13d73a80952dcea,skin,cheek_viewer_left,3,0,0,0.998278796672821,0.015051698312163353,0.8879440426826477,,0.011002710089087486
P04,1,72f0074fe7df1b717d90d2db6df234212b5df2afc6166f11a13d73a80952dcea,skin,cheek_viewer_right,3,0,0,0.998278796672821,0.0165246669203043,0.8719620108604431,,0.011180867440998554
P04,1,72f0074fe7df1b717d90d2db6df234212b5df2afc6166f11a13d73a80952dcea,face,whole_roi,6,0,0,0.9991633296012878,0.01840371824800968,0.8883209228515625,0.031728047877550125,
P04,1,72f0074fe7df1b717d90d2db6df234212b5df2afc6166f11a13d73a80952dcea,skin,weighted_three_regions,6,0,0,0.9991633296012878,0.015498846468022642,0.846485067012733,,0.012211373796796097
P04,1,72f0074fe7df1b717d90d2db6df234212b5df2afc6166f11a13d73a80952dcea,skin,forehead,6,0,0,0.9991633296012878,0.015320698730647564,0.8242051601409912,,0.013025902211666107
P04,1,72f0074fe7df1b717d90d2db6df234212b5df2afc6166f11a13d73a80952dcea,skin,cheek_viewer_left,6,0,0,0.9991633296012878,0.015051698312163353,0.8879440426826477,,0.011002710089087486
P04,1,72f0074fe7df1b717d90d2db6df234212b5df2afc6166f11a13d73a80952dcea,skin,cheek_viewer_right,6,0,0,0.9991633296012878,0.0165246669203043,0.8719620108604431,,0.011180867440998554
P04,2,06b5c9dc02fbf13fc15f528b85b948100afb06fac95032453399dab4f05e8cb7,face,whole_roi,fixed,0,0,,0.025968050584197044,0.8348621726036072,0.05477737635374069,
P04,2,06b5c9dc02fbf13fc15f528b85b948100afb06fac95032453399dab4f05e8cb7,skin,weighted_three_regions,fixed,0,0,,0.019340060828801464,0.8244217312317254,,0.013067223216023514
P04,2,06b5c9dc02fbf13fc15f528b85b948100afb06fac95032453399dab4f05e8cb7,skin,forehead,fixed,0,0,,0.01877759024500847,0.8036765456199646,,0.013794433325529099
P04,2,06b5c9dc02fbf13fc15f528b85b948100afb06fac95032453399dab4f05e8cb7,skin,cheek_viewer_left,fixed,0,0,,0.02113981358706951,0.8600261807441711,,0.012550477869808674
P04,2,06b5c9dc02fbf13fc15f528b85b948100afb06fac95032453399dab4f05e8cb7,skin,cheek_viewer_right,fixed,0,0,,0.01896592229604721,0.8516037464141846,,0.011514546349644661
P04,2,06b5c9dc02fbf13fc15f528b85b948100afb06fac95032453399dab4f05e8cb7,face,whole_roi,1,0,-1,0.9931927919387817,0.023362623527646065,0.8567665219306946,0.05424788221716881,
P04,2,06b5c9dc02fbf13fc15f528b85b948100afb06fac95032453399dab4f05e8cb7,skin,weighted_three_regions,1,0,-1,0.9931927919387817,0.019138407459592117,0.8130026028332193,,0.013504024484359166
P04,2,06b5c9dc02fbf13fc15f528b85b948100afb06fac95032453399dab4f05e8cb7,skin,forehead,1,0,-1,0.9931927919387817,0.018594637513160706,0.7932541370391846,,0.013928127475082874
P04,2,06b5c9dc02fbf13fc15f528b85b948100afb06fac95032453399dab4f05e8cb7,skin,cheek_viewer_left,1,0,-1,0.9931927919387817,0.02065134607255459,0.856637179851532,,0.013262646272778511
P04,2,06b5c9dc02fbf13fc15f528b85b948100afb06fac95032453399dab4f05e8cb7,skin,cheek_viewer_right,1,0,-1,0.9931927919387817,0.019032057374715805,0.8276392817497253,,0.012531034648418427
P04,2,06b5c9dc02fbf13fc15f528b85b948100afb06fac95032453399dab4f05e8cb7,face,whole_roi,3,0,-1,0.9968666434288025,0.023362623527646065,0.8567665219306946,0.05424788221716881,
P04,2,06b5c9dc02fbf13fc15f528b85b948100afb06fac95032453399dab4f05e8cb7,skin,weighted_three_regions,3,0,-1,0.9968666434288025,0.019138407459592117,0.8130026028332193,,0.013504024484359166
P04,2,06b5c9dc02fbf13fc15f528b85b948100afb06fac95032453399dab4f05e8cb7,skin,forehead,3,0,-1,0.9968666434288025,0.018594637513160706,0.7932541370391846,,0.013928127475082874
P04,2,06b5c9dc02fbf13fc15f528b85b948100afb06fac95032453399dab4f05e8cb7,skin,cheek_viewer_left,3,0,-1,0.9968666434288025,0.02065134607255459,0.856637179851532,,0.013262646272778511
P04,2,06b5c9dc02fbf13fc15f528b85b948100afb06fac95032453399dab4f05e8cb7,skin,cheek_viewer_right,3,0,-1,0.9968666434288025,0.019032057374715805,0.8276392817497253,,0.012531034648418427
P04,2,06b5c9dc02fbf13fc15f528b85b948100afb06fac95032453399dab4f05e8cb7,face,whole_roi,6,0,-1,0.9980335235595703,0.023362623527646065,0.8567665219306946,0.05424788221716881,
P04,2,06b5c9dc02fbf13fc15f528b85b948100afb06fac95032453399dab4f05e8cb7,skin,weighted_three_regions,6,0,-1,0.9980335235595703,0.019138407459592117,0.8130026028332193,,0.013504024484359166
P04,2,06b5c9dc02fbf13fc15f528b85b948100afb06fac95032453399dab4f05e8cb7,skin,forehead,6,0,-1,0.9980335235595703,0.018594637513160706,0.7932541370391846,,0.013928127475082874
P04,2,06b5c9dc02fbf13fc15f528b85b948100afb06fac95032453399dab4f05e8cb7,skin,cheek_viewer_left,6,0,-1,0.9980335235595703,0.02065134607255459,0.856637179851532,,0.013262646272778511
P04,2,06b5c9dc02fbf13fc15f528b85b948100afb06fac95032453399dab4f05e8cb7,skin,cheek_viewer_right,6,0,-1,0.9980335235595703,0.019032057374715805,0.8276392817497253,,0.012531034648418427
P04,3,0ee7d7c5349dc71b8f60ee842000aca388d37688ba65a3d5028ad511f58611ed,face,whole_roi,fixed,0,0,,0.03271098807454109,0.7871373295783997,0.07703612744808197,
P04,3,0ee7d7c5349dc71b8f60ee842000aca388d37688ba65a3d5028ad511f58611ed,skin,weighted_three_regions,fixed,0,0,,0.023276816308498382,0.8017262863214574,,0.013638554258162485
P04,3,0ee7d7c5349dc71b8f60ee842000aca388d37688ba65a3d5028ad511f58611ed,skin,forehead,fixed,0,0,,0.023042529821395874,0.7829369902610779,,0.014302419498562813
P04,3,0ee7d7c5349dc71b8f60ee842000aca388d37688ba65a3d5028ad511f58611ed,skin,cheek_viewer_left,fixed,0,0,,0.023805201053619385,0.8373343348503113,,0.01322325412184
P04,3,0ee7d7c5349dc71b8f60ee842000aca388d37688ba65a3d5028ad511f58611ed,skin,cheek_viewer_right,fixed,0,0,,0.02336990274488926,0.822468101978302,,0.012157638557255268
P04,3,0ee7d7c5349dc71b8f60ee842000aca388d37688ba65a3d5028ad511f58611ed,face,whole_roi,1,0,-1,0.9892287850379944,0.029098980128765106,0.8208720088005066,0.07321377098560333,
P04,3,0ee7d7c5349dc71b8f60ee842000aca388d37688ba65a3d5028ad511f58611ed,skin,weighted_three_regions,1,0,-1,0.9892287850379944,0.022955401498166952,0.7936308687111272,,0.013870329299174687
P04,3,0ee7d7c5349dc71b8f60ee842000aca388d37688ba65a3d5028ad511f58611ed,skin,forehead,1,0,-1,0.9892287850379944,0.022642815485596657,0.775404691696167,,0.014281938783824444
P04,3,0ee7d7c5349dc71b8f60ee842000aca388d37688ba65a3d5028ad511f58611ed,skin,cheek_viewer_left,1,0,-1,0.9892287850379944,0.023502610623836517,0.8358781933784485,,0.013689111918210983
P04,3,0ee7d7c5349dc71b8f60ee842000aca388d37688ba65a3d5028ad511f58611ed,skin,cheek_viewer_right,1,0,-1,0.9892287850379944,0.02325708232820034,0.8048589825630188,,0.01286632101982832
P04,3,0ee7d7c5349dc71b8f60ee842000aca388d37688ba65a3d5028ad511f58611ed,face,whole_roi,3,0,-1,0.9947376847267151,0.029098980128765106,0.8208720088005066,0.07321377098560333,
P04,3,0ee7d7c5349dc71b8f60ee842000aca388d37688ba65a3d5028ad511f58611ed,skin,weighted_three_regions,3,0,-1,0.9947376847267151,0.022955401498166952,0.7936308687111272,,0.013870329299174687
P04,3,0ee7d7c5349dc71b8f60ee842000aca388d37688ba65a3d5028ad511f58611ed,skin,forehead,3,0,-1,0.9947376847267151,0.022642815485596657,0.775404691696167,,0.014281938783824444
P04,3,0ee7d7c5349dc71b8f60ee842000aca388d37688ba65a3d5028ad511f58611ed,skin,cheek_viewer_left,3,0,-1,0.9947376847267151,0.023502610623836517,0.8358781933784485,,0.013689111918210983
P04,3,0ee7d7c5349dc71b8f60ee842000aca388d37688ba65a3d5028ad511f58611ed,skin,cheek_viewer_right,3,0,-1,0.9947376847267151,0.02325708232820034,0.8048589825630188,,0.01286632101982832
P04,3,0ee7d7c5349dc71b8f60ee842000aca388d37688ba65a3d5028ad511f58611ed,face,whole_roi,6,0,-1,0.9965837597846985,0.029098980128765106,0.8208720088005066,0.07321377098560333,
P04,3,0ee7d7c5349dc71b8f60ee842000aca388d37688ba65a3d5028ad511f58611ed,skin,weighted_three_regions,6,0,-1,0.9965837597846985,0.022955401498166952,0.7936308687111272,,0.013870329299174687
P04,3,0ee7d7c5349dc71b8f60ee842000aca388d37688ba65a3d5028ad511f58611ed,skin,forehead,6,0,-1,0.9965837597846985,0.022642815485596657,0.775404691696167,,0.014281938783824444
P04,3,0ee7d7c5349dc71b8f60ee842000aca388d37688ba65a3d5028ad511f58611ed,skin,cheek_viewer_left,6,0,-1,0.9965837597846985,0.023502610623836517,0.8358781933784485,,0.013689111918210983
P04,3,0ee7d7c5349dc71b8f60ee842000aca388d37688ba65a3d5028ad511f58611ed,skin,cheek_viewer_right,6,0,-1,0.9965837597846985,0.02325708232820034,0.8048589825630188,,0.01286632101982832
P04,4,afb9ee34d297717f92888799c55bb475149d0e445f1efdbeeac4fa28eb84f067,face,whole_roi,fixed,0,0,,0.05544218793511391,0.71294766664505,0.12006574869155884,
P04,4,afb9ee34d297717f92888799c55bb475149d0e445f1efdbeeac4fa28eb84f067,skin,weighted_three_regions,fixed,0,0,,0.031390813525547,0.7675790251517782,,0.014702414921758805
P04,4,afb9ee34d297717f92888799c55bb475149d0e445f1efdbeeac4fa28eb84f067,skin,forehead,fixed,0,0,,0.027316750958561897,0.7509438991546631,,0.015303541906177998
P04,4,afb9ee34d297717f92888799c55bb475149d0e445f1efdbeeac4fa28eb84f067,skin,cheek_viewer_left,fixed,0,0,,0.03592782840132713,0.8108553290367126,,0.014208650216460228
P04,4,afb9ee34d297717f92888799c55bb475149d0e445f1efdbeeac4fa28eb84f067,skin,cheek_viewer_right,fixed,0,0,,0.03824210539460182,0.7723843455314636,,0.01349387876689434
P04,4,afb9ee34d297717f92888799c55bb475149d0e445f1efdbeeac4fa28eb84f067,face,whole_roi,1,-1,-2,0.9554542899131775,0.04820133373141289,0.7773118019104004,0.10510864853858948,
P04,4,afb9ee34d297717f92888799c55bb475149d0e445f1efdbeeac4fa28eb84f067,skin,weighted_three_regions,1,-1,-2,0.9554542899131775,0.030365245456204695,0.7578723795559942,,0.014557677080087802
P04,4,afb9ee34d297717f92888799c55bb475149d0e445f1efdbeeac4fa28eb84f067,skin,forehead,1,-1,-2,0.9554542899131775,0.026597529649734497,0.7384597659111023,,0.014778327196836472
P04,4,afb9ee34d297717f92888799c55bb475149d0e445f1efdbeeac4fa28eb84f067,skin,cheek_viewer_left,1,-1,-2,0.9554542899131775,0.03894249349832535,0.8033318519592285,,0.01457316242158413
P04,4,afb9ee34d297717f92888799c55bb475149d0e445f1efdbeeac4fa28eb84f067,skin,cheek_viewer_right,1,-1,-2,0.9554542899131775,0.03177229315042496,0.769298255443573,,0.013892753049731255
P04,4,afb9ee34d297717f92888799c55bb475149d0e445f1efdbeeac4fa28eb84f067,face,whole_roi,3,-1,-2,0.9633194804191589,0.04820133373141289,0.7773118019104004,0.10510864853858948,
P04,4,afb9ee34d297717f92888799c55bb475149d0e445f1efdbeeac4fa28eb84f067,skin,weighted_three_regions,3,-1,-2,0.9633194804191589,0.030365245456204695,0.7578723795559942,,0.014557677080087802
P04,4,afb9ee34d297717f92888799c55bb475149d0e445f1efdbeeac4fa28eb84f067,skin,forehead,3,-1,-2,0.9633194804191589,0.026597529649734497,0.7384597659111023,,0.014778327196836472
P04,4,afb9ee34d297717f92888799c55bb475149d0e445f1efdbeeac4fa28eb84f067,skin,cheek_viewer_left,3,-1,-2,0.9633194804191589,0.03894249349832535,0.8033318519592285,,0.01457316242158413
P04,4,afb9ee34d297717f92888799c55bb475149d0e445f1efdbeeac4fa28eb84f067,skin,cheek_viewer_right,3,-1,-2,0.9633194804191589,0.03177229315042496,0.769298255443573,,0.013892753049731255
P04,4,afb9ee34d297717f92888799c55bb475149d0e445f1efdbeeac4fa28eb84f067,face,whole_roi,6,-1,-3,0.9668495059013367,0.051172886043787,0.7440197467803955,0.10925644636154175,
P04,4,afb9ee34d297717f92888799c55bb475149d0e445f1efdbeeac4fa28eb84f067,skin,weighted_three_regions,6,-1,-3,0.9668495059013367,0.031265667797449756,0.7343382405897886,,0.015704513783840572
P04,4,afb9ee34d297717f92888799c55bb475149d0e445f1efdbeeac4fa28eb84f067,skin,forehead,6,-1,-3,0.9668495059013367,0.02865840680897236,0.7074368000030518,,0.016400940716266632
P04,4,afb9ee34d297717f92888799c55bb475149d0e445f1efdbeeac4fa28eb84f067,skin,cheek_viewer_left,6,-1,-3,0.9668495059013367,0.03786008432507515,0.7944393157958984,,0.01522928848862648
P04,4,afb9ee34d297717f92888799c55bb475149d0e445f1efdbeeac4fa28eb84f067,skin,cheek_viewer_right,6,-1,-3,0.9668495059013367,0.0314980186522007,0.7535126805305481,,0.014195460826158524
P04,5,cf4f8303118f133dba1077c06f10ddfccde01c0c8b7844ca935fc3772f19bfc5,face,whole_roi,fixed,0,0,,0.13240620493888855,0.4151075780391693,0.34183269739151,
P04,5,cf4f8303118f133dba1077c06f10ddfccde01c0c8b7844ca935fc3772f19bfc5,skin,weighted_three_regions,fixed,0,0,,0.0810307628705221,0.5604185429248181,,0.018706003030871644
P04,5,cf4f8303118f133dba1077c06f10ddfccde01c0c8b7844ca935fc3772f19bfc5,skin,forehead,fixed,0,0,,0.09863680601119995,0.5425423979759216,,0.020130572840571404
P04,5,cf4f8303118f133dba1077c06f10ddfccde01c0c8b7844ca935fc3772f19bfc5,skin,cheek_viewer_left,fixed,0,0,,0.058451779186725616,0.6113240122795105,,0.017344802618026733
P04,5,cf4f8303118f133dba1077c06f10ddfccde01c0c8b7844ca935fc3772f19bfc5,skin,cheek_viewer_right,fixed,0,0,,0.05476676672697067,0.560504674911499,,0.01605691947042942
P04,5,cf4f8303118f133dba1077c06f10ddfccde01c0c8b7844ca935fc3772f19bfc5,face,whole_roi,1,-1,21,0.9267175793647766,0.06295200437307358,0.7224617004394531,0.15251649916172028,
P04,5,cf4f8303118f133dba1077c06f10ddfccde01c0c8b7844ca935fc3772f19bfc5,skin,weighted_three_regions,1,-1,21,0.9267175793647766,0.035051135672804185,0.7252335289209566,,0.015935374496175964
P04,5,cf4f8303118f133dba1077c06f10ddfccde01c0c8b7844ca935fc3772f19bfc5,skin,forehead,1,-1,21,0.9267175793647766,0.03095228783786297,0.7074622511863708,,0.01624344289302826
P04,5,cf4f8303118f133dba1077c06f10ddfccde01c0c8b7844ca935fc3772f19bfc5,skin,cheek_viewer_left,1,-1,21,0.9267175793647766,0.043076738715171814,0.762382447719574,,0.01612752489745617
P04,5,cf4f8303118f133dba1077c06f10ddfccde01c0c8b7844ca935fc3772f19bfc5,skin,cheek_viewer_right,1,-1,21,0.9267175793647766,0.03805049881339073,0.7408475279808044,,0.014815171249210835
P04,5,cf4f8303118f133dba1077c06f10ddfccde01c0c8b7844ca935fc3772f19bfc5,face,whole_roi,3,-1,21,0.9360107779502869,0.06295200437307358,0.7224617004394531,0.15251649916172028,
P04,5,cf4f8303118f133dba1077c06f10ddfccde01c0c8b7844ca935fc3772f19bfc5,skin,weighted_three_regions,3,-1,21,0.9360107779502869,0.035051135672804185,0.7252335289209566,,0.015935374496175964
P04,5,cf4f8303118f133dba1077c06f10ddfccde01c0c8b7844ca935fc3772f19bfc5,skin,forehead,3,-1,21,0.9360107779502869,0.03095228783786297,0.7074622511863708,,0.01624344289302826
P04,5,cf4f8303118f133dba1077c06f10ddfccde01c0c8b7844ca935fc3772f19bfc5,skin,cheek_viewer_left,3,-1,21,0.9360107779502869,0.043076738715171814,0.762382447719574,,0.01612752489745617
P04,5,cf4f8303118f133dba1077c06f10ddfccde01c0c8b7844ca935fc3772f19bfc5,skin,cheek_viewer_right,3,-1,21,0.9360107779502869,0.03805049881339073,0.7408475279808044,,0.014815171249210835
P04,5,cf4f8303118f133dba1077c06f10ddfccde01c0c8b7844ca935fc3772f19bfc5,face,whole_roi,6,-1,20,0.942592203617096,0.06561541557312012,0.6983886361122131,0.1529621183872223,
P04,5,cf4f8303118f133dba1077c06f10ddfccde01c0c8b7844ca935fc3772f19bfc5,skin,weighted_three_regions,6,-1,20,0.942592203617096,0.035841023886904994,0.7188619207737023,,0.016241509578026392
P04,5,cf4f8303118f133dba1077c06f10ddfccde01c0c8b7844ca935fc3772f19bfc5,skin,forehead,6,-1,20,0.942592203617096,0.03311491757631302,0.6947121024131775,,0.017112072557210922
P04,5,cf4f8303118f133dba1077c06f10ddfccde01c0c8b7844ca935fc3772f19bfc5,skin,cheek_viewer_left,6,-1,20,0.942592203617096,0.04133468121290207,0.7761978507041931,,0.015406590886414051
P04,5,cf4f8303118f133dba1077c06f10ddfccde01c0c8b7844ca935fc3772f19bfc5,skin,cheek_viewer_right,6,-1,20,0.942592203617096,0.03766048327088356,0.732172429561615,,0.014626105315983295
P04,6,9662d6d1c973a43af15378d218c82e247ed10362330bcdbc3ad1366f2d1411ae,face,whole_roi,fixed,0,0,,0.13438569009304047,0.4023829996585846,0.3525209426879883,
P04,6,9662d6d1c973a43af15378d218c82e247ed10362330bcdbc3ad1366f2d1411ae,skin,weighted_three_regions,fixed,0,0,,0.08738543610800716,0.5387915015407784,,0.019693759405875907
P04,6,9662d6d1c973a43af15378d218c82e247ed10362330bcdbc3ad1366f2d1411ae,skin,forehead,fixed,0,0,,0.10651805996894836,0.5176070332527161,,0.021290205419063568
P04,6,9662d6d1c973a43af15378d218c82e247ed10362330bcdbc3ad1366f2d1411ae,skin,cheek_viewer_left,fixed,0,0,,0.06039441004395485,0.597356379032135,,0.01824275217950344
P04,6,9662d6d1c973a43af15378d218c82e247ed10362330bcdbc3ad1366f2d1411ae,skin,cheek_viewer_right,fixed,0,0,,0.06160520017147064,0.5409262180328369,,0.01664133369922638
P04,6,9662d6d1c973a43af15378d218c82e247ed10362330bcdbc3ad1366f2d1411ae,face,whole_roi,1,-1,21,0.9235070943832397,0.0668826773762703,0.6964426040649414,0.16892492771148682,
P04,6,9662d6d1c973a43af15378d218c82e247ed10362330bcdbc3ad1366f2d1411ae,skin,weighted_three_regions,1,-1,21,0.9235070943832397,0.04068127771949067,0.7021230996310056,,0.016489399689085343
P04,6,9662d6d1c973a43af15378d218c82e247ed10362330bcdbc3ad1366f2d1411ae,skin,forehead,1,-1,21,0.9235070943832397,0.036089569330215454,0.6844403743743896,,0.016625991091132164
P04,6,9662d6d1c973a43af15378d218c82e247ed10362330bcdbc3ad1366f2d1411ae,skin,cheek_viewer_left,1,-1,21,0.9235070943832397,0.04568679258227348,0.7624767422676086,,0.016251498833298683
P04,6,9662d6d1c973a43af15378d218c82e247ed10362330bcdbc3ad1366f2d1411ae,skin,cheek_viewer_right,1,-1,21,0.9235070943832397,0.04852455109357834,0.6906710267066956,,0.0163562074303627
P04,6,9662d6d1c973a43af15378d218c82e247ed10362330bcdbc3ad1366f2d1411ae,face,whole_roi,3,-1,21,0.9337500333786011,0.0668826773762703,0.6964426040649414,0.16892492771148682,
P04,6,9662d6d1c973a43af15378d218c82e247ed10362330bcdbc3ad1366f2d1411ae,skin,weighted_three_regions,3,-1,21,0.9337500333786011,0.04068127771949067,0.7021230996310056,,0.016489399689085343
P04,6,9662d6d1c973a43af15378d218c82e247ed10362330bcdbc3ad1366f2d1411ae,skin,forehead,3,-1,21,0.9337500333786011,0.036089569330215454,0.6844403743743896,,0.016625991091132164
P04,6,9662d6d1c973a43af15378d218c82e247ed10362330bcdbc3ad1366f2d1411ae,skin,cheek_viewer_left,3,-1,21,0.9337500333786011,0.04568679258227348,0.7624767422676086,,0.016251498833298683
P04,6,9662d6d1c973a43af15378d218c82e247ed10362330bcdbc3ad1366f2d1411ae,skin,cheek_viewer_right,3,-1,21,0.9337500333786011,0.04852455109357834,0.6906710267066956,,0.0163562074303627
P04,6,9662d6d1c973a43af15378d218c82e247ed10362330bcdbc3ad1366f2d1411ae,face,whole_roi,6,-1,20,0.9407823085784912,0.06884182244539261,0.6803510189056396,0.17003434896469116,
P04,6,9662d6d1c973a43af15378d218c82e247ed10362330bcdbc3ad1366f2d1411ae,skin,weighted_three_regions,6,-1,20,0.9407823085784912,0.041398308728547654,0.6916046496276017,,0.016832392401993274
P04,6,9662d6d1c973a43af15378d218c82e247ed10362330bcdbc3ad1366f2d1411ae,skin,forehead,6,-1,20,0.9407823085784912,0.0381348691880703,0.6694737076759338,,0.017262089997529984
P04,6,9662d6d1c973a43af15378d218c82e247ed10362330bcdbc3ad1366f2d1411ae,skin,cheek_viewer_left,6,-1,20,0.9407823085784912,0.04420582950115204,0.7635096907615662,,0.016242532059550285
P04,6,9662d6d1c973a43af15378d218c82e247ed10362330bcdbc3ad1366f2d1411ae,skin,cheek_viewer_right,6,-1,20,0.9407823085784912,0.04781648889183998,0.6814613342285156,,0.016235027462244034
P04,7,fd58722931d848508495c724a296326087beaec3a61ae834860fc62c5e24cbe5,face,whole_roi,fixed,0,0,,0.13611829280853271,0.4022347033023834,0.3479330241680145,
P04,7,fd58722931d848508495c724a296326087beaec3a61ae834860fc62c5e24cbe5,skin,weighted_three_regions,fixed,0,0,,0.08726624202202349,0.56934345395449,,0.01805604071739842
P04,7,fd58722931d848508495c724a296326087beaec3a61ae834860fc62c5e24cbe5,skin,forehead,fixed,0,0,,0.10553202033042908,0.5543803572654724,,0.01884985901415348
P04,7,fd58722931d848508495c724a296326087beaec3a61ae834860fc62c5e24cbe5,skin,cheek_viewer_left,fixed,0,0,,0.060690946877002716,0.6195408701896667,,0.017959507182240486
P04,7,fd58722931d848508495c724a296326087beaec3a61ae834860fc62c5e24cbe5,skin,cheek_viewer_right,fixed,0,0,,0.06356208771467209,0.5606608986854553,,0.01583516225218773
P04,7,fd58722931d848508495c724a296326087beaec3a61ae834860fc62c5e24cbe5,face,whole_roi,1,-1,21,0.9213961362838745,0.06988504528999329,0.6864304542541504,0.1652376651763916,
P04,7,fd58722931d848508495c724a296326087beaec3a61ae834860fc62c5e24cbe5,skin,weighted_three_regions,1,-1,21,0.9213961362838745,0.04551057242733591,0.6986924421094838,,0.016526702982099618
P04,7,fd58722931d848508495c724a296326087beaec3a61ae834860fc62c5e24cbe5,skin,forehead,1,-1,21,0.9213961362838745,0.038315169513225555,0.6848674416542053,,0.016651509329676628
P04,7,fd58722931d848508495c724a296326087beaec3a61ae834860fc62c5e24cbe5,skin,cheek_viewer_left,1,-1,21,0.9213961362838745,0.05623076483607292,0.7326866984367371,,0.016900718212127686
P04,7,fd58722931d848508495c724a296326087beaec3a61ae834860fc62c5e24cbe5,skin,cheek_viewer_right,1,-1,21,0.9213961362838745,0.0545654371380806,0.704960823059082,,0.015739688649773598
P04,7,fd58722931d848508495c724a296326087beaec3a61ae834860fc62c5e24cbe5,face,whole_roi,3,-1,21,0.93198561668396,0.06988504528999329,0.6864304542541504,0.1652376651763916,
P04,7,fd58722931d848508495c724a296326087beaec3a61ae834860fc62c5e24cbe5,skin,weighted_three_regions,3,-1,21,0.93198561668396,0.04551057242733591,0.6986924421094838,,0.016526702982099618
P04,7,fd58722931d848508495c724a296326087beaec3a61ae834860fc62c5e24cbe5,skin,forehead,3,-1,21,0.93198561668396,0.038315169513225555,0.6848674416542053,,0.016651509329676628
P04,7,fd58722931d848508495c724a296326087beaec3a61ae834860fc62c5e24cbe5,skin,cheek_viewer_left,3,-1,21,0.93198561668396,0.05623076483607292,0.7326866984367371,,0.016900718212127686
P04,7,fd58722931d848508495c724a296326087beaec3a61ae834860fc62c5e24cbe5,skin,cheek_viewer_right,3,-1,21,0.93198561668396,0.0545654371380806,0.704960823059082,,0.015739688649773598
P04,7,fd58722931d848508495c724a296326087beaec3a61ae834860fc62c5e24cbe5,face,whole_roi,6,-1,20,0.939521312713623,0.07150953263044357,0.675100564956665,0.16494722664356232,
P04,7,fd58722931d848508495c724a296326087beaec3a61ae834860fc62c5e24cbe5,skin,weighted_three_regions,6,-1,20,0.939521312713623,0.04589792680214433,0.6948477738131907,,0.016491412288125822
P04,7,fd58722931d848508495c724a296326087beaec3a61ae834860fc62c5e24cbe5,skin,forehead,6,-1,20,0.939521312713623,0.0401553139090538,0.6760751605033875,,0.016934122890233994
P04,7,fd58722931d848508495c724a296326087beaec3a61ae834860fc62c5e24cbe5,skin,cheek_viewer_left,6,-1,20,0.939521312713623,0.05427689850330353,0.7484919428825378,,0.01607230305671692
P04,7,fd58722931d848508495c724a296326087beaec3a61ae834860fc62c5e24cbe5,skin,cheek_viewer_right,6,-1,20,0.939521312713623,0.0533234179019928,0.6947237849235535,,0.015663765370845795
P04,8,3e58666b152e5e221b60c1cee61fecdcca9b61879139535256189fcbb954ba6c,face,whole_roi,fixed,0,0,,0.13804741203784943,0.3897973299026489,0.3590282201766968,
P04,8,3e58666b152e5e221b60c1cee61fecdcca9b61879139535256189fcbb954ba6c,skin,weighted_three_regions,fixed,0,0,,0.0956259143878432,0.5321569049751366,,0.019551308775211083
P04,8,3e58666b152e5e221b60c1cee61fecdcca9b61879139535256189fcbb954ba6c,skin,forehead,fixed,0,0,,0.11571842432022095,0.5157774090766907,,0.020352715626358986
P04,8,3e58666b152e5e221b60c1cee61fecdcca9b61879139535256189fcbb954ba6c,skin,cheek_viewer_left,fixed,0,0,,0.0631505697965622,0.5896592140197754,,0.019537661224603653
P04,8,3e58666b152e5e221b60c1cee61fecdcca9b61879139535256189fcbb954ba6c,skin,cheek_viewer_right,fixed,0,0,,0.07319872826337814,0.5197064280509949,,0.01721491478383541
P04,8,3e58666b152e5e221b60c1cee61fecdcca9b61879139535256189fcbb954ba6c,face,whole_roi,1,-1,21,0.9243645668029785,0.07338233292102814,0.6560167670249939,0.1850573867559433,
P04,8,3e58666b152e5e221b60c1cee61fecdcca9b61879139535256189fcbb954ba6c,skin,weighted_three_regions,1,-1,21,0.9243645668029785,0.05316128437133397,0.667238110650091,,0.01763043913990259
P04,8,3e58666b152e5e221b60c1cee61fecdcca9b61879139535256189fcbb954ba6c,skin,forehead,1,-1,21,0.9243645668029785,0.04572412371635437,0.6600773334503174,,0.017433682456612587
P04,8,3e58666b152e5e221b60c1cee61fecdcca9b61879139535256189fcbb954ba6c,skin,cheek_viewer_left,1,-1,21,0.9243645668029785,0.061999864876270294,0.6936396956443787,,0.01824834942817688
P04,8,3e58666b152e5e221b60c1cee61fecdcca9b61879139535256189fcbb954ba6c,skin,cheek_viewer_right,1,-1,21,0.9243645668029785,0.0650424063205719,0.6603379845619202,,0.017512677237391472
P04,8,3e58666b152e5e221b60c1cee61fecdcca9b61879139535256189fcbb954ba6c,face,whole_roi,3,-1,21,0.9364189505577087,0.07338233292102814,0.6560167670249939,0.1850573867559433,
P04,8,3e58666b152e5e221b60c1cee61fecdcca9b61879139535256189fcbb954ba6c,skin,weighted_three_regions,3,-1,21,0.9364189505577087,0.05316128437133397,0.667238110650091,,0.01763043913990259
P04,8,3e58666b152e5e221b60c1cee61fecdcca9b61879139535256189fcbb954ba6c,skin,forehead,3,-1,21,0.9364189505577087,0.04572412371635437,0.6600773334503174,,0.017433682456612587
P04,8,3e58666b152e5e221b60c1cee61fecdcca9b61879139535256189fcbb954ba6c,skin,cheek_viewer_left,3,-1,21,0.9364189505577087,0.061999864876270294,0.6936396956443787,,0.01824834942817688
P04,8,3e58666b152e5e221b60c1cee61fecdcca9b61879139535256189fcbb954ba6c,skin,cheek_viewer_right,3,-1,21,0.9364189505577087,0.0650424063205719,0.6603379845619202,,0.017512677237391472
P04,8,3e58666b152e5e221b60c1cee61fecdcca9b61879139535256189fcbb954ba6c,face,whole_roi,6,-1,21,0.9442221522331238,0.07338233292102814,0.6560167670249939,0.1850573867559433,
P04,8,3e58666b152e5e221b60c1cee61fecdcca9b61879139535256189fcbb954ba6c,skin,weighted_three_regions,6,-1,21,0.9442221522331238,0.05316128437133397,0.667238110650091,,0.01763043913990259
P04,8,3e58666b152e5e221b60c1cee61fecdcca9b61879139535256189fcbb954ba6c,skin,forehead,6,-1,21,0.9442221522331238,0.04572412371635437,0.6600773334503174,,0.017433682456612587
P04,8,3e58666b152e5e221b60c1cee61fecdcca9b61879139535256189fcbb954ba6c,skin,cheek_viewer_left,6,-1,21,0.9442221522331238,0.061999864876270294,0.6936396956443787,,0.01824834942817688
P04,8,3e58666b152e5e221b60c1cee61fecdcca9b61879139535256189fcbb954ba6c,skin,cheek_viewer_right,6,-1,21,0.9442221522331238,0.0650424063205719,0.6603379845619202,,0.017512677237391472
P04,9,69dd6819343740ae5cb234dcec7dd78d7998ba197a3a1b2da94a459382353519,face,whole_roi,fixed,0,0,,0.1399747133255005,0.3754703104496002,0.3721795082092285,
P04,9,69dd6819343740ae5cb234dcec7dd78d7998ba197a3a1b2da94a459382353519,skin,weighted_three_regions,fixed,0,0,,0.10071856975117151,0.5004431288601652,,0.021060138309703155
P04,9,69dd6819343740ae5cb234dcec7dd78d7998ba197a3a1b2da94a459382353519,skin,forehead,fixed,0,0,,0.12352675944566727,0.48373115062713623,,0.0218044463545084
P04,9,69dd6819343740ae5cb234dcec7dd78d7998ba197a3a1b2da94a459382353519,skin,cheek_viewer_left,fixed,0,0,,0.059931013733148575,0.5556766986846924,,0.021213596686720848
P04,9,69dd6819343740ae5cb234dcec7dd78d7998ba197a3a1b2da94a459382353519,skin,cheek_viewer_right,fixed,0,0,,0.0796733945608139,0.4917044937610626,,0.018703307956457138
P04,9,69dd6819343740ae5cb234dcec7dd78d7998ba197a3a1b2da94a459382353519,face,whole_roi,1,-1,21,0.92011958360672,0.07663470506668091,0.6262993812561035,0.2066776007413864,
P04,9,69dd6819343740ae5cb234dcec7dd78d7998ba197a3a1b2da94a459382353519,skin,weighted_three_regions,1,-1,21,0.92011958360672,0.05772626144482809,0.6329337176011534,,0.01912354698733372
P04,9,69dd6819343740ae5cb234dcec7dd78d7998ba197a3a1b2da94a459382353519,skin,forehead,1,-1,21,0.92011958360672,0.05269823595881462,0.6229743361473083,,0.018805691972374916
P04,9,69dd6819343740ae5cb234dcec7dd78d7998ba197a3a1b2da94a459382353519,skin,cheek_viewer_left,1,-1,21,0.92011958360672,0.060415156185626984,0.6721291542053223,,0.01983494684100151
P04,9,69dd6819343740ae5cb234dcec7dd78d7998ba197a3a1b2da94a459382353519,skin,cheek_viewer_right,1,-1,21,0.92011958360672,0.06945611536502838,0.6204805374145508,,0.019255975261330605
P04,9,69dd6819343740ae5cb234dcec7dd78d7998ba197a3a1b2da94a459382353519,face,whole_roi,3,-1,21,0.9342830777168274,0.07663470506668091,0.6262993812561035,0.2066776007413864,
P04,9,69dd6819343740ae5cb234dcec7dd78d7998ba197a3a1b2da94a459382353519,skin,weighted_three_regions,3,-1,21,0.9342830777168274,0.05772626144482809,0.6329337176011534,,0.01912354698733372
P04,9,69dd6819343740ae5cb234dcec7dd78d7998ba197a3a1b2da94a459382353519,skin,forehead,3,-1,21,0.9342830777168274,0.05269823595881462,0.6229743361473083,,0.018805691972374916
P04,9,69dd6819343740ae5cb234dcec7dd78d7998ba197a3a1b2da94a459382353519,skin,cheek_viewer_left,3,-1,21,0.9342830777168274,0.060415156185626984,0.6721291542053223,,0.01983494684100151
P04,9,69dd6819343740ae5cb234dcec7dd78d7998ba197a3a1b2da94a459382353519,skin,cheek_viewer_right,3,-1,21,0.9342830777168274,0.06945611536502838,0.6204805374145508,,0.019255975261330605
P04,9,69dd6819343740ae5cb234dcec7dd78d7998ba197a3a1b2da94a459382353519,face,whole_roi,6,-1,20,0.94312983751297,0.07724126428365707,0.6266276240348816,0.20571331679821014,
P04,9,69dd6819343740ae5cb234dcec7dd78d7998ba197a3a1b2da94a459382353519,skin,weighted_three_regions,6,-1,20,0.94312983751297,0.05815282762488898,0.6320379398868446,,0.018981565690654165
P04,9,69dd6819343740ae5cb234dcec7dd78d7998ba197a3a1b2da94a459382353519,skin,forehead,6,-1,20,0.94312983751297,0.054765742272138596,0.6197376847267151,,0.01873180642724037
P04,9,69dd6819343740ae5cb234dcec7dd78d7998ba197a3a1b2da94a459382353519,skin,cheek_viewer_left,6,-1,20,0.94312983751297,0.05836791545152664,0.6861205697059631,,0.01953265257179737
P04,9,69dd6819343740ae5cb234dcec7dd78d7998ba197a3a1b2da94a459382353519,skin,cheek_viewer_right,6,-1,20,0.94312983751297,0.06785033643245697,0.6101101040840149,,0.019094517454504967
P04,10,5aa04a5c54be19bcc2bb750402d42bffcc8fb6dd4fc1d7d85ded4388fe163b08,face,whole_roi,fixed,0,0,,0.2195051908493042,0.24451230466365814,0.45022645592689514,
P04,10,5aa04a5c54be19bcc2bb750402d42bffcc8fb6dd4fc1d7d85ded4388fe163b08,skin,weighted_three_regions,fixed,0,0,,0.10783064869396827,0.45691502258017824,,0.02303265930098646
P04,10,5aa04a5c54be19bcc2bb750402d42bffcc8fb6dd4fc1d7d85ded4388fe163b08,skin,forehead,fixed,0,0,,0.13005973398685455,0.43937110900878906,,0.023569004610180855
P04,10,5aa04a5c54be19bcc2bb750402d42bffcc8fb6dd4fc1d7d85ded4388fe163b08,skin,cheek_viewer_left,fixed,0,0,,0.06545890122652054,0.5050480961799622,,0.02401409111917019
P04,10,5aa04a5c54be19bcc2bb750402d42bffcc8fb6dd4fc1d7d85ded4388fe163b08,skin,cheek_viewer_right,fixed,0,0,,0.09026708453893661,0.45910683274269104,,0.020354630425572395
P04,10,5aa04a5c54be19bcc2bb750402d42bffcc8fb6dd4fc1d7d85ded4388fe163b08,face,whole_roi,1,-2,21,0.6438362002372742,0.1685907393693924,0.45527195930480957,0.3084413409233093,
P04,10,5aa04a5c54be19bcc2bb750402d42bffcc8fb6dd4fc1d7d85ded4388fe163b08,skin,weighted_three_regions,1,-2,21,0.6438362002372742,0.06773394954993445,0.595055197527869,,0.020928834128905744
P04,10,5aa04a5c54be19bcc2bb750402d42bffcc8fb6dd4fc1d7d85ded4388fe163b08,skin,forehead,1,-2,21,0.6438362002372742,0.06162649765610695,0.5871418118476868,,0.0203388724476099
P04,10,5aa04a5c54be19bcc2bb750402d42bffcc8fb6dd4fc1d7d85ded4388fe163b08,skin,cheek_viewer_left,1,-2,21,0.6438362002372742,0.07468098402023315,0.6322973370552063,,0.022637145593762398
P04,10,5aa04a5c54be19bcc2bb750402d42bffcc8fb6dd4fc1d7d85ded4388fe163b08,skin,cheek_viewer_right,1,-2,21,0.6438362002372742,0.07784099876880646,0.5781232714653015,,0.02073824033141136
P04,10,5aa04a5c54be19bcc2bb750402d42bffcc8fb6dd4fc1d7d85ded4388fe163b08,face,whole_roi,3,-2,20,0.646213173866272,0.17004646360874176,0.44831743836402893,0.3121553361415863,
P04,10,5aa04a5c54be19bcc2bb750402d42bffcc8fb6dd4fc1d7d85ded4388fe163b08,skin,weighted_three_regions,3,-2,20,0.646213173866272,0.06848443353000809,0.5969447618938128,,0.02070434969795101
P04,10,5aa04a5c54be19bcc2bb750402d42bffcc8fb6dd4fc1d7d85ded4388fe163b08,skin,forehead,3,-2,20,0.646213173866272,0.0643167793750763,0.5831547379493713,,0.02042430266737938
P04,10,5aa04a5c54be19bcc2bb750402d42bffcc8fb6dd4fc1d7d85ded4388fe163b08,skin,cheek_viewer_left,3,-2,20,0.646213173866272,0.07250320166349411,0.6576424241065979,,0.021665209904313087
P04,10,5aa04a5c54be19bcc2bb750402d42bffcc8fb6dd4fc1d7d85ded4388fe163b08,skin,cheek_viewer_right,3,-2,20,0.646213173866272,0.07619339972734451,0.5722864270210266,,0.020445186644792557
P04,10,5aa04a5c54be19bcc2bb750402d42bffcc8fb6dd4fc1d7d85ded4388fe163b08,face,whole_roi,6,-2,19,0.6412543058395386,0.17297334969043732,0.4228728115558624,0.31534087657928467,
P04,10,5aa04a5c54be19bcc2bb750402d42bffcc8fb6dd4fc1d7d85ded4388fe163b08,skin,weighted_three_regions,6,-2,19,0.6412543058395386,0.06957824083812096,0.5889859016125019,,0.020871281851740444
P04,10,5aa04a5c54be19bcc2bb750402d42bffcc8fb6dd4fc1d7d85ded4388fe163b08,skin,forehead,6,-2,19,0.6412543058395386,0.06738124787807465,0.5682223439216614,,0.02067907154560089
P04,10,5aa04a5c54be19bcc2bb750402d42bffcc8fb6dd4fc1d7d85ded4388fe163b08,skin,cheek_viewer_left,6,-2,19,0.6412543058395386,0.07054328173398972,0.6690869927406311,,0.021585509181022644
P04,10,5aa04a5c54be19bcc2bb750402d42bffcc8fb6dd4fc1d7d85ded4388fe163b08,skin,cheek_viewer_right,6,-2,19,0.6412543058395386,0.07493969798088074,0.5648860931396484,,0.02063182182610035
P05,1,6d9106aa3aadeeb985b1878c5509ce0f5da341b972cfbce4be9c79454841b09d,face,whole_roi,fixed,0,0,,0.015822634100914,0.8821151256561279,0.048692625015974045,
P05,1,6d9106aa3aadeeb985b1878c5509ce0f5da341b972cfbce4be9c79454841b09d,face,whole_roi,1,0,0,0.9934321641921997,0.015822634100914,0.8821151256561279,0.048692625015974045,
P05,1,6d9106aa3aadeeb985b1878c5509ce0f5da341b972cfbce4be9c79454841b09d,face,whole_roi,3,0,0,0.9973035454750061,0.015822634100914,0.8821151256561279,0.048692625015974045,
P05,1,6d9106aa3aadeeb985b1878c5509ce0f5da341b972cfbce4be9c79454841b09d,face,whole_roi,6,-1,0,0.9985371828079224,0.017926130443811417,0.8482168316841125,0.050030529499053955,
P05,2,f6f9652b5ac951928b29a122fdc799834db4acc6f9830732f5c09925e77bf305,face,whole_roi,fixed,0,0,,0.022392643615603447,0.815277099609375,0.06950265914201736,
P05,2,f6f9652b5ac951928b29a122fdc799834db4acc6f9830732f5c09925e77bf305,face,whole_roi,1,-1,-1,0.9898349046707153,0.019868647679686546,0.8376884460449219,0.06536561995744705,
P05,2,f6f9652b5ac951928b29a122fdc799834db4acc6f9830732f5c09925e77bf305,face,whole_roi,3,-1,-1,0.9949600100517273,0.019868647679686546,0.8376884460449219,0.06536561995744705,
P05,2,f6f9652b5ac951928b29a122fdc799834db4acc6f9830732f5c09925e77bf305,face,whole_roi,6,-1,-1,0.9966908097267151,0.019868647679686546,0.8376884460449219,0.06536561995744705,
P05,3,5590e5c30ece7661bb1ac2d39e4c4d14f0c2dd48f62302623e4b03c967374eef,face,whole_roi,fixed,0,0,,0.0282905176281929,0.7789292335510254,0.09390426427125931,
P05,3,5590e5c30ece7661bb1ac2d39e4c4d14f0c2dd48f62302623e4b03c967374eef,face,whole_roi,1,-1,-1,0.9828845262527466,0.025175461545586586,0.8120314478874207,0.0889648050069809,
P05,3,5590e5c30ece7661bb1ac2d39e4c4d14f0c2dd48f62302623e4b03c967374eef,face,whole_roi,3,-1,0,0.9907810688018799,0.025098266080021858,0.813166618347168,0.08551110327243805,
P05,3,5590e5c30ece7661bb1ac2d39e4c4d14f0c2dd48f62302623e4b03c967374eef,face,whole_roi,6,-2,0,0.9938997626304626,0.02563704364001751,0.8040394186973572,0.087386354804039,
P05,4,9b1a43ca55185dd3d4b046d97d01afd48996708f2781878e37527aae66ea7709,face,whole_roi,fixed,0,0,,0.04256638512015343,0.6973174214363098,0.13186918199062347,
P05,4,9b1a43ca55185dd3d4b046d97d01afd48996708f2781878e37527aae66ea7709,face,whole_roi,1,-2,0,0.9163264632225037,0.035658098757267,0.7770125269889832,0.11754801869392395,
P05,4,9b1a43ca55185dd3d4b046d97d01afd48996708f2781878e37527aae66ea7709,face,whole_roi,3,-2,-1,0.9296634793281555,0.03669387847185135,0.761134922504425,0.12161270529031754,
P05,4,9b1a43ca55185dd3d4b046d97d01afd48996708f2781878e37527aae66ea7709,face,whole_roi,6,-2,-2,0.93825364112854,0.03944957256317139,0.7294378280639648,0.12546426057815552,
P05,5,b29fc97456cd3f84f2b43093ccea9d3fe5702bb55f1d94c8be875da01a4b1130,face,whole_roi,fixed,0,0,,0.13363569974899292,0.41188350319862366,0.43358439207077026,
P05,5,b29fc97456cd3f84f2b43093ccea9d3fe5702bb55f1d94c8be875da01a4b1130,face,whole_roi,1,-3,35,0.7568274736404419,0.0808720588684082,0.6381780505180359,0.19190973043441772,
P05,5,b29fc97456cd3f84f2b43093ccea9d3fe5702bb55f1d94c8be875da01a4b1130,face,whole_roi,3,-3,34,0.7691307067871094,0.08119811117649078,0.6378839612007141,0.18988880515098572,
P05,5,b29fc97456cd3f84f2b43093ccea9d3fe5702bb55f1d94c8be875da01a4b1130,face,whole_roi,6,-5,34,0.7796199321746826,0.0849856287240982,0.5857078433036804,0.19822123646736145,
P05,6,a47813f7d3aefc2c386f4384c503c27678447332af629c936c3fe5295902e42b,face,whole_roi,fixed,0,0,,0.13394500315189362,0.40122947096824646,0.4366246163845062,
P05,6,a47813f7d3aefc2c386f4384c503c27678447332af629c936c3fe5295902e42b,face,whole_roi,1,-3,34,0.7545720934867859,0.08364389836788177,0.6131631731987,0.20740550756454468,
P05,6,a47813f7d3aefc2c386f4384c503c27678447332af629c936c3fe5295902e42b,face,whole_roi,3,-4,34,0.7697000503540039,0.08458177000284195,0.6022471785545349,0.20826023817062378,
P05,6,a47813f7d3aefc2c386f4384c503c27678447332af629c936c3fe5295902e42b,face,whole_roi,6,-5,34,0.780839741230011,0.08682116121053696,0.5684162974357605,0.2144228219985962,
P05,7,824ca468c306cdae41af869c08bed8c0e10c4e1707bc2c9e74fce91fca53ab1a,face,whole_roi,fixed,0,0,,0.13378362357616425,0.3929974138736725,0.44054850935935974,
P05,7,824ca468c306cdae41af869c08bed8c0e10c4e1707bc2c9e74fce91fca53ab1a,face,whole_roi,1,-3,34,0.756399929523468,0.08607164770364761,0.5934911966323853,0.21531081199645996,
P05,7,824ca468c306cdae41af869c08bed8c0e10c4e1707bc2c9e74fce91fca53ab1a,face,whole_roi,3,-4,34,0.7731495499610901,0.08676925301551819,0.5858847498893738,0.21692466735839844,
P05,7,824ca468c306cdae41af869c08bed8c0e10c4e1707bc2c9e74fce91fca53ab1a,face,whole_roi,6,-5,34,0.7852716445922852,0.08866829425096512,0.5572678446769714,0.22305899858474731,
P05,8,5952565501716b3ad06bbbd5e9d307c65ce548f0ed2c5e3aae046a7912bc4f37,face,whole_roi,fixed,0,0,,0.13546288013458252,0.3777247965335846,0.45329034328460693,
P05,8,5952565501716b3ad06bbbd5e9d307c65ce548f0ed2c5e3aae046a7912bc4f37,face,whole_roi,1,-3,34,0.7505800724029541,0.08831309527158737,0.5596904754638672,0.23725050687789917,
P05,8,5952565501716b3ad06bbbd5e9d307c65ce548f0ed2c5e3aae046a7912bc4f37,face,whole_roi,3,-4,34,0.7718136310577393,0.08829323947429657,0.5617552399635315,0.24069203436374664,
P05,8,5952565501716b3ad06bbbd5e9d307c65ce548f0ed2c5e3aae046a7912bc4f37,face,whole_roi,6,-5,34,0.7854112386703491,0.08953006565570831,0.5422341227531433,0.24703598022460938,
P05,9,2ecf2d7404183ed9e9888331c55941bf86fceff3e4b66019dfe448122475a1fe,face,whole_roi,fixed,0,0,,0.13451658189296722,0.37728404998779297,0.45400717854499817,
P05,9,2ecf2d7404183ed9e9888331c55941bf86fceff3e4b66019dfe448122475a1fe,face,whole_roi,1,-4,34,0.7515829205513,0.08961238712072372,0.5550453066825867,0.24725058674812317,
P05,9,2ecf2d7404183ed9e9888331c55941bf86fceff3e4b66019dfe448122475a1fe,face,whole_roi,3,-4,34,0.7739935517311096,0.08961238712072372,0.5550453066825867,0.24725058674812317,
P05,9,2ecf2d7404183ed9e9888331c55941bf86fceff3e4b66019dfe448122475a1fe,face,whole_roi,6,-5,34,0.7888574004173279,0.09049186110496521,0.5396023392677307,0.2518075108528137,
P05,10,d9f6bb7cb333570fa80e508e444b49db0e1cde91640e19f363e7c17b18ebc3f1,face,whole_roi,fixed,0,0,,0.24122847616672516,0.24444396793842316,0.5315648317337036,
P05,10,d9f6bb7cb333570fa80e508e444b49db0e1cde91640e19f363e7c17b18ebc3f1,face,whole_roi,1,43,31,0.5758822560310364,0.2290075719356537,0.24665673077106476,0.6196185350418091,
P05,10,d9f6bb7cb333570fa80e508e444b49db0e1cde91640e19f363e7c17b18ebc3f1,face,whole_roi,3,42,31,0.6195735335350037,0.22841043770313263,0.24880069494247437,0.6137474775314331,
P05,10,d9f6bb7cb333570fa80e508e444b49db0e1cde91640e19f363e7c17b18ebc3f1,face,whole_roi,6,41,30,0.6697098016738892,0.2281481921672821,0.24800169467926025,0.6095815896987915,
P06,1,5d52a0d716c9c76ad725e99e9910eb81a8db5770702f0e8e02e69aafd5818e14,face,whole_roi,fixed,0,0,,0.016039207577705383,0.8770872950553894,0.052219681441783905,
P06,1,5d52a0d716c9c76ad725e99e9910eb81a8db5770702f0e8e02e69aafd5818e14,face,whole_roi,1,0,0,0.9951686859130859,0.016039207577705383,0.8770872950553894,0.052219681441783905,
P06,1,5d52a0d716c9c76ad725e99e9910eb81a8db5770702f0e8e02e69aafd5818e14,face,whole_roi,3,0,0,0.9981004595756531,0.016039207577705383,0.8770872950553894,0.052219681441783905,
P06,1,5d52a0d716c9c76ad725e99e9910eb81a8db5770702f0e8e02e69aafd5818e14,face,whole_roi,6,0,0,0.9988612532615662,0.016039207577705383,0.8770872950553894,0.052219681441783905,
P06,2,3b0dd622f8fe7c0ce8b4fb8173e2cf7f414d37dfc02b5b5ed5218ee1b7e428aa,face,whole_roi,fixed,0,0,,0.022228486835956573,0.8333027362823486,0.07619599997997284,
P06,2,3b0dd622f8fe7c0ce8b4fb8173e2cf7f414d37dfc02b5b5ed5218ee1b7e428aa,face,whole_roi,1,0,-1,0.9915294647216797,0.021894685924053192,0.8323414325714111,0.07550738751888275,
P06,2,3b0dd622f8fe7c0ce8b4fb8173e2cf7f414d37dfc02b5b5ed5218ee1b7e428aa,face,whole_roi,3,0,-1,0.9955565333366394,0.021894685924053192,0.8323414325714111,0.07550738751888275,
P06,2,3b0dd622f8fe7c0ce8b4fb8173e2cf7f414d37dfc02b5b5ed5218ee1b7e428aa,face,whole_roi,6,0,0,0.996810257434845,0.022228486835956573,0.8333027362823486,0.07619599997997284,
P06,3,fbbc2f2a6163d555e1cfe9aa8bd0b836abb7242576e8e31f189650aa2a3a61dd,face,whole_roi,fixed,0,0,,0.02911248989403248,0.7905220985412598,0.0997520461678505,
P06,3,fbbc2f2a6163d555e1cfe9aa8bd0b836abb7242576e8e31f189650aa2a3a61dd,face,whole_roi,1,0,-1,0.9863941669464111,0.027665546163916588,0.802544891834259,0.10038287937641144,
P06,3,fbbc2f2a6163d555e1cfe9aa8bd0b836abb7242576e8e31f189650aa2a3a61dd,face,whole_roi,3,0,-1,0.9917398691177368,0.027665546163916588,0.802544891834259,0.10038287937641144,
P06,3,fbbc2f2a6163d555e1cfe9aa8bd0b836abb7242576e8e31f189650aa2a3a61dd,face,whole_roi,6,0,-1,0.9935939908027649,0.027665546163916588,0.802544891834259,0.10038287937641144,
P06,4,999c822946c3ba0b1ba32398cf2aee0200536848c685cf8da8c0fc439dc5ea0c,face,whole_roi,fixed,0,0,,0.04030841961503029,0.7304844260215759,0.14814046025276184,
P06,4,999c822946c3ba0b1ba32398cf2aee0200536848c685cf8da8c0fc439dc5ea0c,face,whole_roi,1,0,-1,0.9595351219177246,0.03872042894363403,0.7437245845794678,0.14945080876350403,
P06,4,999c822946c3ba0b1ba32398cf2aee0200536848c685cf8da8c0fc439dc5ea0c,face,whole_roi,3,0,-2,0.9685218930244446,0.0399705246090889,0.7310468554496765,0.1485162079334259,
P06,4,999c822946c3ba0b1ba32398cf2aee0200536848c685cf8da8c0fc439dc5ea0c,face,whole_roi,6,0,-2,0.9717947244644165,0.0399705246090889,0.7310468554496765,0.1485162079334259,
P06,5,b84bcc00604b0f5d45b0383d3fee5eb80b760ac6cce6f75ba3b8dfbdfe20fd14,face,whole_roi,fixed,0,0,,0.06792251020669937,0.5909715294837952,0.21689721941947937,
P06,5,b84bcc00604b0f5d45b0383d3fee5eb80b760ac6cce6f75ba3b8dfbdfe20fd14,face,whole_roi,1,-1,3,0.8844868540763855,0.06146226078271866,0.6404414176940918,0.20893974602222443,
P06,5,b84bcc00604b0f5d45b0383d3fee5eb80b760ac6cce6f75ba3b8dfbdfe20fd14,face,whole_roi,3,-1,2,0.8950441479682922,0.06218653917312622,0.6363136172294617,0.20595631003379822,
P06,5,b84bcc00604b0f5d45b0383d3fee5eb80b760ac6cce6f75ba3b8dfbdfe20fd14,face,whole_roi,6,-1,2,0.9017212390899658,0.06218653917312622,0.6363136172294617,0.20595631003379822,
P06,6,a9729e585d5348ed34aaf1f92af2a3e0ec4dadf621f955e39646fb3f1af7ce00,face,whole_roi,fixed,0,0,,0.06756208837032318,0.5814064145088196,0.23464888334274292,
P06,6,a9729e585d5348ed34aaf1f92af2a3e0ec4dadf621f955e39646fb3f1af7ce00,face,whole_roi,1,-1,2,0.882420539855957,0.06265312433242798,0.6189848184585571,0.22700759768486023,
P06,6,a9729e585d5348ed34aaf1f92af2a3e0ec4dadf621f955e39646fb3f1af7ce00,face,whole_roi,3,-1,2,0.8954795598983765,0.06265312433242798,0.6189848184585571,0.22700759768486023,
P06,6,a9729e585d5348ed34aaf1f92af2a3e0ec4dadf621f955e39646fb3f1af7ce00,face,whole_roi,6,-1,2,0.9028854370117188,0.06265312433242798,0.6189848184585571,0.22700759768486023,
P06,7,a0348cfeb5cdaca256c07bd58d3bd4088750b2e9853c7faba0f4bacfba46129d,face,whole_roi,fixed,0,0,,0.0670701339840889,0.5728539824485779,0.24356715381145477,
P06,7,a0348cfeb5cdaca256c07bd58d3bd4088750b2e9853c7faba0f4bacfba46129d,face,whole_roi,1,-1,2,0.8826426863670349,0.06317729502916336,0.5966476798057556,0.23554255068302155,
P06,7,a0348cfeb5cdaca256c07bd58d3bd4088750b2e9853c7faba0f4bacfba46129d,face,whole_roi,3,-1,2,0.8965011239051819,0.06317729502916336,0.5966476798057556,0.23554255068302155,
P06,7,a0348cfeb5cdaca256c07bd58d3bd4088750b2e9853c7faba0f4bacfba46129d,face,whole_roi,6,-1,2,0.9042689800262451,0.06317729502916336,0.5966476798057556,0.23554255068302155,
P06,8,ad66feeb437d1f0d721778bce79f6d8326bd6d7e76d101eea6ea0e32ab23ab23,face,whole_roi,fixed,0,0,,0.06696654111146927,0.5530668497085571,0.27116531133651733,
P06,8,ad66feeb437d1f0d721778bce79f6d8326bd6d7e76d101eea6ea0e32ab23ab23,face,whole_roi,1,-1,2,0.8829389810562134,0.06358280777931213,0.5710340142250061,0.2616966962814331,
P06,8,ad66feeb437d1f0d721778bce79f6d8326bd6d7e76d101eea6ea0e32ab23ab23,face,whole_roi,3,-1,2,0.8999353647232056,0.06358280777931213,0.5710340142250061,0.2616966962814331,
P06,8,ad66feeb437d1f0d721778bce79f6d8326bd6d7e76d101eea6ea0e32ab23ab23,face,whole_roi,6,-1,2,0.9093693494796753,0.06358280777931213,0.5710340142250061,0.2616966962814331,
P06,9,77acee908b5367fff308bee17f4dfb5e1154953057b0dd48eb5c1037893da094,face,whole_roi,fixed,0,0,,0.06881317496299744,0.5451095104217529,0.2784115970134735,
P06,9,77acee908b5367fff308bee17f4dfb5e1154953057b0dd48eb5c1037893da094,face,whole_roi,1,-1,1,0.8772508502006531,0.06640351563692093,0.5538173317909241,0.2803415060043335,
P06,9,77acee908b5367fff308bee17f4dfb5e1154953057b0dd48eb5c1037893da094,face,whole_roi,3,-1,1,0.8962717056274414,0.06640351563692093,0.5538173317909241,0.2803415060043335,
P06,9,77acee908b5367fff308bee17f4dfb5e1154953057b0dd48eb5c1037893da094,face,whole_roi,6,-2,1,0.9062727093696594,0.06660903990268707,0.5551142692565918,0.27552902698516846,
P06,10,6ed13d3ef40d6478f3185145cb8c85ca6e96ba102f208a54e7a96e68e905ef6a,face,whole_roi,fixed,0,0,,0.13443037867546082,0.40591657161712646,0.3830995559692383,
P06,10,6ed13d3ef40d6478f3185145cb8c85ca6e96ba102f208a54e7a96e68e905ef6a,face,whole_roi,1,-1,1,0.6700764894485474,0.13266703486442566,0.41136685013771057,0.3867199718952179,
P06,10,6ed13d3ef40d6478f3185145cb8c85ca6e96ba102f208a54e7a96e68e905ef6a,face,whole_roi,3,-1,0,0.679360568523407,0.13372814655303955,0.4083770215511322,0.3900483250617981,
P06,10,6ed13d3ef40d6478f3185145cb8c85ca6e96ba102f208a54e7a96e68e905ef6a,face,whole_roi,6,-1,-1,0.6822993159294128,0.13592040538787842,0.3884945213794708,0.393435537815094,
P04-fixed3,1,72f0074fe7df1b717d90d2db6df234212b5df2afc6166f11a13d73a80952dcea,face,whole_roi,fixed,0,0,,0.01840371824800968,0.8883209228515625,0.031728047877550125,
P04-fixed3,1,72f0074fe7df1b717d90d2db6df234212b5df2afc6166f11a13d73a80952dcea,skin,weighted_three_regions,fixed,0,0,,0.015498846468022642,0.846485067012733,,0.012211373796796097
P04-fixed3,1,72f0074fe7df1b717d90d2db6df234212b5df2afc6166f11a13d73a80952dcea,skin,forehead,fixed,0,0,,0.015320698730647564,0.8242051601409912,,0.013025902211666107
P04-fixed3,1,72f0074fe7df1b717d90d2db6df234212b5df2afc6166f11a13d73a80952dcea,skin,cheek_viewer_left,fixed,0,0,,0.015051698312163353,0.8879440426826477,,0.011002710089087486
P04-fixed3,1,72f0074fe7df1b717d90d2db6df234212b5df2afc6166f11a13d73a80952dcea,skin,cheek_viewer_right,fixed,0,0,,0.0165246669203043,0.8719620108604431,,0.011180867440998554
P04-fixed3,1,72f0074fe7df1b717d90d2db6df234212b5df2afc6166f11a13d73a80952dcea,face,whole_roi,1,0,0,0.9951382875442505,0.01840371824800968,0.8883209228515625,0.031728047877550125,
P04-fixed3,1,72f0074fe7df1b717d90d2db6df234212b5df2afc6166f11a13d73a80952dcea,skin,weighted_three_regions,1,0,0,0.9951382875442505,0.015498846468022642,0.846485067012733,,0.012211373796796097
P04-fixed3,1,72f0074fe7df1b717d90d2db6df234212b5df2afc6166f11a13d73a80952dcea,skin,forehead,1,0,0,0.9951382875442505,0.015320698730647564,0.8242051601409912,,0.013025902211666107
P04-fixed3,1,72f0074fe7df1b717d90d2db6df234212b5df2afc6166f11a13d73a80952dcea,skin,cheek_viewer_left,1,0,0,0.9951382875442505,0.015051698312163353,0.8879440426826477,,0.011002710089087486
P04-fixed3,1,72f0074fe7df1b717d90d2db6df234212b5df2afc6166f11a13d73a80952dcea,skin,cheek_viewer_right,1,0,0,0.9951382875442505,0.0165246669203043,0.8719620108604431,,0.011180867440998554
P04-fixed3,1,72f0074fe7df1b717d90d2db6df234212b5df2afc6166f11a13d73a80952dcea,face,whole_roi,3,0,0,0.998278796672821,0.01840371824800968,0.8883209228515625,0.031728047877550125,
P04-fixed3,1,72f0074fe7df1b717d90d2db6df234212b5df2afc6166f11a13d73a80952dcea,skin,weighted_three_regions,3,0,0,0.998278796672821,0.015498846468022642,0.846485067012733,,0.012211373796796097
P04-fixed3,1,72f0074fe7df1b717d90d2db6df234212b5df2afc6166f11a13d73a80952dcea,skin,forehead,3,0,0,0.998278796672821,0.015320698730647564,0.8242051601409912,,0.013025902211666107
P04-fixed3,1,72f0074fe7df1b717d90d2db6df234212b5df2afc6166f11a13d73a80952dcea,skin,cheek_viewer_left,3,0,0,0.998278796672821,0.015051698312163353,0.8879440426826477,,0.011002710089087486
P04-fixed3,1,72f0074fe7df1b717d90d2db6df234212b5df2afc6166f11a13d73a80952dcea,skin,cheek_viewer_right,3,0,0,0.998278796672821,0.0165246669203043,0.8719620108604431,,0.011180867440998554
P04-fixed3,1,72f0074fe7df1b717d90d2db6df234212b5df2afc6166f11a13d73a80952dcea,face,whole_roi,6,0,0,0.9991633296012878,0.01840371824800968,0.8883209228515625,0.031728047877550125,
P04-fixed3,1,72f0074fe7df1b717d90d2db6df234212b5df2afc6166f11a13d73a80952dcea,skin,weighted_three_regions,6,0,0,0.9991633296012878,0.015498846468022642,0.846485067012733,,0.012211373796796097
P04-fixed3,1,72f0074fe7df1b717d90d2db6df234212b5df2afc6166f11a13d73a80952dcea,skin,forehead,6,0,0,0.9991633296012878,0.015320698730647564,0.8242051601409912,,0.013025902211666107
P04-fixed3,1,72f0074fe7df1b717d90d2db6df234212b5df2afc6166f11a13d73a80952dcea,skin,cheek_viewer_left,6,0,0,0.9991633296012878,0.015051698312163353,0.8879440426826477,,0.011002710089087486
P04-fixed3,1,72f0074fe7df1b717d90d2db6df234212b5df2afc6166f11a13d73a80952dcea,skin,cheek_viewer_right,6,0,0,0.9991633296012878,0.0165246669203043,0.8719620108604431,,0.011180867440998554
P04-fixed3,2,06b5c9dc02fbf13fc15f528b85b948100afb06fac95032453399dab4f05e8cb7,face,whole_roi,fixed,0,0,,0.025968050584197044,0.8348621726036072,0.05477737635374069,
P04-fixed3,2,06b5c9dc02fbf13fc15f528b85b948100afb06fac95032453399dab4f05e8cb7,skin,weighted_three_regions,fixed,0,0,,0.019340060828801464,0.8244217312317254,,0.013067223216023514
P04-fixed3,2,06b5c9dc02fbf13fc15f528b85b948100afb06fac95032453399dab4f05e8cb7,skin,forehead,fixed,0,0,,0.01877759024500847,0.8036765456199646,,0.013794433325529099
P04-fixed3,2,06b5c9dc02fbf13fc15f528b85b948100afb06fac95032453399dab4f05e8cb7,skin,cheek_viewer_left,fixed,0,0,,0.02113981358706951,0.8600261807441711,,0.012550477869808674
P04-fixed3,2,06b5c9dc02fbf13fc15f528b85b948100afb06fac95032453399dab4f05e8cb7,skin,cheek_viewer_right,fixed,0,0,,0.01896592229604721,0.8516037464141846,,0.011514546349644661
P04-fixed3,2,06b5c9dc02fbf13fc15f528b85b948100afb06fac95032453399dab4f05e8cb7,face,whole_roi,1,0,-1,0.9931927919387817,0.023362623527646065,0.8567665219306946,0.05424788221716881,
P04-fixed3,2,06b5c9dc02fbf13fc15f528b85b948100afb06fac95032453399dab4f05e8cb7,skin,weighted_three_regions,1,0,-1,0.9931927919387817,0.019138407459592117,0.8130026028332193,,0.013504024484359166
P04-fixed3,2,06b5c9dc02fbf13fc15f528b85b948100afb06fac95032453399dab4f05e8cb7,skin,forehead,1,0,-1,0.9931927919387817,0.018594637513160706,0.7932541370391846,,0.013928127475082874
P04-fixed3,2,06b5c9dc02fbf13fc15f528b85b948100afb06fac95032453399dab4f05e8cb7,skin,cheek_viewer_left,1,0,-1,0.9931927919387817,0.02065134607255459,0.856637179851532,,0.013262646272778511
P04-fixed3,2,06b5c9dc02fbf13fc15f528b85b948100afb06fac95032453399dab4f05e8cb7,skin,cheek_viewer_right,1,0,-1,0.9931927919387817,0.019032057374715805,0.8276392817497253,,0.012531034648418427
P04-fixed3,2,06b5c9dc02fbf13fc15f528b85b948100afb06fac95032453399dab4f05e8cb7,face,whole_roi,3,0,-1,0.9968666434288025,0.023362623527646065,0.8567665219306946,0.05424788221716881,
P04-fixed3,2,06b5c9dc02fbf13fc15f528b85b948100afb06fac95032453399dab4f05e8cb7,skin,weighted_three_regions,3,0,-1,0.9968666434288025,0.019138407459592117,0.8130026028332193,,0.013504024484359166
P04-fixed3,2,06b5c9dc02fbf13fc15f528b85b948100afb06fac95032453399dab4f05e8cb7,skin,forehead,3,0,-1,0.9968666434288025,0.018594637513160706,0.7932541370391846,,0.013928127475082874
P04-fixed3,2,06b5c9dc02fbf13fc15f528b85b948100afb06fac95032453399dab4f05e8cb7,skin,cheek_viewer_left,3,0,-1,0.9968666434288025,0.02065134607255459,0.856637179851532,,0.013262646272778511
P04-fixed3,2,06b5c9dc02fbf13fc15f528b85b948100afb06fac95032453399dab4f05e8cb7,skin,cheek_viewer_right,3,0,-1,0.9968666434288025,0.019032057374715805,0.8276392817497253,,0.012531034648418427
P04-fixed3,2,06b5c9dc02fbf13fc15f528b85b948100afb06fac95032453399dab4f05e8cb7,face,whole_roi,6,0,-1,0.9980335235595703,0.023362623527646065,0.8567665219306946,0.05424788221716881,
P04-fixed3,2,06b5c9dc02fbf13fc15f528b85b948100afb06fac95032453399dab4f05e8cb7,skin,weighted_three_regions,6,0,-1,0.9980335235595703,0.019138407459592117,0.8130026028332193,,0.013504024484359166
P04-fixed3,2,06b5c9dc02fbf13fc15f528b85b948100afb06fac95032453399dab4f05e8cb7,skin,forehead,6,0,-1,0.9980335235595703,0.018594637513160706,0.7932541370391846,,0.013928127475082874
P04-fixed3,2,06b5c9dc02fbf13fc15f528b85b948100afb06fac95032453399dab4f05e8cb7,skin,cheek_viewer_left,6,0,-1,0.9980335235595703,0.02065134607255459,0.856637179851532,,0.013262646272778511
P04-fixed3,2,06b5c9dc02fbf13fc15f528b85b948100afb06fac95032453399dab4f05e8cb7,skin,cheek_viewer_right,6,0,-1,0.9980335235595703,0.019032057374715805,0.8276392817497253,,0.012531034648418427
P04-fixed3,3,fd9030e0ebd440bbeb4792bbf6b179300e8a955231e8966d01c9dc2613009445,face,whole_roi,fixed,0,0,,0.018093613907694817,0.8852024078369141,0.033253010362386703,
P04-fixed3,3,fd9030e0ebd440bbeb4792bbf6b179300e8a955231e8966d01c9dc2613009445,skin,weighted_three_regions,fixed,0,0,,0.014148404370335972,0.8422168594327415,,0.012271989209248739
P04-fixed3,3,fd9030e0ebd440bbeb4792bbf6b179300e8a955231e8966d01c9dc2613009445,skin,forehead,fixed,0,0,,0.014481830410659313,0.8149242997169495,,0.013326714746654034
P04-fixed3,3,fd9030e0ebd440bbeb4792bbf6b179300e8a955231e8966d01c9dc2613009445,skin,cheek_viewer_left,fixed,0,0,,0.014135283417999744,0.8922998905181885,,0.010839379392564297
P04-fixed3,3,fd9030e0ebd440bbeb4792bbf6b179300e8a955231e8966d01c9dc2613009445,skin,cheek_viewer_right,fixed,0,0,,0.013184718787670135,0.874237596988678,,0.010788558050990105
P04-fixed3,3,fd9030e0ebd440bbeb4792bbf6b179300e8a955231e8966d01c9dc2613009445,face,whole_roi,1,0,-1,0.9959049820899963,0.018137197941541672,0.8782609105110168,0.03545316308736801,
P04-fixed3,3,fd9030e0ebd440bbeb4792bbf6b179300e8a955231e8966d01c9dc2613009445,skin,weighted_three_regions,1,0,-1,0.9959049820899963,0.015126105026506326,0.8156571885105953,,0.013684809696586694
P04-fixed3,3,fd9030e0ebd440bbeb4792bbf6b179300e8a955231e8966d01c9dc2613009445,skin,forehead,1,0,-1,0.9959049820899963,0.01542841549962759,0.7874998450279236,,0.014504016377031803
P04-fixed3,3,fd9030e0ebd440bbeb4792bbf6b179300e8a955231e8966d01c9dc2613009445,skin,cheek_viewer_left,1,0,-1,0.9959049820899963,0.015315385535359383,0.8757508397102356,,0.012618121691048145
P04-fixed3,3,fd9030e0ebd440bbeb4792bbf6b179300e8a955231e8966d01c9dc2613009445,skin,cheek_viewer_right,1,0,-1,0.9959049820899963,0.014026027172803879,0.8389728665351868,,0.01248085219413042
P04-fixed3,3,fd9030e0ebd440bbeb4792bbf6b179300e8a955231e8966d01c9dc2613009445,face,whole_roi,3,0,-1,0.9984006881713867,0.018137197941541672,0.8782609105110168,0.03545316308736801,
P04-fixed3,3,fd9030e0ebd440bbeb4792bbf6b179300e8a955231e8966d01c9dc2613009445,skin,weighted_three_regions,3,0,-1,0.9984006881713867,0.015126105026506326,0.8156571885105953,,0.013684809696586694
P04-fixed3,3,fd9030e0ebd440bbeb4792bbf6b179300e8a955231e8966d01c9dc2613009445,skin,forehead,3,0,-1,0.9984006881713867,0.01542841549962759,0.7874998450279236,,0.014504016377031803
P04-fixed3,3,fd9030e0ebd440bbeb4792bbf6b179300e8a955231e8966d01c9dc2613009445,skin,cheek_viewer_left,3,0,-1,0.9984006881713867,0.015315385535359383,0.8757508397102356,,0.012618121691048145
P04-fixed3,3,fd9030e0ebd440bbeb4792bbf6b179300e8a955231e8966d01c9dc2613009445,skin,cheek_viewer_right,3,0,-1,0.9984006881713867,0.014026027172803879,0.8389728665351868,,0.01248085219413042
P04-fixed3,3,fd9030e0ebd440bbeb4792bbf6b179300e8a955231e8966d01c9dc2613009445,face,whole_roi,6,0,-1,0.9991494417190552,0.018137197941541672,0.8782609105110168,0.03545316308736801,
P04-fixed3,3,fd9030e0ebd440bbeb4792bbf6b179300e8a955231e8966d01c9dc2613009445,skin,weighted_three_regions,6,0,-1,0.9991494417190552,0.015126105026506326,0.8156571885105953,,0.013684809696586694
P04-fixed3,3,fd9030e0ebd440bbeb4792bbf6b179300e8a955231e8966d01c9dc2613009445,skin,forehead,6,0,-1,0.9991494417190552,0.01542841549962759,0.7874998450279236,,0.014504016377031803
P04-fixed3,3,fd9030e0ebd440bbeb4792bbf6b179300e8a955231e8966d01c9dc2613009445,skin,cheek_viewer_left,6,0,-1,0.9991494417190552,0.015315385535359383,0.8757508397102356,,0.012618121691048145
P04-fixed3,3,fd9030e0ebd440bbeb4792bbf6b179300e8a955231e8966d01c9dc2613009445,skin,cheek_viewer_right,6,0,-1,0.9991494417190552,0.014026027172803879,0.8389728665351868,,0.01248085219413042
P04-fixed3,4,610444a04d2071dc68c45c67ea694bbe73d1fc08a0e46a256fb95b25dec271c3,face,whole_roi,fixed,0,0,,0.035345517098903656,0.8041757941246033,0.07039143145084381,
P04-fixed3,4,610444a04d2071dc68c45c67ea694bbe73d1fc08a0e46a256fb95b25dec271c3,skin,weighted_three_regions,fixed,0,0,,0.018817186964785352,0.7963728886009946,,0.014258228876792333
P04-fixed3,4,610444a04d2071dc68c45c67ea694bbe73d1fc08a0e46a256fb95b25dec271c3,skin,forehead,fixed,0,0,,0.018409036099910736,0.769129753112793,,0.015253598801791668
P04-fixed3,4,610444a04d2071dc68c45c67ea694bbe73d1fc08a0e46a256fb95b25dec271c3,skin,cheek_viewer_left,fixed,0,0,,0.01859373226761818,0.8441491723060608,,0.013422589749097824
P04-fixed3,4,610444a04d2071dc68c45c67ea694bbe73d1fc08a0e46a256fb95b25dec271c3,skin,cheek_viewer_right,fixed,0,0,,0.020266301929950714,0.8308926224708557,,0.012277386151254177
P04-fixed3,4,610444a04d2071dc68c45c67ea694bbe73d1fc08a0e46a256fb95b25dec271c3,face,whole_roi,1,0,-1,0.9650535583496094,0.03231314942240715,0.8285881876945496,0.06927867233753204,
P04-fixed3,4,610444a04d2071dc68c45c67ea694bbe73d1fc08a0e46a256fb95b25dec271c3,skin,weighted_three_regions,1,0,-1,0.9650535583496094,0.018557285353103106,0.7887432545283152,,0.014490706760655432
P04-fixed3,4,610444a04d2071dc68c45c67ea694bbe73d1fc08a0e46a256fb95b25dec271c3,skin,forehead,1,0,-1,0.9650535583496094,0.018055720254778862,0.7650635242462158,,0.015044571831822395
P04-fixed3,4,610444a04d2071dc68c45c67ea694bbe73d1fc08a0e46a256fb95b25dec271c3,skin,cheek_viewer_left,1,0,-1,0.9650535583496094,0.018800359219312668,0.8381555676460266,,0.014297116547822952
P04-fixed3,4,610444a04d2071dc68c45c67ea694bbe73d1fc08a0e46a256fb95b25dec271c3,skin,cheek_viewer_right,1,0,-1,0.9650535583496094,0.019755681976675987,0.8096495270729065,,0.013083165511488914
P04-fixed3,4,610444a04d2071dc68c45c67ea694bbe73d1fc08a0e46a256fb95b25dec271c3,face,whole_roi,3,0,-2,0.9707047343254089,0.03527210280299187,0.800224244594574,0.07201632857322693,
P04-fixed3,4,610444a04d2071dc68c45c67ea694bbe73d1fc08a0e46a256fb95b25dec271c3,skin,weighted_three_regions,3,0,-2,0.9707047343254089,0.01961476394358803,0.7808274068113773,,0.014795216999071485
P04-fixed3,4,610444a04d2071dc68c45c67ea694bbe73d1fc08a0e46a256fb95b25dec271c3,skin,forehead,3,0,-2,0.9707047343254089,0.01979842036962509,0.7538185119628906,,0.015643393620848656
P04-fixed3,4,610444a04d2071dc68c45c67ea694bbe73d1fc08a0e46a256fb95b25dec271c3,skin,cheek_viewer_left,3,0,-2,0.9707047343254089,0.019344158470630646,0.844923198223114,,0.014073152095079422
P04-fixed3,4,610444a04d2071dc68c45c67ea694bbe73d1fc08a0e46a256fb95b25dec271c3,skin,cheek_viewer_right,3,0,-2,0.9707047343254089,0.019380250945687294,0.7957461476325989,,0.013118545524775982
P04-fixed3,4,610444a04d2071dc68c45c67ea694bbe73d1fc08a0e46a256fb95b25dec271c3,face,whole_roi,6,0,-2,0.9736221432685852,0.03527210280299187,0.800224244594574,0.07201632857322693,
P04-fixed3,4,610444a04d2071dc68c45c67ea694bbe73d1fc08a0e46a256fb95b25dec271c3,skin,weighted_three_regions,6,0,-2,0.9736221432685852,0.01961476394358803,0.7808274068113773,,0.014795216999071485
P04-fixed3,4,610444a04d2071dc68c45c67ea694bbe73d1fc08a0e46a256fb95b25dec271c3,skin,forehead,6,0,-2,0.9736221432685852,0.01979842036962509,0.7538185119628906,,0.015643393620848656
P04-fixed3,4,610444a04d2071dc68c45c67ea694bbe73d1fc08a0e46a256fb95b25dec271c3,skin,cheek_viewer_left,6,0,-2,0.9736221432685852,0.019344158470630646,0.844923198223114,,0.014073152095079422
P04-fixed3,4,610444a04d2071dc68c45c67ea694bbe73d1fc08a0e46a256fb95b25dec271c3,skin,cheek_viewer_right,6,0,-2,0.9736221432685852,0.019380250945687294,0.7957461476325989,,0.013118545524775982
P04-fixed3,5,9733909576b2d9bb26aed98bdbe9e1b437d62b11ade73b89c980b1f866d6c745,face,whole_roi,fixed,0,0,,0.20014876127243042,0.28137946128845215,0.5144404768943787,
P04-fixed3,5,9733909576b2d9bb26aed98bdbe9e1b437d62b11ade73b89c980b1f866d6c745,skin,weighted_three_regions,fixed,0,0,,0.29804709334583845,0.2327654558925464,,0.0279651244576363
P04-fixed3,5,9733909576b2d9bb26aed98bdbe9e1b437d62b11ade73b89c980b1f866d6c745,skin,forehead,fixed,0,0,,0.3654516041278839,0.22868025302886963,,0.0237457063049078
P04-fixed3,5,9733909576b2d9bb26aed98bdbe9e1b437d62b11ade73b89c980b1f866d6c745,skin,cheek_viewer_left,fixed,0,0,,0.24554242193698883,0.2190576046705246,,0.03234204649925232
P04-fixed3,5,9733909576b2d9bb26aed98bdbe9e1b437d62b11ade73b89c980b1f866d6c745,skin,cheek_viewer_right,fixed,0,0,,0.15931470692157745,0.26202496886253357,,0.035423070192337036
P04-fixed3,5,9733909576b2d9bb26aed98bdbe9e1b437d62b11ade73b89c980b1f866d6c745,face,whole_roi,1,21,39,0.8134902119636536,0.09146071970462799,0.5405318140983582,0.1740308552980423,
P04-fixed3,5,9733909576b2d9bb26aed98bdbe9e1b437d62b11ade73b89c980b1f866d6c745,skin,weighted_three_regions,1,21,39,0.8134902119636536,0.03526624230996651,0.6741490254596788,,0.01894861338112284
P04-fixed3,5,9733909576b2d9bb26aed98bdbe9e1b437d62b11ade73b89c980b1f866d6c745,skin,forehead,1,21,39,0.8134902119636536,0.03070238046348095,0.661033570766449,,0.019442716613411903
P04-fixed3,5,9733909576b2d9bb26aed98bdbe9e1b437d62b11ade73b89c980b1f866d6c745,skin,cheek_viewer_left,1,21,39,0.8134902119636536,0.0377546064555645,0.7418065667152405,,0.02000270038843155
P04-fixed3,5,9733909576b2d9bb26aed98bdbe9e1b437d62b11ade73b89c980b1f866d6c745,skin,cheek_viewer_right,1,21,39,0.8134902119636536,0.04585959389805794,0.6392403244972229,,0.01631280779838562
P04-fixed3,5,9733909576b2d9bb26aed98bdbe9e1b437d62b11ade73b89c980b1f866d6c745,face,whole_roi,3,21,39,0.8410038352012634,0.09146071970462799,0.5405318140983582,0.1740308552980423,
P04-fixed3,5,9733909576b2d9bb26aed98bdbe9e1b437d62b11ade73b89c980b1f866d6c745,skin,weighted_three_regions,3,21,39,0.8410038352012634,0.03526624230996651,0.6741490254596788,,0.01894861338112284
P04-fixed3,5,9733909576b2d9bb26aed98bdbe9e1b437d62b11ade73b89c980b1f866d6c745,skin,forehead,3,21,39,0.8410038352012634,0.03070238046348095,0.661033570766449,,0.019442716613411903
P04-fixed3,5,9733909576b2d9bb26aed98bdbe9e1b437d62b11ade73b89c980b1f866d6c745,skin,cheek_viewer_left,3,21,39,0.8410038352012634,0.0377546064555645,0.7418065667152405,,0.02000270038843155
P04-fixed3,5,9733909576b2d9bb26aed98bdbe9e1b437d62b11ade73b89c980b1f866d6c745,skin,cheek_viewer_right,3,21,39,0.8410038352012634,0.04585959389805794,0.6392403244972229,,0.01631280779838562
P04-fixed3,5,9733909576b2d9bb26aed98bdbe9e1b437d62b11ade73b89c980b1f866d6c745,face,whole_roi,6,21,38,0.8621934056282043,0.09187956154346466,0.5375612378120422,0.1744469404220581,
P04-fixed3,5,9733909576b2d9bb26aed98bdbe9e1b437d62b11ade73b89c980b1f866d6c745,skin,weighted_three_regions,6,21,38,0.8621934056282043,0.03582026171333649,0.673977405160338,,0.018825651963844017
P04-fixed3,5,9733909576b2d9bb26aed98bdbe9e1b437d62b11ade73b89c980b1f866d6c745,skin,forehead,6,21,38,0.8621934056282043,0.033234234899282455,0.655158519744873,,0.019372642040252686
P04-fixed3,5,9733909576b2d9bb26aed98bdbe9e1b437d62b11ade73b89c980b1f866d6c745,skin,cheek_viewer_left,6,21,38,0.8621934056282043,0.03517048433423042,0.7570365071296692,,0.019397225230932236
P04-fixed3,5,9733909576b2d9bb26aed98bdbe9e1b437d62b11ade73b89c980b1f866d6c745,skin,cheek_viewer_right,6,21,38,0.8621934056282043,0.04414001852273941,0.6400653719902039,,0.016577476635575294
P04-fixed3,6,f82b496989668c7523ce98f6f322fed5f4b0c62c48bfc767e7e40ac7d88ad421,face,whole_roi,fixed,0,0,,0.11808444559574127,0.46854367852211,0.23934999108314514,
P04-fixed3,6,f82b496989668c7523ce98f6f322fed5f4b0c62c48bfc767e7e40ac7d88ad421,skin,weighted_three_regions,fixed,0,0,,0.044540561886832995,0.6880761963231972,,0.016845404273446867
P04-fixed3,6,f82b496989668c7523ce98f6f322fed5f4b0c62c48bfc767e7e40ac7d88ad421,skin,forehead,fixed,0,0,,0.05702614411711693,0.6539673805236816,,0.018176428973674774
P04-fixed3,6,f82b496989668c7523ce98f6f322fed5f4b0c62c48bfc767e7e40ac7d88ad421,skin,cheek_viewer_left,fixed,0,0,,0.027320435270667076,0.7503532767295837,,0.016341742128133774
P04-fixed3,6,f82b496989668c7523ce98f6f322fed5f4b0c62c48bfc767e7e40ac7d88ad421,skin,cheek_viewer_right,fixed,0,0,,0.027273965999484062,0.728456437587738,,0.01350610051304102
P04-fixed3,6,f82b496989668c7523ce98f6f322fed5f4b0c62c48bfc767e7e40ac7d88ad421,face,whole_roi,1,1,11,0.853718638420105,0.07823135703802109,0.6631171107292175,0.14190733432769775,
P04-fixed3,6,f82b496989668c7523ce98f6f322fed5f4b0c62c48bfc767e7e40ac7d88ad421,skin,weighted_three_regions,1,1,11,0.853718638420105,0.020797579564592418,0.7474783522367852,,0.016448048633687637
P04-fixed3,6,f82b496989668c7523ce98f6f322fed5f4b0c62c48bfc767e7e40ac7d88ad421,skin,forehead,1,1,11,0.853718638420105,0.02216786891222,0.6969531178474426,,0.01827777549624443
P04-fixed3,6,f82b496989668c7523ce98f6f322fed5f4b0c62c48bfc767e7e40ac7d88ad421,skin,cheek_viewer_left,1,1,11,0.853718638420105,0.017235536128282547,0.8507359027862549,,0.013781685382127762
P04-fixed3,6,f82b496989668c7523ce98f6f322fed5f4b0c62c48bfc767e7e40ac7d88ad421,skin,cheek_viewer_right,1,1,11,0.853718638420105,0.02078373171389103,0.7945932745933533,,0.014078330248594284
P04-fixed3,6,f82b496989668c7523ce98f6f322fed5f4b0c62c48bfc767e7e40ac7d88ad421,face,whole_roi,3,1,11,0.8654777407646179,0.07823135703802109,0.6631171107292175,0.14190733432769775,
P04-fixed3,6,f82b496989668c7523ce98f6f322fed5f4b0c62c48bfc767e7e40ac7d88ad421,skin,weighted_three_regions,3,1,11,0.8654777407646179,0.020797579564592418,0.7474783522367852,,0.016448048633687637
P04-fixed3,6,f82b496989668c7523ce98f6f322fed5f4b0c62c48bfc767e7e40ac7d88ad421,skin,forehead,3,1,11,0.8654777407646179,0.02216786891222,0.6969531178474426,,0.01827777549624443
P04-fixed3,6,f82b496989668c7523ce98f6f322fed5f4b0c62c48bfc767e7e40ac7d88ad421,skin,cheek_viewer_left,3,1,11,0.8654777407646179,0.017235536128282547,0.8507359027862549,,0.013781685382127762
P04-fixed3,6,f82b496989668c7523ce98f6f322fed5f4b0c62c48bfc767e7e40ac7d88ad421,skin,cheek_viewer_right,3,1,11,0.8654777407646179,0.02078373171389103,0.7945932745933533,,0.014078330248594284
P04-fixed3,6,f82b496989668c7523ce98f6f322fed5f4b0c62c48bfc767e7e40ac7d88ad421,face,whole_roi,6,1,10,0.8761700987815857,0.08089078217744827,0.6428778767585754,0.1426379233598709,
P04-fixed3,6,f82b496989668c7523ce98f6f322fed5f4b0c62c48bfc767e7e40ac7d88ad421,skin,weighted_three_regions,6,1,10,0.8761700987815857,0.021453286700827235,0.7483996569268183,,0.015968118678121007
P04-fixed3,6,f82b496989668c7523ce98f6f322fed5f4b0c62c48bfc767e7e40ac7d88ad421,skin,forehead,6,1,10,0.8761700987815857,0.02403849922120571,0.6957874298095703,,0.01797124743461609
P04-fixed3,6,f82b496989668c7523ce98f6f322fed5f4b0c62c48bfc767e7e40ac7d88ad421,skin,cheek_viewer_left,6,1,10,0.8761700987815857,0.01618165895342827,0.8572457432746887,,0.012818485498428345
P04-fixed3,6,f82b496989668c7523ce98f6f322fed5f4b0c62c48bfc767e7e40ac7d88ad421,skin,cheek_viewer_right,6,1,10,0.8761700987815857,0.01979750022292137,0.795933723449707,,0.013633226975798607
P04-fixed3,7,66d22f872d5942633870b0ffba1efd8b66dbe448111b726b71ea37dea445fee0,face,whole_roi,fixed,0,0,,0.11908809095621109,0.4622059166431427,0.2421887218952179,
P04-fixed3,7,66d22f872d5942633870b0ffba1efd8b66dbe448111b726b71ea37dea445fee0,skin,weighted_three_regions,fixed,0,0,,0.04701768673956394,0.6822312551914617,,0.01701474609620431
P04-fixed3,7,66d22f872d5942633870b0ffba1efd8b66dbe448111b726b71ea37dea445fee0,skin,forehead,fixed,0,0,,0.05848115682601929,0.6466463208198547,,0.018503226339817047
P04-fixed3,7,66d22f872d5942633870b0ffba1efd8b66dbe448111b726b71ea37dea445fee0,skin,cheek_viewer_left,fixed,0,0,,0.03310855105519295,0.7548688054084778,,0.015929721295833588
P04-fixed3,7,66d22f872d5942633870b0ffba1efd8b66dbe448111b726b71ea37dea445fee0,skin,cheek_viewer_right,fixed,0,0,,0.029025638476014137,0.7155144214630127,,0.01386741828173399
P04-fixed3,7,66d22f872d5942633870b0ffba1efd8b66dbe448111b726b71ea37dea445fee0,face,whole_roi,1,1,11,0.852047860622406,0.08072896301746368,0.6453781127929688,0.15010370314121246,
P04-fixed3,7,66d22f872d5942633870b0ffba1efd8b66dbe448111b726b71ea37dea445fee0,skin,weighted_three_regions,1,1,11,0.852047860622406,0.02273068117306513,0.7385066251739789,,0.01668202053865089
P04-fixed3,7,66d22f872d5942633870b0ffba1efd8b66dbe448111b726b71ea37dea445fee0,skin,forehead,1,1,11,0.852047860622406,0.023875433951616287,0.6935954689979553,,0.018160391598939896
P04-fixed3,7,66d22f872d5942633870b0ffba1efd8b66dbe448111b726b71ea37dea445fee0,skin,cheek_viewer_left,1,1,11,0.852047860622406,0.01967959851026535,0.8254688382148743,,0.015068850480020046
P04-fixed3,7,66d22f872d5942633870b0ffba1efd8b66dbe448111b726b71ea37dea445fee0,skin,cheek_viewer_right,1,1,11,0.852047860622406,0.02280384488403797,0.7859501838684082,,0.01415852177888155
P04-fixed3,7,66d22f872d5942633870b0ffba1efd8b66dbe448111b726b71ea37dea445fee0,face,whole_roi,3,1,11,0.8641934394836426,0.08072896301746368,0.6453781127929688,0.15010370314121246,
P04-fixed3,7,66d22f872d5942633870b0ffba1efd8b66dbe448111b726b71ea37dea445fee0,skin,weighted_three_regions,3,1,11,0.8641934394836426,0.02273068117306513,0.7385066251739789,,0.01668202053865089
P04-fixed3,7,66d22f872d5942633870b0ffba1efd8b66dbe448111b726b71ea37dea445fee0,skin,forehead,3,1,11,0.8641934394836426,0.023875433951616287,0.6935954689979553,,0.018160391598939896
P04-fixed3,7,66d22f872d5942633870b0ffba1efd8b66dbe448111b726b71ea37dea445fee0,skin,cheek_viewer_left,3,1,11,0.8641934394836426,0.01967959851026535,0.8254688382148743,,0.015068850480020046
P04-fixed3,7,66d22f872d5942633870b0ffba1efd8b66dbe448111b726b71ea37dea445fee0,skin,cheek_viewer_right,3,1,11,0.8641934394836426,0.02280384488403797,0.7859501838684082,,0.01415852177888155
P04-fixed3,7,66d22f872d5942633870b0ffba1efd8b66dbe448111b726b71ea37dea445fee0,face,whole_roi,6,1,9,0.8754127621650696,0.08629722893238068,0.6005801558494568,0.1538427621126175,
P04-fixed3,7,66d22f872d5942633870b0ffba1efd8b66dbe448111b726b71ea37dea445fee0,skin,weighted_three_regions,6,1,9,0.8754127621650696,0.025286619575584635,0.7155652077082001,,0.016929010096937418
P04-fixed3,7,66d22f872d5942633870b0ffba1efd8b66dbe448111b726b71ea37dea445fee0,skin,forehead,6,1,9,0.8754127621650696,0.02800348587334156,0.6711176037788391,,0.018524443730711937
P04-fixed3,7,66d22f872d5942633870b0ffba1efd8b66dbe448111b726b71ea37dea445fee0,skin,cheek_viewer_left,6,1,9,0.8754127621650696,0.02118736319243908,0.8081038594245911,,0.01475589256733656
P04-fixed3,7,66d22f872d5942633870b0ffba1efd8b66dbe448111b726b71ea37dea445fee0,skin,cheek_viewer_right,6,1,9,0.8754127621650696,0.02192557416856289,0.7550490498542786,,0.014691929332911968
P04-fixed3,8,c7670b999d9252ef617d6cbbec3e54b1336560d72a7f72f15a8e106bb7c9d4db,face,whole_roi,fixed,0,0,,0.12065834552049637,0.4554166793823242,0.25079846382141113,
P04-fixed3,8,c7670b999d9252ef617d6cbbec3e54b1336560d72a7f72f15a8e106bb7c9d4db,skin,weighted_three_regions,fixed,0,0,,0.04902460861731978,0.67957438367128,,0.01684632041875054
P04-fixed3,8,c7670b999d9252ef617d6cbbec3e54b1336560d72a7f72f15a8e106bb7c9d4db,skin,forehead,fixed,0,0,,0.06227048486471176,0.6466267108917236,,0.018292775377631187
P04-fixed3,8,c7670b999d9252ef617d6cbbec3e54b1336560d72a7f72f15a8e106bb7c9d4db,skin,cheek_viewer_left,fixed,0,0,,0.030247777700424194,0.7513834834098816,,0.015766212716698647
P04-fixed3,8,c7670b999d9252ef617d6cbbec3e54b1336560d72a7f72f15a8e106bb7c9d4db,skin,cheek_viewer_right,fixed,0,0,,0.031278204172849655,0.7051352858543396,,0.01381678506731987
P04-fixed3,8,c7670b999d9252ef617d6cbbec3e54b1336560d72a7f72f15a8e106bb7c9d4db,face,whole_roi,1,1,11,0.856373131275177,0.08268927037715912,0.6330306529998779,0.15840576589107513,
P04-fixed3,8,c7670b999d9252ef617d6cbbec3e54b1336560d72a7f72f15a8e106bb7c9d4db,skin,weighted_three_regions,1,1,11,0.856373131275177,0.027343136181726176,0.7324425457410947,,0.01674000290386817
P04-fixed3,8,c7670b999d9252ef617d6cbbec3e54b1336560d72a7f72f15a8e106bb7c9d4db,skin,forehead,1,1,11,0.856373131275177,0.02738502249121666,0.697028636932373,,0.017841391265392303
P04-fixed3,8,c7670b999d9252ef617d6cbbec3e54b1336560d72a7f72f15a8e106bb7c9d4db,skin,cheek_viewer_left,1,1,11,0.856373131275177,0.024015285074710846,0.8006736636161804,,0.016083531081676483
P04-fixed3,8,c7670b999d9252ef617d6cbbec3e54b1336560d72a7f72f15a8e106bb7c9d4db,skin,cheek_viewer_right,1,1,11,0.856373131275177,0.03096405230462551,0.7702472805976868,,0.014246483333408833
P04-fixed3,8,c7670b999d9252ef617d6cbbec3e54b1336560d72a7f72f15a8e106bb7c9d4db,face,whole_roi,3,1,11,0.8688352704048157,0.08268927037715912,0.6330306529998779,0.15840576589107513,
P04-fixed3,8,c7670b999d9252ef617d6cbbec3e54b1336560d72a7f72f15a8e106bb7c9d4db,skin,weighted_three_regions,3,1,11,0.8688352704048157,0.027343136181726176,0.7324425457410947,,0.01674000290386817
P04-fixed3,8,c7670b999d9252ef617d6cbbec3e54b1336560d72a7f72f15a8e106bb7c9d4db,skin,forehead,3,1,11,0.8688352704048157,0.02738502249121666,0.697028636932373,,0.017841391265392303
P04-fixed3,8,c7670b999d9252ef617d6cbbec3e54b1336560d72a7f72f15a8e106bb7c9d4db,skin,cheek_viewer_left,3,1,11,0.8688352704048157,0.024015285074710846,0.8006736636161804,,0.016083531081676483
P04-fixed3,8,c7670b999d9252ef617d6cbbec3e54b1336560d72a7f72f15a8e106bb7c9d4db,skin,cheek_viewer_right,3,1,11,0.8688352704048157,0.03096405230462551,0.7702472805976868,,0.014246483333408833
P04-fixed3,8,c7670b999d9252ef617d6cbbec3e54b1336560d72a7f72f15a8e106bb7c9d4db,face,whole_roi,6,1,10,0.8800628185272217,0.08486414700746536,0.6174279451370239,0.15828922390937805,
P04-fixed3,8,c7670b999d9252ef617d6cbbec3e54b1336560d72a7f72f15a8e106bb7c9d4db,skin,weighted_three_regions,6,1,10,0.8800628185272217,0.02793983089792378,0.7306007859845364,,0.016424153425237713
P04-fixed3,8,c7670b999d9252ef617d6cbbec3e54b1336560d72a7f72f15a8e106bb7c9d4db,skin,forehead,6,1,10,0.8800628185272217,0.029225828126072884,0.6907927989959717,,0.017554495483636856
P04-fixed3,8,c7670b999d9252ef617d6cbbec3e54b1336560d72a7f72f15a8e106bb7c9d4db,skin,cheek_viewer_left,6,1,10,0.8800628185272217,0.02322249859571457,0.8071062564849854,,0.01571539044380188
P04-fixed3,8,c7670b999d9252ef617d6cbbec3e54b1336560d72a7f72f15a8e106bb7c9d4db,skin,cheek_viewer_right,6,1,10,0.8800628185272217,0.029473040252923965,0.7733173370361328,,0.013904496096074581
P04-fixed3,9,e73b8f420ce7b7adf3c6acd1e27c331defc6156df9568637b292a35bdf744403,face,whole_roi,fixed,0,0,,0.07454399019479752,0.6816647052764893,0.12434537708759308,
P04-fixed3,9,e73b8f420ce7b7adf3c6acd1e27c331defc6156df9568637b292a35bdf744403,skin,weighted_three_regions,fixed,0,0,,0.02661745461251806,0.7592924454335702,,0.01574335208053098
P04-fixed3,9,e73b8f420ce7b7adf3c6acd1e27c331defc6156df9568637b292a35bdf744403,skin,forehead,fixed,0,0,,0.030871083959937096,0.7173389792442322,,0.017057832330465317
P04-fixed3,9,e73b8f420ce7b7adf3c6acd1e27c331defc6156df9568637b292a35bdf744403,skin,cheek_viewer_left,fixed,0,0,,0.02513573318719864,0.8257301449775696,,0.01531246118247509
P04-fixed3,9,e73b8f420ce7b7adf3c6acd1e27c331defc6156df9568637b292a35bdf744403,skin,cheek_viewer_right,fixed,0,0,,0.015802014619112015,0.8206855654716492,,0.012370730750262737
P04-fixed3,9,e73b8f420ce7b7adf3c6acd1e27c331defc6156df9568637b292a35bdf744403,face,whole_roi,1,2,2,0.8894839286804199,0.06691709905862808,0.7186379432678223,0.11317670345306396,
P04-fixed3,9,e73b8f420ce7b7adf3c6acd1e27c331defc6156df9568637b292a35bdf744403,skin,weighted_three_regions,1,2,2,0.8894839286804199,0.021455593481659888,0.7708172812192369,,0.015280865541494944
P04-fixed3,9,e73b8f420ce7b7adf3c6acd1e27c331defc6156df9568637b292a35bdf744403,skin,forehead,1,2,2,0.8894839286804199,0.021878188475966454,0.7295529246330261,,0.016942424699664116
P04-fixed3,9,e73b8f420ce7b7adf3c6acd1e27c331defc6156df9568637b292a35bdf744403,skin,cheek_viewer_left,1,2,2,0.8894839286804199,0.017030639573931694,0.8513789772987366,,0.01292532216757536
P04-fixed3,9,e73b8f420ce7b7adf3c6acd1e27c331defc6156df9568637b292a35bdf744403,skin,cheek_viewer_right,1,2,2,0.8894839286804199,0.025193551555275917,0.8136458992958069,,0.013054966926574707
P04-fixed3,9,e73b8f420ce7b7adf3c6acd1e27c331defc6156df9568637b292a35bdf744403,face,whole_roi,3,3,2,0.900399923324585,0.07073676586151123,0.6744562983512878,0.12051418423652649,
P04-fixed3,9,e73b8f420ce7b7adf3c6acd1e27c331defc6156df9568637b292a35bdf744403,skin,weighted_three_regions,3,3,2,0.900399923324585,0.022893310011748005,0.7362313977964632,,0.015949584778179142
P04-fixed3,9,e73b8f420ce7b7adf3c6acd1e27c331defc6156df9568637b292a35bdf744403,skin,forehead,3,3,2,0.900399923324585,0.020623035728931427,0.7124353051185608,,0.01638106070458889
P04-fixed3,9,e73b8f420ce7b7adf3c6acd1e27c331defc6156df9568637b292a35bdf744403,skin,cheek_viewer_left,3,3,2,0.900399923324585,0.021229727193713188,0.7880533337593079,,0.01605699211359024
P04-fixed3,9,e73b8f420ce7b7adf3c6acd1e27c331defc6156df9568637b292a35bdf744403,skin,cheek_viewer_right,3,3,2,0.900399923324585,0.031427014619112015,0.7547402381896973,,0.0145625751465559
P04-fixed3,9,e73b8f420ce7b7adf3c6acd1e27c331defc6156df9568637b292a35bdf744403,face,whole_roi,6,3,2,0.9053589701652527,0.07073676586151123,0.6744562983512878,0.12051418423652649,
P04-fixed3,9,e73b8f420ce7b7adf3c6acd1e27c331defc6156df9568637b292a35bdf744403,skin,weighted_three_regions,6,3,2,0.9053589701652527,0.022893310011748005,0.7362313977964632,,0.015949584778179142
P04-fixed3,9,e73b8f420ce7b7adf3c6acd1e27c331defc6156df9568637b292a35bdf744403,skin,forehead,6,3,2,0.9053589701652527,0.020623035728931427,0.7124353051185608,,0.01638106070458889
P04-fixed3,9,e73b8f420ce7b7adf3c6acd1e27c331defc6156df9568637b292a35bdf744403,skin,cheek_viewer_left,6,3,2,0.9053589701652527,0.021229727193713188,0.7880533337593079,,0.01605699211359024
P04-fixed3,9,e73b8f420ce7b7adf3c6acd1e27c331defc6156df9568637b292a35bdf744403,skin,cheek_viewer_right,6,3,2,0.9053589701652527,0.031427014619112015,0.7547402381896973,,0.0145625751465559
P04-fixed3,10,95baf932315b5b66c219615243b71698caa3712c3a211d894c8e981a14e2def0,face,whole_roi,fixed,0,0,,0.1456567794084549,0.5448765754699707,0.22375284135341644,
P04-fixed3,10,95baf932315b5b66c219615243b71698caa3712c3a211d894c8e981a14e2def0,skin,weighted_three_regions,fixed,0,0,,0.03705709395601469,0.7290157748728382,,0.01704345911522122
P04-fixed3,10,95baf932315b5b66c219615243b71698caa3712c3a211d894c8e981a14e2def0,skin,forehead,fixed,0,0,,0.03967008739709854,0.6898429989814758,,0.018330730497837067
P04-fixed3,10,95baf932315b5b66c219615243b71698caa3712c3a211d894c8e981a14e2def0,skin,cheek_viewer_left,fixed,0,0,,0.037957776337862015,0.7868229746818542,,0.01689389906823635
P04-fixed3,10,95baf932315b5b66c219615243b71698caa3712c3a211d894c8e981a14e2def0,skin,cheek_viewer_right,fixed,0,0,,0.028375934809446335,0.791217029094696,,0.013434185646474361
P04-fixed3,10,95baf932315b5b66c219615243b71698caa3712c3a211d894c8e981a14e2def0,face,whole_roi,1,1,2,0.6716454029083252,0.14039720594882965,0.5727579593658447,0.21751651167869568,
P04-fixed3,10,95baf932315b5b66c219615243b71698caa3712c3a211d894c8e981a14e2def0,skin,weighted_three_regions,1,1,2,0.6716454029083252,0.033674547006102167,0.7369984204952533,,0.017242369364727946
P04-fixed3,10,95baf932315b5b66c219615243b71698caa3712c3a211d894c8e981a14e2def0,skin,forehead,1,1,2,0.6716454029083252,0.03278115764260292,0.6994238495826721,,0.018787283450365067
P04-fixed3,10,95baf932315b5b66c219615243b71698caa3712c3a211d894c8e981a14e2def0,skin,cheek_viewer_left,1,1,2,0.6716454029083252,0.03397568687796593,0.7962824702262878,,0.016068322584033012
P04-fixed3,10,95baf932315b5b66c219615243b71698caa3712c3a211d894c8e981a14e2def0,skin,cheek_viewer_right,1,1,2,0.6716454029083252,0.03595743700861931,0.7922365665435791,,0.01402958482503891
P04-fixed3,10,95baf932315b5b66c219615243b71698caa3712c3a211d894c8e981a14e2def0,face,whole_roi,3,1,1,0.6736409664154053,0.14233317971229553,0.5573118925094604,0.2198472023010254,
P04-fixed3,10,95baf932315b5b66c219615243b71698caa3712c3a211d894c8e981a14e2def0,skin,weighted_three_regions,3,1,1,0.6736409664154053,0.034128412126618275,0.7219802346109783,,0.01750303157221745
P04-fixed3,10,95baf932315b5b66c219615243b71698caa3712c3a211d894c8e981a14e2def0,skin,forehead,3,1,1,0.6736409664154053,0.03504984825849533,0.6735928058624268,,0.019268536940217018
P04-fixed3,10,95baf932315b5b66c219615243b71698caa3712c3a211d894c8e981a14e2def0,skin,cheek_viewer_left,3,1,1,0.6736409664154053,0.03157312050461769,0.8076760172843933,,0.01550253015011549
P04-fixed3,10,95baf932315b5b66c219615243b71698caa3712c3a211d894c8e981a14e2def0,skin,cheek_viewer_right,3,1,1,0.6736409664154053,0.03429913893342018,0.7823240756988525,,0.01457267813384533
P04-fixed3,10,95baf932315b5b66c219615243b71698caa3712c3a211d894c8e981a14e2def0,face,whole_roi,6,0,0,0.6720257997512817,0.1456567794084549,0.5448765754699707,0.22375284135341644,
P04-fixed3,10,95baf932315b5b66c219615243b71698caa3712c3a211d894c8e981a14e2def0,skin,weighted_three_regions,6,0,0,0.6720257997512817,0.03705709395601469,0.7290157748728382,,0.01704345911522122
P04-fixed3,10,95baf932315b5b66c219615243b71698caa3712c3a211d894c8e981a14e2def0,skin,forehead,6,0,0,0.6720257997512817,0.03967008739709854,0.6898429989814758,,0.018330730497837067
P04-fixed3,10,95baf932315b5b66c219615243b71698caa3712c3a211d894c8e981a14e2def0,skin,cheek_viewer_left,6,0,0,0.6720257997512817,0.037957776337862015,0.7868229746818542,,0.01689389906823635
P04-fixed3,10,95baf932315b5b66c219615243b71698caa3712c3a211d894c8e981a14e2def0,skin,cheek_viewer_right,6,0,0,0.6720257997512817,0.028375934809446335,0.791217029094696,,0.013434185646474361
P04-triggered,1,72f0074fe7df1b717d90d2db6df234212b5df2afc6166f11a13d73a80952dcea,face,whole_roi,fixed,0,0,,0.01840371824800968,0.8883209228515625,0.031728047877550125,
P04-triggered,1,72f0074fe7df1b717d90d2db6df234212b5df2afc6166f11a13d73a80952dcea,skin,weighted_three_regions,fixed,0,0,,0.015498846468022642,0.846485067012733,,0.012211373796796097
P04-triggered,1,72f0074fe7df1b717d90d2db6df234212b5df2afc6166f11a13d73a80952dcea,skin,forehead,fixed,0,0,,0.015320698730647564,0.8242051601409912,,0.013025902211666107
P04-triggered,1,72f0074fe7df1b717d90d2db6df234212b5df2afc6166f11a13d73a80952dcea,skin,cheek_viewer_left,fixed,0,0,,0.015051698312163353,0.8879440426826477,,0.011002710089087486
P04-triggered,1,72f0074fe7df1b717d90d2db6df234212b5df2afc6166f11a13d73a80952dcea,skin,cheek_viewer_right,fixed,0,0,,0.0165246669203043,0.8719620108604431,,0.011180867440998554
P04-triggered,1,72f0074fe7df1b717d90d2db6df234212b5df2afc6166f11a13d73a80952dcea,face,whole_roi,1,0,0,0.9951382875442505,0.01840371824800968,0.8883209228515625,0.031728047877550125,
P04-triggered,1,72f0074fe7df1b717d90d2db6df234212b5df2afc6166f11a13d73a80952dcea,skin,weighted_three_regions,1,0,0,0.9951382875442505,0.015498846468022642,0.846485067012733,,0.012211373796796097
P04-triggered,1,72f0074fe7df1b717d90d2db6df234212b5df2afc6166f11a13d73a80952dcea,skin,forehead,1,0,0,0.9951382875442505,0.015320698730647564,0.8242051601409912,,0.013025902211666107
P04-triggered,1,72f0074fe7df1b717d90d2db6df234212b5df2afc6166f11a13d73a80952dcea,skin,cheek_viewer_left,1,0,0,0.9951382875442505,0.015051698312163353,0.8879440426826477,,0.011002710089087486
P04-triggered,1,72f0074fe7df1b717d90d2db6df234212b5df2afc6166f11a13d73a80952dcea,skin,cheek_viewer_right,1,0,0,0.9951382875442505,0.0165246669203043,0.8719620108604431,,0.011180867440998554
P04-triggered,1,72f0074fe7df1b717d90d2db6df234212b5df2afc6166f11a13d73a80952dcea,face,whole_roi,3,0,0,0.998278796672821,0.01840371824800968,0.8883209228515625,0.031728047877550125,
P04-triggered,1,72f0074fe7df1b717d90d2db6df234212b5df2afc6166f11a13d73a80952dcea,skin,weighted_three_regions,3,0,0,0.998278796672821,0.015498846468022642,0.846485067012733,,0.012211373796796097
P04-triggered,1,72f0074fe7df1b717d90d2db6df234212b5df2afc6166f11a13d73a80952dcea,skin,forehead,3,0,0,0.998278796672821,0.015320698730647564,0.8242051601409912,,0.013025902211666107
P04-triggered,1,72f0074fe7df1b717d90d2db6df234212b5df2afc6166f11a13d73a80952dcea,skin,cheek_viewer_left,3,0,0,0.998278796672821,0.015051698312163353,0.8879440426826477,,0.011002710089087486
P04-triggered,1,72f0074fe7df1b717d90d2db6df234212b5df2afc6166f11a13d73a80952dcea,skin,cheek_viewer_right,3,0,0,0.998278796672821,0.0165246669203043,0.8719620108604431,,0.011180867440998554
P04-triggered,1,72f0074fe7df1b717d90d2db6df234212b5df2afc6166f11a13d73a80952dcea,face,whole_roi,6,0,0,0.9991633296012878,0.01840371824800968,0.8883209228515625,0.031728047877550125,
P04-triggered,1,72f0074fe7df1b717d90d2db6df234212b5df2afc6166f11a13d73a80952dcea,skin,weighted_three_regions,6,0,0,0.9991633296012878,0.015498846468022642,0.846485067012733,,0.012211373796796097
P04-triggered,1,72f0074fe7df1b717d90d2db6df234212b5df2afc6166f11a13d73a80952dcea,skin,forehead,6,0,0,0.9991633296012878,0.015320698730647564,0.8242051601409912,,0.013025902211666107
P04-triggered,1,72f0074fe7df1b717d90d2db6df234212b5df2afc6166f11a13d73a80952dcea,skin,cheek_viewer_left,6,0,0,0.9991633296012878,0.015051698312163353,0.8879440426826477,,0.011002710089087486
P04-triggered,1,72f0074fe7df1b717d90d2db6df234212b5df2afc6166f11a13d73a80952dcea,skin,cheek_viewer_right,6,0,0,0.9991633296012878,0.0165246669203043,0.8719620108604431,,0.011180867440998554
P04-triggered,2,06b5c9dc02fbf13fc15f528b85b948100afb06fac95032453399dab4f05e8cb7,face,whole_roi,fixed,0,0,,0.025968050584197044,0.8348621726036072,0.05477737635374069,
P04-triggered,2,06b5c9dc02fbf13fc15f528b85b948100afb06fac95032453399dab4f05e8cb7,skin,weighted_three_regions,fixed,0,0,,0.019340060828801464,0.8244217312317254,,0.013067223216023514
P04-triggered,2,06b5c9dc02fbf13fc15f528b85b948100afb06fac95032453399dab4f05e8cb7,skin,forehead,fixed,0,0,,0.01877759024500847,0.8036765456199646,,0.013794433325529099
P04-triggered,2,06b5c9dc02fbf13fc15f528b85b948100afb06fac95032453399dab4f05e8cb7,skin,cheek_viewer_left,fixed,0,0,,0.02113981358706951,0.8600261807441711,,0.012550477869808674
P04-triggered,2,06b5c9dc02fbf13fc15f528b85b948100afb06fac95032453399dab4f05e8cb7,skin,cheek_viewer_right,fixed,0,0,,0.01896592229604721,0.8516037464141846,,0.011514546349644661
P04-triggered,2,06b5c9dc02fbf13fc15f528b85b948100afb06fac95032453399dab4f05e8cb7,face,whole_roi,1,0,-1,0.9931927919387817,0.023362623527646065,0.8567665219306946,0.05424788221716881,
P04-triggered,2,06b5c9dc02fbf13fc15f528b85b948100afb06fac95032453399dab4f05e8cb7,skin,weighted_three_regions,1,0,-1,0.9931927919387817,0.019138407459592117,0.8130026028332193,,0.013504024484359166
P04-triggered,2,06b5c9dc02fbf13fc15f528b85b948100afb06fac95032453399dab4f05e8cb7,skin,forehead,1,0,-1,0.9931927919387817,0.018594637513160706,0.7932541370391846,,0.013928127475082874
P04-triggered,2,06b5c9dc02fbf13fc15f528b85b948100afb06fac95032453399dab4f05e8cb7,skin,cheek_viewer_left,1,0,-1,0.9931927919387817,0.02065134607255459,0.856637179851532,,0.013262646272778511
P04-triggered,2,06b5c9dc02fbf13fc15f528b85b948100afb06fac95032453399dab4f05e8cb7,skin,cheek_viewer_right,1,0,-1,0.9931927919387817,0.019032057374715805,0.8276392817497253,,0.012531034648418427
P04-triggered,2,06b5c9dc02fbf13fc15f528b85b948100afb06fac95032453399dab4f05e8cb7,face,whole_roi,3,0,-1,0.9968666434288025,0.023362623527646065,0.8567665219306946,0.05424788221716881,
P04-triggered,2,06b5c9dc02fbf13fc15f528b85b948100afb06fac95032453399dab4f05e8cb7,skin,weighted_three_regions,3,0,-1,0.9968666434288025,0.019138407459592117,0.8130026028332193,,0.013504024484359166
P04-triggered,2,06b5c9dc02fbf13fc15f528b85b948100afb06fac95032453399dab4f05e8cb7,skin,forehead,3,0,-1,0.9968666434288025,0.018594637513160706,0.7932541370391846,,0.013928127475082874
P04-triggered,2,06b5c9dc02fbf13fc15f528b85b948100afb06fac95032453399dab4f05e8cb7,skin,cheek_viewer_left,3,0,-1,0.9968666434288025,0.02065134607255459,0.856637179851532,,0.013262646272778511
P04-triggered,2,06b5c9dc02fbf13fc15f528b85b948100afb06fac95032453399dab4f05e8cb7,skin,cheek_viewer_right,3,0,-1,0.9968666434288025,0.019032057374715805,0.8276392817497253,,0.012531034648418427
P04-triggered,2,06b5c9dc02fbf13fc15f528b85b948100afb06fac95032453399dab4f05e8cb7,face,whole_roi,6,0,-1,0.9980335235595703,0.023362623527646065,0.8567665219306946,0.05424788221716881,
P04-triggered,2,06b5c9dc02fbf13fc15f528b85b948100afb06fac95032453399dab4f05e8cb7,skin,weighted_three_regions,6,0,-1,0.9980335235595703,0.019138407459592117,0.8130026028332193,,0.013504024484359166
P04-triggered,2,06b5c9dc02fbf13fc15f528b85b948100afb06fac95032453399dab4f05e8cb7,skin,forehead,6,0,-1,0.9980335235595703,0.018594637513160706,0.7932541370391846,,0.013928127475082874
P04-triggered,2,06b5c9dc02fbf13fc15f528b85b948100afb06fac95032453399dab4f05e8cb7,skin,cheek_viewer_left,6,0,-1,0.9980335235595703,0.02065134607255459,0.856637179851532,,0.013262646272778511
P04-triggered,2,06b5c9dc02fbf13fc15f528b85b948100afb06fac95032453399dab4f05e8cb7,skin,cheek_viewer_right,6,0,-1,0.9980335235595703,0.019032057374715805,0.8276392817497253,,0.012531034648418427
P04-triggered,3,fd9030e0ebd440bbeb4792bbf6b179300e8a955231e8966d01c9dc2613009445,face,whole_roi,fixed,0,0,,0.018093613907694817,0.8852024078369141,0.033253010362386703,
P04-triggered,3,fd9030e0ebd440bbeb4792bbf6b179300e8a955231e8966d01c9dc2613009445,skin,weighted_three_regions,fixed,0,0,,0.014148404370335972,0.8422168594327415,,0.012271989209248739
P04-triggered,3,fd9030e0ebd440bbeb4792bbf6b179300e8a955231e8966d01c9dc2613009445,skin,forehead,fixed,0,0,,0.014481830410659313,0.8149242997169495,,0.013326714746654034
P04-triggered,3,fd9030e0ebd440bbeb4792bbf6b179300e8a955231e8966d01c9dc2613009445,skin,cheek_viewer_left,fixed,0,0,,0.014135283417999744,0.8922998905181885,,0.010839379392564297
P04-triggered,3,fd9030e0ebd440bbeb4792bbf6b179300e8a955231e8966d01c9dc2613009445,skin,cheek_viewer_right,fixed,0,0,,0.013184718787670135,0.874237596988678,,0.010788558050990105
P04-triggered,3,fd9030e0ebd440bbeb4792bbf6b179300e8a955231e8966d01c9dc2613009445,face,whole_roi,1,0,-1,0.9959049820899963,0.018137197941541672,0.8782609105110168,0.03545316308736801,
P04-triggered,3,fd9030e0ebd440bbeb4792bbf6b179300e8a955231e8966d01c9dc2613009445,skin,weighted_three_regions,1,0,-1,0.9959049820899963,0.015126105026506326,0.8156571885105953,,0.013684809696586694
P04-triggered,3,fd9030e0ebd440bbeb4792bbf6b179300e8a955231e8966d01c9dc2613009445,skin,forehead,1,0,-1,0.9959049820899963,0.01542841549962759,0.7874998450279236,,0.014504016377031803
P04-triggered,3,fd9030e0ebd440bbeb4792bbf6b179300e8a955231e8966d01c9dc2613009445,skin,cheek_viewer_left,1,0,-1,0.9959049820899963,0.015315385535359383,0.8757508397102356,,0.012618121691048145
P04-triggered,3,fd9030e0ebd440bbeb4792bbf6b179300e8a955231e8966d01c9dc2613009445,skin,cheek_viewer_right,1,0,-1,0.9959049820899963,0.014026027172803879,0.8389728665351868,,0.01248085219413042
P04-triggered,3,fd9030e0ebd440bbeb4792bbf6b179300e8a955231e8966d01c9dc2613009445,face,whole_roi,3,0,-1,0.9984006881713867,0.018137197941541672,0.8782609105110168,0.03545316308736801,
P04-triggered,3,fd9030e0ebd440bbeb4792bbf6b179300e8a955231e8966d01c9dc2613009445,skin,weighted_three_regions,3,0,-1,0.9984006881713867,0.015126105026506326,0.8156571885105953,,0.013684809696586694
P04-triggered,3,fd9030e0ebd440bbeb4792bbf6b179300e8a955231e8966d01c9dc2613009445,skin,forehead,3,0,-1,0.9984006881713867,0.01542841549962759,0.7874998450279236,,0.014504016377031803
P04-triggered,3,fd9030e0ebd440bbeb4792bbf6b179300e8a955231e8966d01c9dc2613009445,skin,cheek_viewer_left,3,0,-1,0.9984006881713867,0.015315385535359383,0.8757508397102356,,0.012618121691048145
P04-triggered,3,fd9030e0ebd440bbeb4792bbf6b179300e8a955231e8966d01c9dc2613009445,skin,cheek_viewer_right,3,0,-1,0.9984006881713867,0.014026027172803879,0.8389728665351868,,0.01248085219413042
P04-triggered,3,fd9030e0ebd440bbeb4792bbf6b179300e8a955231e8966d01c9dc2613009445,face,whole_roi,6,0,-1,0.9991494417190552,0.018137197941541672,0.8782609105110168,0.03545316308736801,
P04-triggered,3,fd9030e0ebd440bbeb4792bbf6b179300e8a955231e8966d01c9dc2613009445,skin,weighted_three_regions,6,0,-1,0.9991494417190552,0.015126105026506326,0.8156571885105953,,0.013684809696586694
P04-triggered,3,fd9030e0ebd440bbeb4792bbf6b179300e8a955231e8966d01c9dc2613009445,skin,forehead,6,0,-1,0.9991494417190552,0.01542841549962759,0.7874998450279236,,0.014504016377031803
P04-triggered,3,fd9030e0ebd440bbeb4792bbf6b179300e8a955231e8966d01c9dc2613009445,skin,cheek_viewer_left,6,0,-1,0.9991494417190552,0.015315385535359383,0.8757508397102356,,0.012618121691048145
P04-triggered,3,fd9030e0ebd440bbeb4792bbf6b179300e8a955231e8966d01c9dc2613009445,skin,cheek_viewer_right,6,0,-1,0.9991494417190552,0.014026027172803879,0.8389728665351868,,0.01248085219413042
P04-triggered,4,0dad891319963f217bc8f572380689d59a5e4c3a16af6d3a9f181c7399fef472,face,whole_roi,fixed,0,0,,0.026393255218863487,0.8662427067756653,0.058615006506443024,
P04-triggered,4,0dad891319963f217bc8f572380689d59a5e4c3a16af6d3a9f181c7399fef472,skin,weighted_three_regions,fixed,0,0,,0.017038255149827285,0.8466060504059963,,0.011981223846840508
P04-triggered,4,0dad891319963f217bc8f572380689d59a5e4c3a16af6d3a9f181c7399fef472,skin,forehead,fixed,0,0,,0.018277784809470177,0.8233875632286072,,0.012503222562372684
P04-triggered,4,0dad891319963f217bc8f572380689d59a5e4c3a16af6d3a9f181c7399fef472,skin,cheek_viewer_left,fixed,0,0,,0.016454854980111122,0.8881281018257141,,0.011493036523461342
P04-triggered,4,0dad891319963f217bc8f572380689d59a5e4c3a16af6d3a9f181c7399fef472,skin,cheek_viewer_right,fixed,0,0,,0.014057151041924953,0.875098705291748,,0.010998616926372051
P04-triggered,4,0dad891319963f217bc8f572380689d59a5e4c3a16af6d3a9f181c7399fef472,face,whole_roi,1,0,0,0.9607133865356445,0.026393255218863487,0.8662427067756653,0.058615006506443024,
P04-triggered,4,0dad891319963f217bc8f572380689d59a5e4c3a16af6d3a9f181c7399fef472,skin,weighted_three_regions,1,0,0,0.9607133865356445,0.017038255149827285,0.8466060504059963,,0.011981223846840508
P04-triggered,4,0dad891319963f217bc8f572380689d59a5e4c3a16af6d3a9f181c7399fef472,skin,forehead,1,0,0,0.9607133865356445,0.018277784809470177,0.8233875632286072,,0.012503222562372684
P04-triggered,4,0dad891319963f217bc8f572380689d59a5e4c3a16af6d3a9f181c7399fef472,skin,cheek_viewer_left,1,0,0,0.9607133865356445,0.016454854980111122,0.8881281018257141,,0.011493036523461342
P04-triggered,4,0dad891319963f217bc8f572380689d59a5e4c3a16af6d3a9f181c7399fef472,skin,cheek_viewer_right,1,0,0,0.9607133865356445,0.014057151041924953,0.875098705291748,,0.010998616926372051
P04-triggered,4,0dad891319963f217bc8f572380689d59a5e4c3a16af6d3a9f181c7399fef472,face,whole_roi,3,0,-1,0.9656414985656738,0.03145251423120499,0.8049346804618835,0.06547147035598755,
P04-triggered,4,0dad891319963f217bc8f572380689d59a5e4c3a16af6d3a9f181c7399fef472,skin,weighted_three_regions,3,0,-1,0.9656414985656738,0.018823144928935696,0.7902987067890317,,0.014712433855542365
P04-triggered,4,0dad891319963f217bc8f572380689d59a5e4c3a16af6d3a9f181c7399fef472,skin,forehead,3,0,-1,0.9656414985656738,0.020002253353595734,0.7518141865730286,,0.015797017142176628
P04-triggered,4,0dad891319963f217bc8f572380689d59a5e4c3a16af6d3a9f181c7399fef472,skin,cheek_viewer_left,3,0,-1,0.9656414985656738,0.0187899861484766,0.8679785132408142,,0.013562995009124279
P04-triggered,4,0dad891319963f217bc8f572380689d59a5e4c3a16af6d3a9f181c7399fef472,skin,cheek_viewer_right,3,0,-1,0.9656414985656738,0.015400326810777187,0.827305257320404,,0.012822817079722881
P04-triggered,4,0dad891319963f217bc8f572380689d59a5e4c3a16af6d3a9f181c7399fef472,face,whole_roi,6,-1,-1,0.9688055515289307,0.03195105865597725,0.7913746237754822,0.06571666896343231,
P04-triggered,4,0dad891319963f217bc8f572380689d59a5e4c3a16af6d3a9f181c7399fef472,skin,weighted_three_regions,6,-1,-1,0.9688055515289307,0.020134179872625016,0.7613772541237775,,0.01637387881603311
P04-triggered,4,0dad891319963f217bc8f572380689d59a5e4c3a16af6d3a9f181c7399fef472,skin,forehead,6,-1,-1,0.9688055515289307,0.022070424631237984,0.7232410311698914,,0.018101828172802925
P04-triggered,4,0dad891319963f217bc8f572380689d59a5e4c3a16af6d3a9f181c7399fef472,skin,cheek_viewer_left,6,-1,-1,0.9688055515289307,0.018056852743029594,0.843468189239502,,0.013987205922603607
P04-triggered,4,0dad891319963f217bc8f572380689d59a5e4c3a16af6d3a9f181c7399fef472,skin,cheek_viewer_right,6,-1,-1,0.9688055515289307,0.016789216548204422,0.7921479344367981,,0.013988177292048931
P04-triggered,5,36e4aacca1f0e0f9d1f647dfc4f8b02e75f31fca083b8cfced9aff3ea0d67803,face,whole_roi,fixed,0,0,,0.09568075835704803,0.5687956809997559,0.18760992586612701,
P04-triggered,5,36e4aacca1f0e0f9d1f647dfc4f8b02e75f31fca083b8cfced9aff3ea0d67803,skin,weighted_three_regions,fixed,0,0,,0.051509616379352176,0.6859636392847897,,0.01743239488452673
P04-triggered,5,36e4aacca1f0e0f9d1f647dfc4f8b02e75f31fca083b8cfced9aff3ea0d67803,skin,forehead,fixed,0,0,,0.06627524644136429,0.641238272190094,,0.018766041845083237
P04-triggered,5,36e4aacca1f0e0f9d1f647dfc4f8b02e75f31fca083b8cfced9aff3ea0d67803,skin,cheek_viewer_left,fixed,0,0,,0.03629526123404503,0.7503235936164856,,0.017399797216057777
P04-triggered,5,36e4aacca1f0e0f9d1f647dfc4f8b02e75f31fca083b8cfced9aff3ea0d67803,skin,cheek_viewer_right,fixed,0,0,,0.025295672938227654,0.7588753700256348,,0.01355544850230217
P04-triggered,5,36e4aacca1f0e0f9d1f647dfc4f8b02e75f31fca083b8cfced9aff3ea0d67803,face,whole_roi,1,0,8,0.8848715424537659,0.07467646896839142,0.6490752696990967,0.13018178939819336,
P04-triggered,5,36e4aacca1f0e0f9d1f647dfc4f8b02e75f31fca083b8cfced9aff3ea0d67803,skin,weighted_three_regions,1,0,8,0.8848715424537659,0.039222222439506474,0.7259862060823845,,0.017438989307950525
P04-triggered,5,36e4aacca1f0e0f9d1f647dfc4f8b02e75f31fca083b8cfced9aff3ea0d67803,skin,forehead,1,0,8,0.8848715424537659,0.036395151168107986,0.6992285251617432,,0.01778799295425415
P04-triggered,5,36e4aacca1f0e0f9d1f647dfc4f8b02e75f31fca083b8cfced9aff3ea0d67803,skin,cheek_viewer_left,1,0,8,0.8848715424537659,0.05163831263780594,0.7388307452201843,,0.01995784044265747
P04-triggered,5,36e4aacca1f0e0f9d1f647dfc4f8b02e75f31fca083b8cfced9aff3ea0d67803,skin,cheek_viewer_right,1,0,8,0.8848715424537659,0.03355022892355919,0.7992143630981445,,0.013581122271716595
P04-triggered,5,36e4aacca1f0e0f9d1f647dfc4f8b02e75f31fca083b8cfced9aff3ea0d67803,face,whole_roi,3,0,8,0.9098455905914307,0.07467646896839142,0.6490752696990967,0.13018178939819336,
P04-triggered,5,36e4aacca1f0e0f9d1f647dfc4f8b02e75f31fca083b8cfced9aff3ea0d67803,skin,weighted_three_regions,3,0,8,0.9098455905914307,0.039222222439506474,0.7259862060823845,,0.017438989307950525
P04-triggered,5,36e4aacca1f0e0f9d1f647dfc4f8b02e75f31fca083b8cfced9aff3ea0d67803,skin,forehead,3,0,8,0.9098455905914307,0.036395151168107986,0.6992285251617432,,0.01778799295425415
P04-triggered,5,36e4aacca1f0e0f9d1f647dfc4f8b02e75f31fca083b8cfced9aff3ea0d67803,skin,cheek_viewer_left,3,0,8,0.9098455905914307,0.05163831263780594,0.7388307452201843,,0.01995784044265747
P04-triggered,5,36e4aacca1f0e0f9d1f647dfc4f8b02e75f31fca083b8cfced9aff3ea0d67803,skin,cheek_viewer_right,3,0,8,0.9098455905914307,0.03355022892355919,0.7992143630981445,,0.013581122271716595
P04-triggered,5,36e4aacca1f0e0f9d1f647dfc4f8b02e75f31fca083b8cfced9aff3ea0d67803,face,whole_roi,6,0,8,0.9218950867652893,0.07467646896839142,0.6490752696990967,0.13018178939819336,
P04-triggered,5,36e4aacca1f0e0f9d1f647dfc4f8b02e75f31fca083b8cfced9aff3ea0d67803,skin,weighted_three_regions,6,0,8,0.9218950867652893,0.039222222439506474,0.7259862060823845,,0.017438989307950525
P04-triggered,5,36e4aacca1f0e0f9d1f647dfc4f8b02e75f31fca083b8cfced9aff3ea0d67803,skin,forehead,6,0,8,0.9218950867652893,0.036395151168107986,0.6992285251617432,,0.01778799295425415
P04-triggered,5,36e4aacca1f0e0f9d1f647dfc4f8b02e75f31fca083b8cfced9aff3ea0d67803,skin,cheek_viewer_left,6,0,8,0.9218950867652893,0.05163831263780594,0.7388307452201843,,0.01995784044265747
P04-triggered,5,36e4aacca1f0e0f9d1f647dfc4f8b02e75f31fca083b8cfced9aff3ea0d67803,skin,cheek_viewer_right,6,0,8,0.9218950867652893,0.03355022892355919,0.7992143630981445,,0.013581122271716595
P04-triggered,6,f82b496989668c7523ce98f6f322fed5f4b0c62c48bfc767e7e40ac7d88ad421,face,whole_roi,fixed,0,0,,0.11808444559574127,0.46854367852211,0.23934999108314514,
P04-triggered,6,f82b496989668c7523ce98f6f322fed5f4b0c62c48bfc767e7e40ac7d88ad421,skin,weighted_three_regions,fixed,0,0,,0.044540561886832995,0.6880761963231972,,0.016845404273446867
P04-triggered,6,f82b496989668c7523ce98f6f322fed5f4b0c62c48bfc767e7e40ac7d88ad421,skin,forehead,fixed,0,0,,0.05702614411711693,0.6539673805236816,,0.018176428973674774
P04-triggered,6,f82b496989668c7523ce98f6f322fed5f4b0c62c48bfc767e7e40ac7d88ad421,skin,cheek_viewer_left,fixed,0,0,,0.027320435270667076,0.7503532767295837,,0.016341742128133774
P04-triggered,6,f82b496989668c7523ce98f6f322fed5f4b0c62c48bfc767e7e40ac7d88ad421,skin,cheek_viewer_right,fixed,0,0,,0.027273965999484062,0.728456437587738,,0.01350610051304102
P04-triggered,6,f82b496989668c7523ce98f6f322fed5f4b0c62c48bfc767e7e40ac7d88ad421,face,whole_roi,1,1,11,0.853718638420105,0.07823135703802109,0.6631171107292175,0.14190733432769775,
P04-triggered,6,f82b496989668c7523ce98f6f322fed5f4b0c62c48bfc767e7e40ac7d88ad421,skin,weighted_three_regions,1,1,11,0.853718638420105,0.020797579564592418,0.7474783522367852,,0.016448048633687637
P04-triggered,6,f82b496989668c7523ce98f6f322fed5f4b0c62c48bfc767e7e40ac7d88ad421,skin,forehead,1,1,11,0.853718638420105,0.02216786891222,0.6969531178474426,,0.01827777549624443
P04-triggered,6,f82b496989668c7523ce98f6f322fed5f4b0c62c48bfc767e7e40ac7d88ad421,skin,cheek_viewer_left,1,1,11,0.853718638420105,0.017235536128282547,0.8507359027862549,,0.013781685382127762
P04-triggered,6,f82b496989668c7523ce98f6f322fed5f4b0c62c48bfc767e7e40ac7d88ad421,skin,cheek_viewer_right,1,1,11,0.853718638420105,0.02078373171389103,0.7945932745933533,,0.014078330248594284
P04-triggered,6,f82b496989668c7523ce98f6f322fed5f4b0c62c48bfc767e7e40ac7d88ad421,face,whole_roi,3,1,11,0.8654777407646179,0.07823135703802109,0.6631171107292175,0.14190733432769775,
P04-triggered,6,f82b496989668c7523ce98f6f322fed5f4b0c62c48bfc767e7e40ac7d88ad421,skin,weighted_three_regions,3,1,11,0.8654777407646179,0.020797579564592418,0.7474783522367852,,0.016448048633687637
P04-triggered,6,f82b496989668c7523ce98f6f322fed5f4b0c62c48bfc767e7e40ac7d88ad421,skin,forehead,3,1,11,0.8654777407646179,0.02216786891222,0.6969531178474426,,0.01827777549624443
P04-triggered,6,f82b496989668c7523ce98f6f322fed5f4b0c62c48bfc767e7e40ac7d88ad421,skin,cheek_viewer_left,3,1,11,0.8654777407646179,0.017235536128282547,0.8507359027862549,,0.013781685382127762
P04-triggered,6,f82b496989668c7523ce98f6f322fed5f4b0c62c48bfc767e7e40ac7d88ad421,skin,cheek_viewer_right,3,1,11,0.8654777407646179,0.02078373171389103,0.7945932745933533,,0.014078330248594284
P04-triggered,6,f82b496989668c7523ce98f6f322fed5f4b0c62c48bfc767e7e40ac7d88ad421,face,whole_roi,6,1,10,0.8761700987815857,0.08089078217744827,0.6428778767585754,0.1426379233598709,
P04-triggered,6,f82b496989668c7523ce98f6f322fed5f4b0c62c48bfc767e7e40ac7d88ad421,skin,weighted_three_regions,6,1,10,0.8761700987815857,0.021453286700827235,0.7483996569268183,,0.015968118678121007
P04-triggered,6,f82b496989668c7523ce98f6f322fed5f4b0c62c48bfc767e7e40ac7d88ad421,skin,forehead,6,1,10,0.8761700987815857,0.02403849922120571,0.6957874298095703,,0.01797124743461609
P04-triggered,6,f82b496989668c7523ce98f6f322fed5f4b0c62c48bfc767e7e40ac7d88ad421,skin,cheek_viewer_left,6,1,10,0.8761700987815857,0.01618165895342827,0.8572457432746887,,0.012818485498428345
P04-triggered,6,f82b496989668c7523ce98f6f322fed5f4b0c62c48bfc767e7e40ac7d88ad421,skin,cheek_viewer_right,6,1,10,0.8761700987815857,0.01979750022292137,0.795933723449707,,0.013633226975798607
P04-triggered,7,c232ff01835bf0e4dfecaa22e4fd006c07f29a84ce13ce0da227edc4f3ff397f,face,whole_roi,fixed,0,0,,0.03167292848229408,0.8630642294883728,0.06362206488847733,
P04-triggered,7,c232ff01835bf0e4dfecaa22e4fd006c07f29a84ce13ce0da227edc4f3ff397f,skin,weighted_three_regions,fixed,0,0,,0.016078623797306242,0.8446508782624824,,0.012048400586799663
P04-triggered,7,c232ff01835bf0e4dfecaa22e4fd006c07f29a84ce13ce0da227edc4f3ff397f,skin,forehead,fixed,0,0,,0.015098636038601398,0.8239564895629883,,0.012705162167549133
P04-triggered,7,c232ff01835bf0e4dfecaa22e4fd006c07f29a84ce13ce0da227edc4f3ff397f,skin,cheek_viewer_left,fixed,0,0,,0.016432374715805054,0.8888540267944336,,0.010986427776515484
P04-triggered,7,c232ff01835bf0e4dfecaa22e4fd006c07f29a84ce13ce0da227edc4f3ff397f,skin,cheek_viewer_right,fixed,0,0,,0.01855645142495632,0.8617441654205322,,0.011315837502479553
P04-triggered,7,c232ff01835bf0e4dfecaa22e4fd006c07f29a84ce13ce0da227edc4f3ff397f,face,whole_roi,1,0,-1,0.9624031186103821,0.03250129148364067,0.850684642791748,0.0666557252407074,
P04-triggered,7,c232ff01835bf0e4dfecaa22e4fd006c07f29a84ce13ce0da227edc4f3ff397f,skin,weighted_three_regions,1,0,-1,0.9624031186103821,0.017263745056355702,0.8137546000151282,,0.0138517000975416
P04-triggered,7,c232ff01835bf0e4dfecaa22e4fd006c07f29a84ce13ce0da227edc4f3ff397f,skin,forehead,1,0,-1,0.9624031186103821,0.017384229227900505,0.7860376238822937,,0.01486588828265667
P04-triggered,7,c232ff01835bf0e4dfecaa22e4fd006c07f29a84ce13ce0da227edc4f3ff397f,skin,cheek_viewer_left,1,0,-1,0.9624031186103821,0.016306152567267418,0.8767866492271423,,0.012274916283786297
P04-triggered,7,c232ff01835bf0e4dfecaa22e4fd006c07f29a84ce13ce0da227edc4f3ff397f,skin,cheek_viewer_right,1,0,-1,0.9624031186103821,0.01798747293651104,0.8322307467460632,,0.012649422511458397
P04-triggered,7,c232ff01835bf0e4dfecaa22e4fd006c07f29a84ce13ce0da227edc4f3ff397f,face,whole_roi,3,0,-1,0.9683824777603149,0.03250129148364067,0.850684642791748,0.0666557252407074,
P04-triggered,7,c232ff01835bf0e4dfecaa22e4fd006c07f29a84ce13ce0da227edc4f3ff397f,skin,weighted_three_regions,3,0,-1,0.9683824777603149,0.017263745056355702,0.8137546000151282,,0.0138517000975416
P04-triggered,7,c232ff01835bf0e4dfecaa22e4fd006c07f29a84ce13ce0da227edc4f3ff397f,skin,forehead,3,0,-1,0.9683824777603149,0.017384229227900505,0.7860376238822937,,0.01486588828265667
P04-triggered,7,c232ff01835bf0e4dfecaa22e4fd006c07f29a84ce13ce0da227edc4f3ff397f,skin,cheek_viewer_left,3,0,-1,0.9683824777603149,0.016306152567267418,0.8767866492271423,,0.012274916283786297
P04-triggered,7,c232ff01835bf0e4dfecaa22e4fd006c07f29a84ce13ce0da227edc4f3ff397f,skin,cheek_viewer_right,3,0,-1,0.9683824777603149,0.01798747293651104,0.8322307467460632,,0.012649422511458397
P04-triggered,7,c232ff01835bf0e4dfecaa22e4fd006c07f29a84ce13ce0da227edc4f3ff397f,face,whole_roi,6,0,-2,0.9723435640335083,0.03805570676922798,0.7870244383811951,0.06985662877559662,
P04-triggered,7,c232ff01835bf0e4dfecaa22e4fd006c07f29a84ce13ce0da227edc4f3ff397f,skin,weighted_three_regions,6,0,-2,0.9723435640335083,0.019041906238040505,0.7885698876350977,,0.014846946188413045
P04-triggered,7,c232ff01835bf0e4dfecaa22e4fd006c07f29a84ce13ce0da227edc4f3ff397f,skin,forehead,6,0,-2,0.9723435640335083,0.020331701263785362,0.7556281089782715,,0.016313904896378517
P04-triggered,7,c232ff01835bf0e4dfecaa22e4fd006c07f29a84ce13ce0da227edc4f3ff397f,skin,cheek_viewer_left,6,0,-2,0.9723435640335083,0.016792889684438705,0.8606338500976562,,0.012938660569489002
P04-triggered,7,c232ff01835bf0e4dfecaa22e4fd006c07f29a84ce13ce0da227edc4f3ff397f,skin,cheek_viewer_right,6,0,-2,0.9723435640335083,0.017787115648388863,0.8138173222541809,,0.01268894225358963
P04-triggered,8,3014d2c1bde808ff66c027895de2e1ee37d9d75dd5307dce2d7ddfe17b9ab39f,face,whole_roi,fixed,0,0,,0.04390442743897438,0.8412739634513855,0.08152759820222855,
P04-triggered,8,3014d2c1bde808ff66c027895de2e1ee37d9d75dd5307dce2d7ddfe17b9ab39f,skin,weighted_three_regions,fixed,0,0,,0.014005766596425983,0.8576221065581126,,0.011628397657152484
P04-triggered,8,3014d2c1bde808ff66c027895de2e1ee37d9d75dd5307dce2d7ddfe17b9ab39f,skin,forehead,fixed,0,0,,0.013783822767436504,0.8389699459075928,,0.012133188545703888
P04-triggered,8,3014d2c1bde808ff66c027895de2e1ee37d9d75dd5307dce2d7ddfe17b9ab39f,skin,cheek_viewer_left,fixed,0,0,,0.014968703500926495,0.8857223987579346,,0.011591924354434013
P04-triggered,8,3014d2c1bde808ff66c027895de2e1ee37d9d75dd5307dce2d7ddfe17b9ab39f,skin,cheek_viewer_right,fixed,0,0,,0.013573762029409409,0.88657546043396,,0.010188109241425991
P04-triggered,8,3014d2c1bde808ff66c027895de2e1ee37d9d75dd5307dce2d7ddfe17b9ab39f,face,whole_roi,1,0,0,0.9336506128311157,0.04390442743897438,0.8412739634513855,0.08152759820222855,
P04-triggered,8,3014d2c1bde808ff66c027895de2e1ee37d9d75dd5307dce2d7ddfe17b9ab39f,skin,weighted_three_regions,1,0,0,0.9336506128311157,0.014005766596425983,0.8576221065581126,,0.011628397657152484
P04-triggered,8,3014d2c1bde808ff66c027895de2e1ee37d9d75dd5307dce2d7ddfe17b9ab39f,skin,forehead,1,0,0,0.9336506128311157,0.013783822767436504,0.8389699459075928,,0.012133188545703888
P04-triggered,8,3014d2c1bde808ff66c027895de2e1ee37d9d75dd5307dce2d7ddfe17b9ab39f,skin,cheek_viewer_left,1,0,0,0.9336506128311157,0.014968703500926495,0.8857223987579346,,0.011591924354434013
P04-triggered,8,3014d2c1bde808ff66c027895de2e1ee37d9d75dd5307dce2d7ddfe17b9ab39f,skin,cheek_viewer_right,1,0,0,0.9336506128311157,0.013573762029409409,0.88657546043396,,0.010188109241425991
P04-triggered,8,3014d2c1bde808ff66c027895de2e1ee37d9d75dd5307dce2d7ddfe17b9ab39f,face,whole_roi,3,0,-1,0.9378072619438171,0.04752016440033913,0.7983755469322205,0.08751408755779266,
P04-triggered,8,3014d2c1bde808ff66c027895de2e1ee37d9d75dd5307dce2d7ddfe17b9ab39f,skin,weighted_three_regions,3,0,-1,0.9378072619438171,0.01603902412688031,0.8055172935011249,,0.013854256501311765
P04-triggered,8,3014d2c1bde808ff66c027895de2e1ee37d9d75dd5307dce2d7ddfe17b9ab39f,skin,forehead,3,0,-1,0.9378072619438171,0.016130071133375168,0.7703630924224854,,0.014699439518153667
P04-triggered,8,3014d2c1bde808ff66c027895de2e1ee37d9d75dd5307dce2d7ddfe17b9ab39f,skin,cheek_viewer_left,3,0,-1,0.9378072619438171,0.01700383797287941,0.8747406005859375,,0.013052636757493019
P04-triggered,8,3014d2c1bde808ff66c027895de2e1ee37d9d75dd5307dce2d7ddfe17b9ab39f,skin,cheek_viewer_right,3,0,-1,0.9378072619438171,0.01468642894178629,0.8413226008415222,,0.012275869026780128
P04-triggered,8,3014d2c1bde808ff66c027895de2e1ee37d9d75dd5307dce2d7ddfe17b9ab39f,face,whole_roi,6,0,-2,0.9408131241798401,0.053052566945552826,0.7344693541526794,0.09448090195655823,
P04-triggered,8,3014d2c1bde808ff66c027895de2e1ee37d9d75dd5307dce2d7ddfe17b9ab39f,skin,weighted_three_regions,6,0,-2,0.9408131241798401,0.018450980532695265,0.7749953632077766,,0.015004937139284961
P04-triggered,8,3014d2c1bde808ff66c027895de2e1ee37d9d75dd5307dce2d7ddfe17b9ab39f,skin,forehead,6,0,-2,0.9408131241798401,0.019011255353689194,0.7378118634223938,,0.016233235597610474
P04-triggered,8,3014d2c1bde808ff66c027895de2e1ee37d9d75dd5307dce2d7ddfe17b9ab39f,skin,cheek_viewer_left,6,0,-2,0.9408131241798401,0.019366636872291565,0.855240523815155,,0.0137349097058177
P04-triggered,8,3014d2c1bde808ff66c027895de2e1ee37d9d75dd5307dce2d7ddfe17b9ab39f,skin,cheek_viewer_right,6,0,-2,0.9408131241798401,0.015776727348566055,0.804760754108429,,0.012829246930778027
P04-triggered,9,e73b8f420ce7b7adf3c6acd1e27c331defc6156df9568637b292a35bdf744403,face,whole_roi,fixed,0,0,,0.07454399019479752,0.6816647052764893,0.12434537708759308,
P04-triggered,9,e73b8f420ce7b7adf3c6acd1e27c331defc6156df9568637b292a35bdf744403,skin,weighted_three_regions,fixed,0,0,,0.02661745461251806,0.7592924454335702,,0.01574335208053098
P04-triggered,9,e73b8f420ce7b7adf3c6acd1e27c331defc6156df9568637b292a35bdf744403,skin,forehead,fixed,0,0,,0.030871083959937096,0.7173389792442322,,0.017057832330465317
P04-triggered,9,e73b8f420ce7b7adf3c6acd1e27c331defc6156df9568637b292a35bdf744403,skin,cheek_viewer_left,fixed,0,0,,0.02513573318719864,0.8257301449775696,,0.01531246118247509
P04-triggered,9,e73b8f420ce7b7adf3c6acd1e27c331defc6156df9568637b292a35bdf744403,skin,cheek_viewer_right,fixed,0,0,,0.015802014619112015,0.8206855654716492,,0.012370730750262737
P04-triggered,9,e73b8f420ce7b7adf3c6acd1e27c331defc6156df9568637b292a35bdf744403,face,whole_roi,1,2,2,0.8894839286804199,0.06691709905862808,0.7186379432678223,0.11317670345306396,
P04-triggered,9,e73b8f420ce7b7adf3c6acd1e27c331defc6156df9568637b292a35bdf744403,skin,weighted_three_regions,1,2,2,0.8894839286804199,0.021455593481659888,0.7708172812192369,,0.015280865541494944
P04-triggered,9,e73b8f420ce7b7adf3c6acd1e27c331defc6156df9568637b292a35bdf744403,skin,forehead,1,2,2,0.8894839286804199,0.021878188475966454,0.7295529246330261,,0.016942424699664116
P04-triggered,9,e73b8f420ce7b7adf3c6acd1e27c331defc6156df9568637b292a35bdf744403,skin,cheek_viewer_left,1,2,2,0.8894839286804199,0.017030639573931694,0.8513789772987366,,0.01292532216757536
P04-triggered,9,e73b8f420ce7b7adf3c6acd1e27c331defc6156df9568637b292a35bdf744403,skin,cheek_viewer_right,1,2,2,0.8894839286804199,0.025193551555275917,0.8136458992958069,,0.013054966926574707
P04-triggered,9,e73b8f420ce7b7adf3c6acd1e27c331defc6156df9568637b292a35bdf744403,face,whole_roi,3,3,2,0.900399923324585,0.07073676586151123,0.6744562983512878,0.12051418423652649,
P04-triggered,9,e73b8f420ce7b7adf3c6acd1e27c331defc6156df9568637b292a35bdf744403,skin,weighted_three_regions,3,3,2,0.900399923324585,0.022893310011748005,0.7362313977964632,,0.015949584778179142
P04-triggered,9,e73b8f420ce7b7adf3c6acd1e27c331defc6156df9568637b292a35bdf744403,skin,forehead,3,3,2,0.900399923324585,0.020623035728931427,0.7124353051185608,,0.01638106070458889
P04-triggered,9,e73b8f420ce7b7adf3c6acd1e27c331defc6156df9568637b292a35bdf744403,skin,cheek_viewer_left,3,3,2,0.900399923324585,0.021229727193713188,0.7880533337593079,,0.01605699211359024
P04-triggered,9,e73b8f420ce7b7adf3c6acd1e27c331defc6156df9568637b292a35bdf744403,skin,cheek_viewer_right,3,3,2,0.900399923324585,0.031427014619112015,0.7547402381896973,,0.0145625751465559
P04-triggered,9,e73b8f420ce7b7adf3c6acd1e27c331defc6156df9568637b292a35bdf744403,face,whole_roi,6,3,2,0.9053589701652527,0.07073676586151123,0.6744562983512878,0.12051418423652649,
P04-triggered,9,e73b8f420ce7b7adf3c6acd1e27c331defc6156df9568637b292a35bdf744403,skin,weighted_three_regions,6,3,2,0.9053589701652527,0.022893310011748005,0.7362313977964632,,0.015949584778179142
P04-triggered,9,e73b8f420ce7b7adf3c6acd1e27c331defc6156df9568637b292a35bdf744403,skin,forehead,6,3,2,0.9053589701652527,0.020623035728931427,0.7124353051185608,,0.01638106070458889
P04-triggered,9,e73b8f420ce7b7adf3c6acd1e27c331defc6156df9568637b292a35bdf744403,skin,cheek_viewer_left,6,3,2,0.9053589701652527,0.021229727193713188,0.7880533337593079,,0.01605699211359024
P04-triggered,9,e73b8f420ce7b7adf3c6acd1e27c331defc6156df9568637b292a35bdf744403,skin,cheek_viewer_right,6,3,2,0.9053589701652527,0.031427014619112015,0.7547402381896973,,0.0145625751465559
P04-triggered,10,58cf0a97042c8d759c39b05ac806a834666f5b16faa12492af10149e9be2adcf,face,whole_roi,fixed,0,0,,0.14220327138900757,0.694753885269165,0.18617664277553558,
P04-triggered,10,58cf0a97042c8d759c39b05ac806a834666f5b16faa12492af10149e9be2adcf,skin,weighted_three_regions,fixed,0,0,,0.020870050211601397,0.8338692106856281,,0.012727962519754383
P04-triggered,10,58cf0a97042c8d759c39b05ac806a834666f5b16faa12492af10149e9be2adcf,skin,forehead,fixed,0,0,,0.01983090117573738,0.8067275881767273,,0.013630631379783154
P04-triggered,10,58cf0a97042c8d759c39b05ac806a834666f5b16faa12492af10149e9be2adcf,skin,cheek_viewer_left,fixed,0,0,,0.021115606650710106,0.878284752368927,,0.011807325296103954
P04-triggered,10,58cf0a97042c8d759c39b05ac806a834666f5b16faa12492af10149e9be2adcf,skin,cheek_viewer_right,fixed,0,0,,0.02364320680499077,0.8719326853752136,,0.011114776134490967
P04-triggered,10,58cf0a97042c8d759c39b05ac806a834666f5b16faa12492af10149e9be2adcf,face,whole_roi,1,-1,-1,0.6361676454544067,0.14352057874202728,0.6712606549263,0.18759576976299286,
P04-triggered,10,58cf0a97042c8d759c39b05ac806a834666f5b16faa12492af10149e9be2adcf,skin,weighted_three_regions,1,-1,-1,0.6361676454544067,0.02379988513667794,0.78083399420069,,0.015587032017681529
P04-triggered,10,58cf0a97042c8d759c39b05ac806a834666f5b16faa12492af10149e9be2adcf,skin,forehead,1,-1,-1,0.6361676454544067,0.023944372311234474,0.7541049122810364,,0.016729727387428284
P04-triggered,10,58cf0a97042c8d759c39b05ac806a834666f5b16faa12492af10149e9be2adcf,skin,cheek_viewer_left,1,-1,-1,0.6361676454544067,0.02574004977941513,0.8369736671447754,,0.014103700406849384
P04-triggered,10,58cf0a97042c8d759c39b05ac806a834666f5b16faa12492af10149e9be2adcf,skin,cheek_viewer_right,1,-1,-1,0.6361676454544067,0.02119319885969162,0.80401211977005,,0.013902513310313225
P04-triggered,10,58cf0a97042c8d759c39b05ac806a834666f5b16faa12492af10149e9be2adcf,face,whole_roi,3,-1,-2,0.630533754825592,0.14823032915592194,0.6199067234992981,0.19212482869625092,
P04-triggered,10,58cf0a97042c8d759c39b05ac806a834666f5b16faa12492af10149e9be2adcf,skin,weighted_three_regions,3,-1,-2,0.630533754825592,0.025027297424042926,0.7635747851157675,,0.016127922697102323
P04-triggered,10,58cf0a97042c8d759c39b05ac806a834666f5b16faa12492af10149e9be2adcf,skin,forehead,3,-1,-2,0.630533754825592,0.026558419689536095,0.7303780913352966,,0.017971167340874672
P04-triggered,10,58cf0a97042c8d759c39b05ac806a834666f5b16faa12492af10149e9be2adcf,skin,cheek_viewer_left,3,-1,-2,0.630533754825592,0.024686170741915703,0.8345603942871094,,0.013451831415295601
P04-triggered,10,58cf0a97042c8d759c39b05ac806a834666f5b16faa12492af10149e9be2adcf,skin,cheek_viewer_right,3,-1,-2,0.630533754825592,0.020917950198054314,0.7909052968025208,,0.013729480095207691
P04-triggered,10,58cf0a97042c8d759c39b05ac806a834666f5b16faa12492af10149e9be2adcf,face,whole_roi,6,-2,-4,0.6209810376167297,0.15904510021209717,0.5249489545822144,0.20823490619659424,
P04-triggered,10,58cf0a97042c8d759c39b05ac806a834666f5b16faa12492af10149e9be2adcf,skin,weighted_three_regions,6,-2,-4,0.6209810376167297,0.030514419872094602,0.7247775651783547,,0.016620161153156968
P04-triggered,10,58cf0a97042c8d759c39b05ac806a834666f5b16faa12492af10149e9be2adcf,skin,forehead,6,-2,-4,0.6209810376167297,0.033481158316135406,0.6917707920074463,,0.018025029450654984
P04-triggered,10,58cf0a97042c8d759c39b05ac806a834666f5b16faa12492af10149e9be2adcf,skin,cheek_viewer_left,6,-2,-4,0.6209810376167297,0.0299546979367733,0.7936401963233948,,0.015308220870792866
P04-triggered,10,58cf0a97042c8d759c39b05ac806a834666f5b16faa12492af10149e9be2adcf,skin,cheek_viewer_right,6,-2,-4,0.6209810376167297,0.02243814244866371,0.7539327144622803,,0.013973474502563477
