id,order,repeat,stage,added,completed_set,basis,scope,region,mode,mae,ssim,lpips,highpass_mae
BSP-r1-s1,BSP,1,1,B,B,original,face,whole_roi,fixed,0.11155339330434799,0.8445107340812683,0.08258889615535736,
BSP-r1-s1,BSP,1,1,B,B,original,skin,weighted_three_regions,fixed,0.056940214993322594,0.8302397296604593,,0.012964039799921653
BSP-r1-s1,BSP,1,1,B,B,original,skin,forehead,fixed,0.05687898397445679,0.8040764927864075,,0.014091486111283302
BSP-r1-s1,BSP,1,1,B,B,original,skin,cheek_viewer_left,fixed,0.07041532546281815,0.8654828667640686,,0.012011753395199776
BSP-r1-s1,BSP,1,1,B,B,original,skin,cheek_viewer_right,fixed,0.041960399597883224,0.8756672739982605,,0.01072684396058321
BSP-r1-s1,BSP,1,1,B,B,original,face,whole_roi,1,0.11155339330434799,0.8445107340812683,0.08258889615535736,
BSP-r1-s1,BSP,1,1,B,B,original,skin,weighted_three_regions,1,0.056940214993322594,0.8302397296604593,,0.012964039799921653
BSP-r1-s1,BSP,1,1,B,B,original,skin,forehead,1,0.05687898397445679,0.8040764927864075,,0.014091486111283302
BSP-r1-s1,BSP,1,1,B,B,original,skin,cheek_viewer_left,1,0.07041532546281815,0.8654828667640686,,0.012011753395199776
BSP-r1-s1,BSP,1,1,B,B,original,skin,cheek_viewer_right,1,0.041960399597883224,0.8756672739982605,,0.01072684396058321
BSP-r1-s1,BSP,1,1,B,B,original,face,whole_roi,3,0.11155339330434799,0.8445107340812683,0.08258889615535736,
BSP-r1-s1,BSP,1,1,B,B,original,skin,weighted_three_regions,3,0.056940214993322594,0.8302397296604593,,0.012964039799921653
BSP-r1-s1,BSP,1,1,B,B,original,skin,forehead,3,0.05687898397445679,0.8040764927864075,,0.014091486111283302
BSP-r1-s1,BSP,1,1,B,B,original,skin,cheek_viewer_left,3,0.07041532546281815,0.8654828667640686,,0.012011753395199776
BSP-r1-s1,BSP,1,1,B,B,original,skin,cheek_viewer_right,3,0.041960399597883224,0.8756672739982605,,0.01072684396058321
BSP-r1-s1,BSP,1,1,B,B,original,face,whole_roi,6,0.11155339330434799,0.8445107340812683,0.08258889615535736,
BSP-r1-s1,BSP,1,1,B,B,original,skin,weighted_three_regions,6,0.056940214993322594,0.8302397296604593,,0.012964039799921653
BSP-r1-s1,BSP,1,1,B,B,original,skin,forehead,6,0.05687898397445679,0.8040764927864075,,0.014091486111283302
BSP-r1-s1,BSP,1,1,B,B,original,skin,cheek_viewer_left,6,0.07041532546281815,0.8654828667640686,,0.012011753395199776
BSP-r1-s1,BSP,1,1,B,B,original,skin,cheek_viewer_right,6,0.041960399597883224,0.8756672739982605,,0.01072684396058321
BSP-r1-s1,BSP,1,1,B,B,previous,face,whole_roi,fixed,0.11155339330434799,0.8445107340812683,0.08258889615535736,
BSP-r1-s1,BSP,1,1,B,B,previous,skin,weighted_three_regions,fixed,0.056940214993322594,0.8302397296604593,,0.012964039799921653
BSP-r1-s1,BSP,1,1,B,B,previous,skin,forehead,fixed,0.05687898397445679,0.8040764927864075,,0.014091486111283302
BSP-r1-s1,BSP,1,1,B,B,previous,skin,cheek_viewer_left,fixed,0.07041532546281815,0.8654828667640686,,0.012011753395199776
BSP-r1-s1,BSP,1,1,B,B,previous,skin,cheek_viewer_right,fixed,0.041960399597883224,0.8756672739982605,,0.01072684396058321
BSP-r1-s1,BSP,1,1,B,B,previous,face,whole_roi,1,0.11155339330434799,0.8445107340812683,0.08258889615535736,
BSP-r1-s1,BSP,1,1,B,B,previous,skin,weighted_three_regions,1,0.056940214993322594,0.8302397296604593,,0.012964039799921653
BSP-r1-s1,BSP,1,1,B,B,previous,skin,forehead,1,0.05687898397445679,0.8040764927864075,,0.014091486111283302
BSP-r1-s1,BSP,1,1,B,B,previous,skin,cheek_viewer_left,1,0.07041532546281815,0.8654828667640686,,0.012011753395199776
BSP-r1-s1,BSP,1,1,B,B,previous,skin,cheek_viewer_right,1,0.041960399597883224,0.8756672739982605,,0.01072684396058321
BSP-r1-s1,BSP,1,1,B,B,previous,face,whole_roi,3,0.11155339330434799,0.8445107340812683,0.08258889615535736,
BSP-r1-s1,BSP,1,1,B,B,previous,skin,weighted_three_regions,3,0.056940214993322594,0.8302397296604593,,0.012964039799921653
BSP-r1-s1,BSP,1,1,B,B,previous,skin,forehead,3,0.05687898397445679,0.8040764927864075,,0.014091486111283302
BSP-r1-s1,BSP,1,1,B,B,previous,skin,cheek_viewer_left,3,0.07041532546281815,0.8654828667640686,,0.012011753395199776
BSP-r1-s1,BSP,1,1,B,B,previous,skin,cheek_viewer_right,3,0.041960399597883224,0.8756672739982605,,0.01072684396058321
BSP-r1-s1,BSP,1,1,B,B,previous,face,whole_roi,6,0.11155339330434799,0.8445107340812683,0.08258889615535736,
BSP-r1-s1,BSP,1,1,B,B,previous,skin,weighted_three_regions,6,0.056940214993322594,0.8302397296604593,,0.012964039799921653
BSP-r1-s1,BSP,1,1,B,B,previous,skin,forehead,6,0.05687898397445679,0.8040764927864075,,0.014091486111283302
BSP-r1-s1,BSP,1,1,B,B,previous,skin,cheek_viewer_left,6,0.07041532546281815,0.8654828667640686,,0.012011753395199776
BSP-r1-s1,BSP,1,1,B,B,previous,skin,cheek_viewer_right,6,0.041960399597883224,0.8756672739982605,,0.01072684396058321
BPS-r1-s1,BPS,1,1,B,B,original,face,whole_roi,fixed,0.10270288586616516,0.868079423904419,0.08360645920038223,
BPS-r1-s1,BPS,1,1,B,B,original,skin,weighted_three_regions,fixed,0.03806978038566954,0.8466929551009293,,0.01180859874933958
BPS-r1-s1,BPS,1,1,B,B,original,skin,forehead,fixed,0.03777989745140076,0.8257191181182861,,0.012477178126573563
BPS-r1-s1,BPS,1,1,B,B,original,skin,cheek_viewer_left,fixed,0.04668447747826576,0.8800148367881775,,0.011251429095864296
BPS-r1-s1,BPS,1,1,B,B,original,skin,cheek_viewer_right,fixed,0.02922891452908516,0.8772611021995544,,0.010473452508449554
BPS-r1-s1,BPS,1,1,B,B,original,face,whole_roi,1,0.10270288586616516,0.868079423904419,0.08360645920038223,
BPS-r1-s1,BPS,1,1,B,B,original,skin,weighted_three_regions,1,0.03806978038566954,0.8466929551009293,,0.01180859874933958
BPS-r1-s1,BPS,1,1,B,B,original,skin,forehead,1,0.03777989745140076,0.8257191181182861,,0.012477178126573563
BPS-r1-s1,BPS,1,1,B,B,original,skin,cheek_viewer_left,1,0.04668447747826576,0.8800148367881775,,0.011251429095864296
BPS-r1-s1,BPS,1,1,B,B,original,skin,cheek_viewer_right,1,0.02922891452908516,0.8772611021995544,,0.010473452508449554
BPS-r1-s1,BPS,1,1,B,B,original,face,whole_roi,3,0.10270288586616516,0.868079423904419,0.08360645920038223,
BPS-r1-s1,BPS,1,1,B,B,original,skin,weighted_three_regions,3,0.03806978038566954,0.8466929551009293,,0.01180859874933958
BPS-r1-s1,BPS,1,1,B,B,original,skin,forehead,3,0.03777989745140076,0.8257191181182861,,0.012477178126573563
BPS-r1-s1,BPS,1,1,B,B,original,skin,cheek_viewer_left,3,0.04668447747826576,0.8800148367881775,,0.011251429095864296
BPS-r1-s1,BPS,1,1,B,B,original,skin,cheek_viewer_right,3,0.02922891452908516,0.8772611021995544,,0.010473452508449554
BPS-r1-s1,BPS,1,1,B,B,original,face,whole_roi,6,0.10796916484832764,0.7940762639045715,0.09485199302434921,
BPS-r1-s1,BPS,1,1,B,B,original,skin,weighted_three_regions,6,0.039006728692089813,0.7960122754472766,,0.014423201431465499
BPS-r1-s1,BPS,1,1,B,B,original,skin,forehead,6,0.040576569736003876,0.7649013996124268,,0.015529630705714226
BPS-r1-s1,BPS,1,1,B,B,original,skin,cheek_viewer_left,6,0.04498564824461937,0.8417911529541016,,0.013764734379947186
BPS-r1-s1,BPS,1,1,B,B,original,skin,cheek_viewer_right,6,0.027673708274960518,0.8455638885498047,,0.011917133815586567
BPS-r1-s1,BPS,1,1,B,B,previous,face,whole_roi,fixed,0.10270288586616516,0.868079423904419,0.08360645920038223,
BPS-r1-s1,BPS,1,1,B,B,previous,skin,weighted_three_regions,fixed,0.03806978038566954,0.8466929551009293,,0.01180859874933958
BPS-r1-s1,BPS,1,1,B,B,previous,skin,forehead,fixed,0.03777989745140076,0.8257191181182861,,0.012477178126573563
BPS-r1-s1,BPS,1,1,B,B,previous,skin,cheek_viewer_left,fixed,0.04668447747826576,0.8800148367881775,,0.011251429095864296
BPS-r1-s1,BPS,1,1,B,B,previous,skin,cheek_viewer_right,fixed,0.02922891452908516,0.8772611021995544,,0.010473452508449554
BPS-r1-s1,BPS,1,1,B,B,previous,face,whole_roi,1,0.10270288586616516,0.868079423904419,0.08360645920038223,
BPS-r1-s1,BPS,1,1,B,B,previous,skin,weighted_three_regions,1,0.03806978038566954,0.8466929551009293,,0.01180859874933958
BPS-r1-s1,BPS,1,1,B,B,previous,skin,forehead,1,0.03777989745140076,0.8257191181182861,,0.012477178126573563
BPS-r1-s1,BPS,1,1,B,B,previous,skin,cheek_viewer_left,1,0.04668447747826576,0.8800148367881775,,0.011251429095864296
BPS-r1-s1,BPS,1,1,B,B,previous,skin,cheek_viewer_right,1,0.02922891452908516,0.8772611021995544,,0.010473452508449554
BPS-r1-s1,BPS,1,1,B,B,previous,face,whole_roi,3,0.10270288586616516,0.868079423904419,0.08360645920038223,
BPS-r1-s1,BPS,1,1,B,B,previous,skin,weighted_three_regions,3,0.03806978038566954,0.8466929551009293,,0.01180859874933958
BPS-r1-s1,BPS,1,1,B,B,previous,skin,forehead,3,0.03777989745140076,0.8257191181182861,,0.012477178126573563
BPS-r1-s1,BPS,1,1,B,B,previous,skin,cheek_viewer_left,3,0.04668447747826576,0.8800148367881775,,0.011251429095864296
BPS-r1-s1,BPS,1,1,B,B,previous,skin,cheek_viewer_right,3,0.02922891452908516,0.8772611021995544,,0.010473452508449554
BPS-r1-s1,BPS,1,1,B,B,previous,face,whole_roi,6,0.10796916484832764,0.7940762639045715,0.09485199302434921,
BPS-r1-s1,BPS,1,1,B,B,previous,skin,weighted_three_regions,6,0.039006728692089813,0.7960122754472766,,0.014423201431465499
BPS-r1-s1,BPS,1,1,B,B,previous,skin,forehead,6,0.040576569736003876,0.7649013996124268,,0.015529630705714226
BPS-r1-s1,BPS,1,1,B,B,previous,skin,cheek_viewer_left,6,0.04498564824461937,0.8417911529541016,,0.013764734379947186
BPS-r1-s1,BPS,1,1,B,B,previous,skin,cheek_viewer_right,6,0.027673708274960518,0.8455638885498047,,0.011917133815586567
PSB-r1-s1,PSB,1,1,P,P,original,face,whole_roi,fixed,0.015056293457746506,0.9162330627441406,0.02047179453074932,
PSB-r1-s1,PSB,1,1,P,P,original,skin,weighted_three_regions,fixed,0.015481161367805566,0.865429102813056,,0.010928694628836477
PSB-r1-s1,PSB,1,1,P,P,original,skin,forehead,fixed,0.016353789716959,0.8443401455879211,,0.011574788019061089
PSB-r1-s1,PSB,1,1,P,P,original,skin,cheek_viewer_left,fixed,0.016175607219338417,0.9029229283332825,,0.01027763169258833
PSB-r1-s1,PSB,1,1,P,P,original,skin,cheek_viewer_right,fixed,0.012139161117374897,0.891562283039093,,0.009765163995325565
PSB-r1-s1,PSB,1,1,P,P,original,face,whole_roi,1,0.015056293457746506,0.9162330627441406,0.02047179453074932,
PSB-r1-s1,PSB,1,1,P,P,original,skin,weighted_three_regions,1,0.015481161367805566,0.865429102813056,,0.010928694628836477
PSB-r1-s1,PSB,1,1,P,P,original,skin,forehead,1,0.016353789716959,0.8443401455879211,,0.011574788019061089
PSB-r1-s1,PSB,1,1,P,P,original,skin,cheek_viewer_left,1,0.016175607219338417,0.9029229283332825,,0.01027763169258833
PSB-r1-s1,PSB,1,1,P,P,original,skin,cheek_viewer_right,1,0.012139161117374897,0.891562283039093,,0.009765163995325565
PSB-r1-s1,PSB,1,1,P,P,original,face,whole_roi,3,0.015056293457746506,0.9162330627441406,0.02047179453074932,
PSB-r1-s1,PSB,1,1,P,P,original,skin,weighted_three_regions,3,0.015481161367805566,0.865429102813056,,0.010928694628836477
PSB-r1-s1,PSB,1,1,P,P,original,skin,forehead,3,0.016353789716959,0.8443401455879211,,0.011574788019061089
PSB-r1-s1,PSB,1,1,P,P,original,skin,cheek_viewer_left,3,0.016175607219338417,0.9029229283332825,,0.01027763169258833
PSB-r1-s1,PSB,1,1,P,P,original,skin,cheek_viewer_right,3,0.012139161117374897,0.891562283039093,,0.009765163995325565
PSB-r1-s1,PSB,1,1,P,P,original,face,whole_roi,6,0.015056293457746506,0.9162330627441406,0.02047179453074932,
PSB-r1-s1,PSB,1,1,P,P,original,skin,weighted_three_regions,6,0.015481161367805566,0.865429102813056,,0.010928694628836477
PSB-r1-s1,PSB,1,1,P,P,original,skin,forehead,6,0.016353789716959,0.8443401455879211,,0.011574788019061089
PSB-r1-s1,PSB,1,1,P,P,original,skin,cheek_viewer_left,6,0.016175607219338417,0.9029229283332825,,0.01027763169258833
PSB-r1-s1,PSB,1,1,P,P,original,skin,cheek_viewer_right,6,0.012139161117374897,0.891562283039093,,0.009765163995325565
PSB-r1-s1,PSB,1,1,P,P,previous,face,whole_roi,fixed,0.015056293457746506,0.9162330627441406,0.02047179453074932,
PSB-r1-s1,PSB,1,1,P,P,previous,skin,weighted_three_regions,fixed,0.015481161367805566,0.865429102813056,,0.010928694628836477
PSB-r1-s1,PSB,1,1,P,P,previous,skin,forehead,fixed,0.016353789716959,0.8443401455879211,,0.011574788019061089
PSB-r1-s1,PSB,1,1,P,P,previous,skin,cheek_viewer_left,fixed,0.016175607219338417,0.9029229283332825,,0.01027763169258833
PSB-r1-s1,PSB,1,1,P,P,previous,skin,cheek_viewer_right,fixed,0.012139161117374897,0.891562283039093,,0.009765163995325565
PSB-r1-s1,PSB,1,1,P,P,previous,face,whole_roi,1,0.015056293457746506,0.9162330627441406,0.02047179453074932,
PSB-r1-s1,PSB,1,1,P,P,previous,skin,weighted_three_regions,1,0.015481161367805566,0.865429102813056,,0.010928694628836477
PSB-r1-s1,PSB,1,1,P,P,previous,skin,forehead,1,0.016353789716959,0.8443401455879211,,0.011574788019061089
PSB-r1-s1,PSB,1,1,P,P,previous,skin,cheek_viewer_left,1,0.016175607219338417,0.9029229283332825,,0.01027763169258833
PSB-r1-s1,PSB,1,1,P,P,previous,skin,cheek_viewer_right,1,0.012139161117374897,0.891562283039093,,0.009765163995325565
PSB-r1-s1,PSB,1,1,P,P,previous,face,whole_roi,3,0.015056293457746506,0.9162330627441406,0.02047179453074932,
PSB-r1-s1,PSB,1,1,P,P,previous,skin,weighted_three_regions,3,0.015481161367805566,0.865429102813056,,0.010928694628836477
PSB-r1-s1,PSB,1,1,P,P,previous,skin,forehead,3,0.016353789716959,0.8443401455879211,,0.011574788019061089
PSB-r1-s1,PSB,1,1,P,P,previous,skin,cheek_viewer_left,3,0.016175607219338417,0.9029229283332825,,0.01027763169258833
PSB-r1-s1,PSB,1,1,P,P,previous,skin,cheek_viewer_right,3,0.012139161117374897,0.891562283039093,,0.009765163995325565
PSB-r1-s1,PSB,1,1,P,P,previous,face,whole_roi,6,0.015056293457746506,0.9162330627441406,0.02047179453074932,
PSB-r1-s1,PSB,1,1,P,P,previous,skin,weighted_three_regions,6,0.015481161367805566,0.865429102813056,,0.010928694628836477
PSB-r1-s1,PSB,1,1,P,P,previous,skin,forehead,6,0.016353789716959,0.8443401455879211,,0.011574788019061089
PSB-r1-s1,PSB,1,1,P,P,previous,skin,cheek_viewer_left,6,0.016175607219338417,0.9029229283332825,,0.01027763169258833
PSB-r1-s1,PSB,1,1,P,P,previous,skin,cheek_viewer_right,6,0.012139161117374897,0.891562283039093,,0.009765163995325565
PBS-r1-s1,PBS,1,1,P,P,original,face,whole_roi,fixed,0.0188437607139349,0.9056205153465271,0.022571511566638947,
PBS-r1-s1,PBS,1,1,P,P,original,skin,weighted_three_regions,fixed,0.014729142169303754,0.8556273957623791,,0.011467507843147305
PBS-r1-s1,PBS,1,1,P,P,original,skin,forehead,fixed,0.01484210230410099,0.8355180621147156,,0.01201119739562273
PBS-r1-s1,PBS,1,1,P,P,original,skin,cheek_viewer_left,fixed,0.016627762466669083,0.8925374150276184,,0.010919292457401752
PBS-r1-s1,PBS,1,1,P,P,original,skin,cheek_viewer_right,fixed,0.01226171012967825,0.8792106509208679,,0.010488780215382576
PBS-r1-s1,PBS,1,1,P,P,original,face,whole_roi,1,0.0188437607139349,0.9056205153465271,0.022571511566638947,
PBS-r1-s1,PBS,1,1,P,P,original,skin,weighted_three_regions,1,0.014729142169303754,0.8556273957623791,,0.011467507843147305
PBS-r1-s1,PBS,1,1,P,P,original,skin,forehead,1,0.01484210230410099,0.8355180621147156,,0.01201119739562273
PBS-r1-s1,PBS,1,1,P,P,original,skin,cheek_viewer_left,1,0.016627762466669083,0.8925374150276184,,0.010919292457401752
PBS-r1-s1,PBS,1,1,P,P,original,skin,cheek_viewer_right,1,0.01226171012967825,0.8792106509208679,,0.010488780215382576
PBS-r1-s1,PBS,1,1,P,P,original,face,whole_roi,3,0.0188437607139349,0.9056205153465271,0.022571511566638947,
PBS-r1-s1,PBS,1,1,P,P,original,skin,weighted_three_regions,3,0.014729142169303754,0.8556273957623791,,0.011467507843147305
PBS-r1-s1,PBS,1,1,P,P,original,skin,forehead,3,0.01484210230410099,0.8355180621147156,,0.01201119739562273
PBS-r1-s1,PBS,1,1,P,P,original,skin,cheek_viewer_left,3,0.016627762466669083,0.8925374150276184,,0.010919292457401752
PBS-r1-s1,PBS,1,1,P,P,original,skin,cheek_viewer_right,3,0.01226171012967825,0.8792106509208679,,0.010488780215382576
PBS-r1-s1,PBS,1,1,P,P,original,face,whole_roi,6,0.0188437607139349,0.9056205153465271,0.022571511566638947,
PBS-r1-s1,PBS,1,1,P,P,original,skin,weighted_three_regions,6,0.014729142169303754,0.8556273957623791,,0.011467507843147305
PBS-r1-s1,PBS,1,1,P,P,original,skin,forehead,6,0.01484210230410099,0.8355180621147156,,0.01201119739562273
PBS-r1-s1,PBS,1,1,P,P,original,skin,cheek_viewer_left,6,0.016627762466669083,0.8925374150276184,,0.010919292457401752
PBS-r1-s1,PBS,1,1,P,P,original,skin,cheek_viewer_right,6,0.01226171012967825,0.8792106509208679,,0.010488780215382576
PBS-r1-s1,PBS,1,1,P,P,previous,face,whole_roi,fixed,0.0188437607139349,0.9056205153465271,0.022571511566638947,
PBS-r1-s1,PBS,1,1,P,P,previous,skin,weighted_three_regions,fixed,0.014729142169303754,0.8556273957623791,,0.011467507843147305
PBS-r1-s1,PBS,1,1,P,P,previous,skin,forehead,fixed,0.01484210230410099,0.8355180621147156,,0.01201119739562273
PBS-r1-s1,PBS,1,1,P,P,previous,skin,cheek_viewer_left,fixed,0.016627762466669083,0.8925374150276184,,0.010919292457401752
PBS-r1-s1,PBS,1,1,P,P,previous,skin,cheek_viewer_right,fixed,0.01226171012967825,0.8792106509208679,,0.010488780215382576
PBS-r1-s1,PBS,1,1,P,P,previous,face,whole_roi,1,0.0188437607139349,0.9056205153465271,0.022571511566638947,
PBS-r1-s1,PBS,1,1,P,P,previous,skin,weighted_three_regions,1,0.014729142169303754,0.8556273957623791,,0.011467507843147305
PBS-r1-s1,PBS,1,1,P,P,previous,skin,forehead,1,0.01484210230410099,0.8355180621147156,,0.01201119739562273
PBS-r1-s1,PBS,1,1,P,P,previous,skin,cheek_viewer_left,1,0.016627762466669083,0.8925374150276184,,0.010919292457401752
PBS-r1-s1,PBS,1,1,P,P,previous,skin,cheek_viewer_right,1,0.01226171012967825,0.8792106509208679,,0.010488780215382576
PBS-r1-s1,PBS,1,1,P,P,previous,face,whole_roi,3,0.0188437607139349,0.9056205153465271,0.022571511566638947,
PBS-r1-s1,PBS,1,1,P,P,previous,skin,weighted_three_regions,3,0.014729142169303754,0.8556273957623791,,0.011467507843147305
PBS-r1-s1,PBS,1,1,P,P,previous,skin,forehead,3,0.01484210230410099,0.8355180621147156,,0.01201119739562273
PBS-r1-s1,PBS,1,1,P,P,previous,skin,cheek_viewer_left,3,0.016627762466669083,0.8925374150276184,,0.010919292457401752
PBS-r1-s1,PBS,1,1,P,P,previous,skin,cheek_viewer_right,3,0.01226171012967825,0.8792106509208679,,0.010488780215382576
PBS-r1-s1,PBS,1,1,P,P,previous,face,whole_roi,6,0.0188437607139349,0.9056205153465271,0.022571511566638947,
PBS-r1-s1,PBS,1,1,P,P,previous,skin,weighted_three_regions,6,0.014729142169303754,0.8556273957623791,,0.011467507843147305
PBS-r1-s1,PBS,1,1,P,P,previous,skin,forehead,6,0.01484210230410099,0.8355180621147156,,0.01201119739562273
PBS-r1-s1,PBS,1,1,P,P,previous,skin,cheek_viewer_left,6,0.016627762466669083,0.8925374150276184,,0.010919292457401752
PBS-r1-s1,PBS,1,1,P,P,previous,skin,cheek_viewer_right,6,0.01226171012967825,0.8792106509208679,,0.010488780215382576
SPB-r1-s1,SPB,1,1,S,S,original,face,whole_roi,fixed,0.019163386896252632,0.8875477910041809,0.02369585633277893,
SPB-r1-s1,SPB,1,1,S,S,original,skin,weighted_three_regions,fixed,0.015217415842720692,0.8459218573907107,,0.012293840332285446
SPB-r1-s1,SPB,1,1,S,S,original,skin,forehead,fixed,0.015445981174707413,0.8154293894767761,,0.013569477945566177
SPB-r1-s1,SPB,1,1,S,S,original,skin,cheek_viewer_left,fixed,0.014524328522384167,0.8918387293815613,,0.01108336541801691
SPB-r1-s1,SPB,1,1,S,S,original,skin,cheek_viewer_right,fixed,0.015326408669352531,0.8932793140411377,,0.009912235662341118
SPB-r1-s1,SPB,1,1,S,S,original,face,whole_roi,1,0.018862243741750717,0.8862449526786804,0.023956386372447014,
SPB-r1-s1,SPB,1,1,S,S,original,skin,weighted_three_regions,1,0.01548769804813406,0.823443261757376,,0.013252385643256061
SPB-r1-s1,SPB,1,1,S,S,original,skin,forehead,1,0.015672024339437485,0.7954924702644348,,0.014023639261722565
SPB-r1-s1,SPB,1,1,S,S,original,skin,cheek_viewer_left,1,0.015133830718696117,0.8795630931854248,,0.012301634065806866
SPB-r1-s1,SPB,1,1,S,S,original,skin,cheek_viewer_right,1,0.015344888903200626,0.8506644368171692,,0.01205871906131506
SPB-r1-s1,SPB,1,1,S,S,original,face,whole_roi,3,0.018862243741750717,0.8862449526786804,0.023956386372447014,
SPB-r1-s1,SPB,1,1,S,S,original,skin,weighted_three_regions,3,0.01548769804813406,0.823443261757376,,0.013252385643256061
SPB-r1-s1,SPB,1,1,S,S,original,skin,forehead,3,0.015672024339437485,0.7954924702644348,,0.014023639261722565
SPB-r1-s1,SPB,1,1,S,S,original,skin,cheek_viewer_left,3,0.015133830718696117,0.8795630931854248,,0.012301634065806866
SPB-r1-s1,SPB,1,1,S,S,original,skin,cheek_viewer_right,3,0.015344888903200626,0.8506644368171692,,0.01205871906131506
SPB-r1-s1,SPB,1,1,S,S,original,face,whole_roi,6,0.018862243741750717,0.8862449526786804,0.023956386372447014,
SPB-r1-s1,SPB,1,1,S,S,original,skin,weighted_three_regions,6,0.01548769804813406,0.823443261757376,,0.013252385643256061
SPB-r1-s1,SPB,1,1,S,S,original,skin,forehead,6,0.015672024339437485,0.7954924702644348,,0.014023639261722565
SPB-r1-s1,SPB,1,1,S,S,original,skin,cheek_viewer_left,6,0.015133830718696117,0.8795630931854248,,0.012301634065806866
SPB-r1-s1,SPB,1,1,S,S,original,skin,cheek_viewer_right,6,0.015344888903200626,0.8506644368171692,,0.01205871906131506
SPB-r1-s1,SPB,1,1,S,S,previous,face,whole_roi,fixed,0.019163386896252632,0.8875477910041809,0.02369585633277893,
SPB-r1-s1,SPB,1,1,S,S,previous,skin,weighted_three_regions,fixed,0.015217415842720692,0.8459218573907107,,0.012293840332285446
SPB-r1-s1,SPB,1,1,S,S,previous,skin,forehead,fixed,0.015445981174707413,0.8154293894767761,,0.013569477945566177
SPB-r1-s1,SPB,1,1,S,S,previous,skin,cheek_viewer_left,fixed,0.014524328522384167,0.8918387293815613,,0.01108336541801691
SPB-r1-s1,SPB,1,1,S,S,previous,skin,cheek_viewer_right,fixed,0.015326408669352531,0.8932793140411377,,0.009912235662341118
SPB-r1-s1,SPB,1,1,S,S,previous,face,whole_roi,1,0.018862243741750717,0.8862449526786804,0.023956386372447014,
SPB-r1-s1,SPB,1,1,S,S,previous,skin,weighted_three_regions,1,0.01548769804813406,0.823443261757376,,0.013252385643256061
SPB-r1-s1,SPB,1,1,S,S,previous,skin,forehead,1,0.015672024339437485,0.7954924702644348,,0.014023639261722565
SPB-r1-s1,SPB,1,1,S,S,previous,skin,cheek_viewer_left,1,0.015133830718696117,0.8795630931854248,,0.012301634065806866
SPB-r1-s1,SPB,1,1,S,S,previous,skin,cheek_viewer_right,1,0.015344888903200626,0.8506644368171692,,0.01205871906131506
SPB-r1-s1,SPB,1,1,S,S,previous,face,whole_roi,3,0.018862243741750717,0.8862449526786804,0.023956386372447014,
SPB-r1-s1,SPB,1,1,S,S,previous,skin,weighted_three_regions,3,0.01548769804813406,0.823443261757376,,0.013252385643256061
SPB-r1-s1,SPB,1,1,S,S,previous,skin,forehead,3,0.015672024339437485,0.7954924702644348,,0.014023639261722565
SPB-r1-s1,SPB,1,1,S,S,previous,skin,cheek_viewer_left,3,0.015133830718696117,0.8795630931854248,,0.012301634065806866
SPB-r1-s1,SPB,1,1,S,S,previous,skin,cheek_viewer_right,3,0.015344888903200626,0.8506644368171692,,0.01205871906131506
SPB-r1-s1,SPB,1,1,S,S,previous,face,whole_roi,6,0.018862243741750717,0.8862449526786804,0.023956386372447014,
SPB-r1-s1,SPB,1,1,S,S,previous,skin,weighted_three_regions,6,0.01548769804813406,0.823443261757376,,0.013252385643256061
SPB-r1-s1,SPB,1,1,S,S,previous,skin,forehead,6,0.015672024339437485,0.7954924702644348,,0.014023639261722565
SPB-r1-s1,SPB,1,1,S,S,previous,skin,cheek_viewer_left,6,0.015133830718696117,0.8795630931854248,,0.012301634065806866
SPB-r1-s1,SPB,1,1,S,S,previous,skin,cheek_viewer_right,6,0.015344888903200626,0.8506644368171692,,0.01205871906131506
batch-r1-s1,batch,1,1,SBP,SBP,original,face,whole_roi,fixed,0.09139969199895859,0.8695856928825378,0.07729890942573547,
batch-r1-s1,batch,1,1,SBP,SBP,original,skin,weighted_three_regions,fixed,0.027320453432552953,0.8375578909129887,,0.012223391300615142
batch-r1-s1,batch,1,1,SBP,SBP,original,skin,forehead,fixed,0.027050603181123734,0.8104930520057678,,0.01305656973272562
batch-r1-s1,batch,1,1,SBP,SBP,original,skin,cheek_viewer_left,fixed,0.03241259604692459,0.8798346519470215,,0.011590505950152874
batch-r1-s1,batch,1,1,SBP,SBP,original,skin,cheek_viewer_right,fixed,0.0223836749792099,0.8778365254402161,,0.01049040537327528
batch-r1-s1,batch,1,1,SBP,SBP,original,face,whole_roi,1,0.09139969199895859,0.8695856928825378,0.07729890942573547,
batch-r1-s1,batch,1,1,SBP,SBP,original,skin,weighted_three_regions,1,0.027320453432552953,0.8375578909129887,,0.012223391300615142
batch-r1-s1,batch,1,1,SBP,SBP,original,skin,forehead,1,0.027050603181123734,0.8104930520057678,,0.01305656973272562
batch-r1-s1,batch,1,1,SBP,SBP,original,skin,cheek_viewer_left,1,0.03241259604692459,0.8798346519470215,,0.011590505950152874
batch-r1-s1,batch,1,1,SBP,SBP,original,skin,cheek_viewer_right,1,0.0223836749792099,0.8778365254402161,,0.01049040537327528
batch-r1-s1,batch,1,1,SBP,SBP,original,face,whole_roi,3,0.09139969199895859,0.8695856928825378,0.07729890942573547,
batch-r1-s1,batch,1,1,SBP,SBP,original,skin,weighted_three_regions,3,0.027320453432552953,0.8375578909129887,,0.012223391300615142
batch-r1-s1,batch,1,1,SBP,SBP,original,skin,forehead,3,0.027050603181123734,0.8104930520057678,,0.01305656973272562
batch-r1-s1,batch,1,1,SBP,SBP,original,skin,cheek_viewer_left,3,0.03241259604692459,0.8798346519470215,,0.011590505950152874
batch-r1-s1,batch,1,1,SBP,SBP,original,skin,cheek_viewer_right,3,0.0223836749792099,0.8778365254402161,,0.01049040537327528
batch-r1-s1,batch,1,1,SBP,SBP,original,face,whole_roi,6,0.09139969199895859,0.8695856928825378,0.07729890942573547,
batch-r1-s1,batch,1,1,SBP,SBP,original,skin,weighted_three_regions,6,0.027320453432552953,0.8375578909129887,,0.012223391300615142
batch-r1-s1,batch,1,1,SBP,SBP,original,skin,forehead,6,0.027050603181123734,0.8104930520057678,,0.01305656973272562
batch-r1-s1,batch,1,1,SBP,SBP,original,skin,cheek_viewer_left,6,0.03241259604692459,0.8798346519470215,,0.011590505950152874
batch-r1-s1,batch,1,1,SBP,SBP,original,skin,cheek_viewer_right,6,0.0223836749792099,0.8778365254402161,,0.01049040537327528
batch-r1-s1,batch,1,1,SBP,SBP,previous,face,whole_roi,fixed,0.09139969199895859,0.8695856928825378,0.07729890942573547,
batch-r1-s1,batch,1,1,SBP,SBP,previous,skin,weighted_three_regions,fixed,0.027320453432552953,0.8375578909129887,,0.012223391300615142
batch-r1-s1,batch,1,1,SBP,SBP,previous,skin,forehead,fixed,0.027050603181123734,0.8104930520057678,,0.01305656973272562
batch-r1-s1,batch,1,1,SBP,SBP,previous,skin,cheek_viewer_left,fixed,0.03241259604692459,0.8798346519470215,,0.011590505950152874
batch-r1-s1,batch,1,1,SBP,SBP,previous,skin,cheek_viewer_right,fixed,0.0223836749792099,0.8778365254402161,,0.01049040537327528
batch-r1-s1,batch,1,1,SBP,SBP,previous,face,whole_roi,1,0.09139969199895859,0.8695856928825378,0.07729890942573547,
batch-r1-s1,batch,1,1,SBP,SBP,previous,skin,weighted_three_regions,1,0.027320453432552953,0.8375578909129887,,0.012223391300615142
batch-r1-s1,batch,1,1,SBP,SBP,previous,skin,forehead,1,0.027050603181123734,0.8104930520057678,,0.01305656973272562
batch-r1-s1,batch,1,1,SBP,SBP,previous,skin,cheek_viewer_left,1,0.03241259604692459,0.8798346519470215,,0.011590505950152874
batch-r1-s1,batch,1,1,SBP,SBP,previous,skin,cheek_viewer_right,1,0.0223836749792099,0.8778365254402161,,0.01049040537327528
batch-r1-s1,batch,1,1,SBP,SBP,previous,face,whole_roi,3,0.09139969199895859,0.8695856928825378,0.07729890942573547,
batch-r1-s1,batch,1,1,SBP,SBP,previous,skin,weighted_three_regions,3,0.027320453432552953,0.8375578909129887,,0.012223391300615142
batch-r1-s1,batch,1,1,SBP,SBP,previous,skin,forehead,3,0.027050603181123734,0.8104930520057678,,0.01305656973272562
batch-r1-s1,batch,1,1,SBP,SBP,previous,skin,cheek_viewer_left,3,0.03241259604692459,0.8798346519470215,,0.011590505950152874
batch-r1-s1,batch,1,1,SBP,SBP,previous,skin,cheek_viewer_right,3,0.0223836749792099,0.8778365254402161,,0.01049040537327528
batch-r1-s1,batch,1,1,SBP,SBP,previous,face,whole_roi,6,0.09139969199895859,0.8695856928825378,0.07729890942573547,
batch-r1-s1,batch,1,1,SBP,SBP,previous,skin,weighted_three_regions,6,0.027320453432552953,0.8375578909129887,,0.012223391300615142
batch-r1-s1,batch,1,1,SBP,SBP,previous,skin,forehead,6,0.027050603181123734,0.8104930520057678,,0.01305656973272562
batch-r1-s1,batch,1,1,SBP,SBP,previous,skin,cheek_viewer_left,6,0.03241259604692459,0.8798346519470215,,0.011590505950152874
batch-r1-s1,batch,1,1,SBP,SBP,previous,skin,cheek_viewer_right,6,0.0223836749792099,0.8778365254402161,,0.01049040537327528
SBP-r1-s1,SBP,1,1,S,S,original,face,whole_roi,fixed,0.019763967022299767,0.8801968693733215,0.025355590507388115,
SBP-r1-s1,SBP,1,1,S,S,original,skin,weighted_three_regions,fixed,0.015706650645417326,0.8363003845866097,,0.012812453236650019
SBP-r1-s1,SBP,1,1,S,S,original,skin,forehead,fixed,0.01617547497153282,0.8049752116203308,,0.014248373918235302
SBP-r1-s1,SBP,1,1,S,S,original,skin,cheek_viewer_left,fixed,0.01405055820941925,0.8855364322662354,,0.011193265207111835
SBP-r1-s1,SBP,1,1,S,S,original,skin,cheek_viewer_right,fixed,0.016193978488445282,0.8825681209564209,,0.010420296341180801
SBP-r1-s1,SBP,1,1,S,S,original,face,whole_roi,1,0.0187416709959507,0.8850024342536926,0.023754103109240532,
SBP-r1-s1,SBP,1,1,S,S,original,skin,weighted_three_regions,1,0.015713957056184027,0.8203586281936621,,0.01343442032004104
SBP-r1-s1,SBP,1,1,S,S,original,skin,forehead,1,0.015850668773055077,0.7951691746711731,,0.01419718749821186
SBP-r1-s1,SBP,1,1,S,S,original,skin,cheek_viewer_left,1,0.014997233636677265,0.872148334980011,,0.012578429654240608
SBP-r1-s1,SBP,1,1,S,S,original,skin,cheek_viewer_right,1,0.016119087114930153,0.8434896469116211,,0.01215905137360096
SBP-r1-s1,SBP,1,1,S,S,original,face,whole_roi,3,0.0187416709959507,0.8850024342536926,0.023754103109240532,
SBP-r1-s1,SBP,1,1,S,S,original,skin,weighted_three_regions,3,0.015713957056184027,0.8203586281936621,,0.01343442032004104
SBP-r1-s1,SBP,1,1,S,S,original,skin,forehead,3,0.015850668773055077,0.7951691746711731,,0.01419718749821186
SBP-r1-s1,SBP,1,1,S,S,original,skin,cheek_viewer_left,3,0.014997233636677265,0.872148334980011,,0.012578429654240608
SBP-r1-s1,SBP,1,1,S,S,original,skin,cheek_viewer_right,3,0.016119087114930153,0.8434896469116211,,0.01215905137360096
SBP-r1-s1,SBP,1,1,S,S,original,face,whole_roi,6,0.0187416709959507,0.8850024342536926,0.023754103109240532,
SBP-r1-s1,SBP,1,1,S,S,original,skin,weighted_three_regions,6,0.015713957056184027,0.8203586281936621,,0.01343442032004104
SBP-r1-s1,SBP,1,1,S,S,original,skin,forehead,6,0.015850668773055077,0.7951691746711731,,0.01419718749821186
SBP-r1-s1,SBP,1,1,S,S,original,skin,cheek_viewer_left,6,0.014997233636677265,0.872148334980011,,0.012578429654240608
SBP-r1-s1,SBP,1,1,S,S,original,skin,cheek_viewer_right,6,0.016119087114930153,0.8434896469116211,,0.01215905137360096
SBP-r1-s1,SBP,1,1,S,S,previous,face,whole_roi,fixed,0.019763967022299767,0.8801968693733215,0.025355590507388115,
SBP-r1-s1,SBP,1,1,S,S,previous,skin,weighted_three_regions,fixed,0.015706650645417326,0.8363003845866097,,0.012812453236650019
SBP-r1-s1,SBP,1,1,S,S,previous,skin,forehead,fixed,0.01617547497153282,0.8049752116203308,,0.014248373918235302
SBP-r1-s1,SBP,1,1,S,S,previous,skin,cheek_viewer_left,fixed,0.01405055820941925,0.8855364322662354,,0.011193265207111835
SBP-r1-s1,SBP,1,1,S,S,previous,skin,cheek_viewer_right,fixed,0.016193978488445282,0.8825681209564209,,0.010420296341180801
SBP-r1-s1,SBP,1,1,S,S,previous,face,whole_roi,1,0.0187416709959507,0.8850024342536926,0.023754103109240532,
SBP-r1-s1,SBP,1,1,S,S,previous,skin,weighted_three_regions,1,0.015713957056184027,0.8203586281936621,,0.01343442032004104
SBP-r1-s1,SBP,1,1,S,S,previous,skin,forehead,1,0.015850668773055077,0.7951691746711731,,0.01419718749821186
SBP-r1-s1,SBP,1,1,S,S,previous,skin,cheek_viewer_left,1,0.014997233636677265,0.872148334980011,,0.012578429654240608
SBP-r1-s1,SBP,1,1,S,S,previous,skin,cheek_viewer_right,1,0.016119087114930153,0.8434896469116211,,0.01215905137360096
SBP-r1-s1,SBP,1,1,S,S,previous,face,whole_roi,3,0.0187416709959507,0.8850024342536926,0.023754103109240532,
SBP-r1-s1,SBP,1,1,S,S,previous,skin,weighted_three_regions,3,0.015713957056184027,0.8203586281936621,,0.01343442032004104
SBP-r1-s1,SBP,1,1,S,S,previous,skin,forehead,3,0.015850668773055077,0.7951691746711731,,0.01419718749821186
SBP-r1-s1,SBP,1,1,S,S,previous,skin,cheek_viewer_left,3,0.014997233636677265,0.872148334980011,,0.012578429654240608
SBP-r1-s1,SBP,1,1,S,S,previous,skin,cheek_viewer_right,3,0.016119087114930153,0.8434896469116211,,0.01215905137360096
SBP-r1-s1,SBP,1,1,S,S,previous,face,whole_roi,6,0.0187416709959507,0.8850024342536926,0.023754103109240532,
SBP-r1-s1,SBP,1,1,S,S,previous,skin,weighted_three_regions,6,0.015713957056184027,0.8203586281936621,,0.01343442032004104
SBP-r1-s1,SBP,1,1,S,S,previous,skin,forehead,6,0.015850668773055077,0.7951691746711731,,0.01419718749821186
SBP-r1-s1,SBP,1,1,S,S,previous,skin,cheek_viewer_left,6,0.014997233636677265,0.872148334980011,,0.012578429654240608
SBP-r1-s1,SBP,1,1,S,S,previous,skin,cheek_viewer_right,6,0.016119087114930153,0.8434896469116211,,0.01215905137360096
BSP-r1-s2,BSP,1,2,S,SB,original,face,whole_roi,fixed,0.11698570847511292,0.7885348200798035,0.1013040617108345,
BSP-r1-s2,BSP,1,2,S,SB,original,skin,weighted_three_regions,fixed,0.06297635155565598,0.7942056437863659,,0.014154350645840167
BSP-r1-s2,BSP,1,2,S,SB,original,skin,forehead,fixed,0.06463959068059921,0.7666333317756653,,0.015202321112155914
BSP-r1-s2,BSP,1,2,S,SB,original,skin,cheek_viewer_left,fixed,0.07649997621774673,0.8267242312431335,,0.013968737795948982
BSP-r1-s2,BSP,1,2,S,SB,original,skin,cheek_viewer_right,fixed,0.04288145899772644,0.8474135994911194,,0.011287870816886425
BSP-r1-s2,BSP,1,2,S,SB,original,face,whole_roi,1,0.11334861814975739,0.8262489438056946,0.09591814875602722,
BSP-r1-s2,BSP,1,2,S,SB,original,skin,weighted_three_regions,1,0.06256208865519833,0.7986383203247466,,0.013853856301044716
BSP-r1-s2,BSP,1,2,S,SB,original,skin,forehead,1,0.06246105208992958,0.7780622839927673,,0.014374138787388802
BSP-r1-s2,BSP,1,2,S,SB,original,skin,cheek_viewer_left,1,0.07837085425853729,0.8359548449516296,,0.013468019664287567
BSP-r1-s2,BSP,1,2,S,SB,original,skin,cheek_viewer_right,1,0.045073721557855606,0.8232882618904114,,0.012761141173541546
BSP-r1-s2,BSP,1,2,S,SB,original,face,whole_roi,3,0.11334861814975739,0.8262489438056946,0.09591814875602722,
BSP-r1-s2,BSP,1,2,S,SB,original,skin,weighted_three_regions,3,0.06256208865519833,0.7986383203247466,,0.013853856301044716
BSP-r1-s2,BSP,1,2,S,SB,original,skin,forehead,3,0.06246105208992958,0.7780622839927673,,0.014374138787388802
BSP-r1-s2,BSP,1,2,S,SB,original,skin,cheek_viewer_left,3,0.07837085425853729,0.8359548449516296,,0.013468019664287567
BSP-r1-s2,BSP,1,2,S,SB,original,skin,cheek_viewer_right,3,0.045073721557855606,0.8232882618904114,,0.012761141173541546
BSP-r1-s2,BSP,1,2,S,SB,original,face,whole_roi,6,0.11334861814975739,0.8262489438056946,0.09591814875602722,
BSP-r1-s2,BSP,1,2,S,SB,original,skin,weighted_three_regions,6,0.06256208865519833,0.7986383203247466,,0.013853856301044716
BSP-r1-s2,BSP,1,2,S,SB,original,skin,forehead,6,0.06246105208992958,0.7780622839927673,,0.014374138787388802
BSP-r1-s2,BSP,1,2,S,SB,original,skin,cheek_viewer_left,6,0.07837085425853729,0.8359548449516296,,0.013468019664287567
BSP-r1-s2,BSP,1,2,S,SB,original,skin,cheek_viewer_right,6,0.045073721557855606,0.8232882618904114,,0.012761141173541546
BSP-r1-s2,BSP,1,2,S,SB,previous,face,whole_roi,fixed,0.018413979560136795,0.9210553169250488,0.019321409985423088,
BSP-r1-s2,BSP,1,2,S,SB,previous,skin,weighted_three_regions,fixed,0.013389850006822277,0.9037932275415776,,0.009408550832201453
BSP-r1-s2,BSP,1,2,S,SB,previous,skin,forehead,fixed,0.013650916516780853,0.892331600189209,,0.009895225055515766
BSP-r1-s2,BSP,1,2,S,SB,previous,skin,cheek_viewer_left,fixed,0.01386900432407856,0.9209383130073547,,0.00963402446359396
BSP-r1-s2,BSP,1,2,S,SB,previous,skin,cheek_viewer_right,fixed,0.012084695510566235,0.9217260479927063,,0.0077267359010875225
BSP-r1-s2,BSP,1,2,S,SB,previous,face,whole_roi,1,0.016848240047693253,0.9238103032112122,0.0165814608335495,
BSP-r1-s2,BSP,1,2,S,SB,previous,skin,weighted_three_regions,1,0.014801422563545844,0.8708838628637173,,0.01172923681600129
BSP-r1-s2,BSP,1,2,S,SB,previous,skin,forehead,1,0.015415158122777939,0.8466779589653015,,0.012985378503799438
BSP-r1-s2,BSP,1,2,S,SB,previous,skin,cheek_viewer_left,1,0.014372169971466064,0.9136559963226318,,0.010010329075157642
BSP-r1-s2,BSP,1,2,S,SB,previous,skin,cheek_viewer_right,1,0.013483310118317604,0.9011833071708679,,0.009976830333471298
BSP-r1-s2,BSP,1,2,S,SB,previous,face,whole_roi,3,0.016848240047693253,0.9238103032112122,0.0165814608335495,
BSP-r1-s2,BSP,1,2,S,SB,previous,skin,weighted_three_regions,3,0.014801422563545844,0.8708838628637173,,0.01172923681600129
BSP-r1-s2,BSP,1,2,S,SB,previous,skin,forehead,3,0.015415158122777939,0.8466779589653015,,0.012985378503799438
BSP-r1-s2,BSP,1,2,S,SB,previous,skin,cheek_viewer_left,3,0.014372169971466064,0.9136559963226318,,0.010010329075157642
BSP-r1-s2,BSP,1,2,S,SB,previous,skin,cheek_viewer_right,3,0.013483310118317604,0.9011833071708679,,0.009976830333471298
BSP-r1-s2,BSP,1,2,S,SB,previous,face,whole_roi,6,0.016848240047693253,0.9238103032112122,0.0165814608335495,
BSP-r1-s2,BSP,1,2,S,SB,previous,skin,weighted_three_regions,6,0.014801422563545844,0.8708838628637173,,0.01172923681600129
BSP-r1-s2,BSP,1,2,S,SB,previous,skin,forehead,6,0.015415158122777939,0.8466779589653015,,0.012985378503799438
BSP-r1-s2,BSP,1,2,S,SB,previous,skin,cheek_viewer_left,6,0.014372169971466064,0.9136559963226318,,0.010010329075157642
BSP-r1-s2,BSP,1,2,S,SB,previous,skin,cheek_viewer_right,6,0.013483310118317604,0.9011833071708679,,0.009976830333471298
BPS-r1-s2,BPS,1,2,P,BP,original,face,whole_roi,fixed,0.10754065960645676,0.8291419148445129,0.10335245728492737,
BPS-r1-s2,BPS,1,2,P,BP,original,skin,weighted_three_regions,fixed,0.04473837090765729,0.8259072265407915,,0.01247940298717688
BPS-r1-s2,BPS,1,2,P,BP,original,skin,forehead,fixed,0.044251881539821625,0.805375874042511,,0.012961912900209427
BPS-r1-s2,BPS,1,2,P,BP,original,skin,cheek_viewer_left,fixed,0.05601722002029419,0.8538548350334167,,0.012779409997165203
BPS-r1-s2,BPS,1,2,P,BP,original,skin,cheek_viewer_right,fixed,0.03347728028893471,0.8612204194068909,,0.01072595827281475
BPS-r1-s2,BPS,1,2,P,BP,original,face,whole_roi,1,0.10602178424596786,0.8398777842521667,0.10349759459495544,
BPS-r1-s2,BPS,1,2,P,BP,original,skin,weighted_three_regions,1,0.04506324299994637,0.8131730784800962,,0.013483634243774063
BPS-r1-s2,BPS,1,2,P,BP,original,skin,forehead,1,0.043406710028648376,0.7920761108398438,,0.014385654591023922
BPS-r1-s2,BPS,1,2,P,BP,original,skin,cheek_viewer_left,1,0.057787805795669556,0.8530368208885193,,0.012534134089946747
BPS-r1-s2,BPS,1,2,P,BP,original,skin,cheek_viewer_right,1,0.03560924530029297,0.8365980982780457,,0.01190482173115015
BPS-r1-s2,BPS,1,2,P,BP,original,face,whole_roi,3,0.10754065960645676,0.8291419148445129,0.10335245728492737,
BPS-r1-s2,BPS,1,2,P,BP,original,skin,weighted_three_regions,3,0.04473837090765729,0.8259072265407915,,0.01247940298717688
BPS-r1-s2,BPS,1,2,P,BP,original,skin,forehead,3,0.044251881539821625,0.805375874042511,,0.012961912900209427
BPS-r1-s2,BPS,1,2,P,BP,original,skin,cheek_viewer_left,3,0.05601722002029419,0.8538548350334167,,0.012779409997165203
BPS-r1-s2,BPS,1,2,P,BP,original,skin,cheek_viewer_right,3,0.03347728028893471,0.8612204194068909,,0.01072595827281475
BPS-r1-s2,BPS,1,2,P,BP,original,face,whole_roi,6,0.10754065960645676,0.8291419148445129,0.10335245728492737,
BPS-r1-s2,BPS,1,2,P,BP,original,skin,weighted_three_regions,6,0.04473837090765729,0.8259072265407915,,0.01247940298717688
BPS-r1-s2,BPS,1,2,P,BP,original,skin,forehead,6,0.044251881539821625,0.805375874042511,,0.012961912900209427
BPS-r1-s2,BPS,1,2,P,BP,original,skin,cheek_viewer_left,6,0.05601722002029419,0.8538548350334167,,0.012779409997165203
BPS-r1-s2,BPS,1,2,P,BP,original,skin,cheek_viewer_right,6,0.03347728028893471,0.8612204194068909,,0.01072595827281475
BPS-r1-s2,BPS,1,2,P,BP,previous,face,whole_roi,fixed,0.014005947858095169,0.9499494433403015,0.011966101825237274,
BPS-r1-s2,BPS,1,2,P,BP,previous,skin,weighted_three_regions,fixed,0.011487504370948847,0.924716111910025,,0.007942009156241136
BPS-r1-s2,BPS,1,2,P,BP,previous,skin,forehead,fixed,0.011851873248815536,0.9110579490661621,,0.008528034202754498
BPS-r1-s2,BPS,1,2,P,BP,previous,skin,cheek_viewer_left,fixed,0.012975931167602539,0.9411928057670593,,0.00790818128734827
BPS-r1-s2,BPS,1,2,P,BP,previous,skin,cheek_viewer_right,fixed,0.008743775077164173,0.9506480693817139,,0.006260361056774855
BPS-r1-s2,BPS,1,2,P,BP,previous,face,whole_roi,1,0.014005947858095169,0.9499494433403015,0.011966101825237274,
BPS-r1-s2,BPS,1,2,P,BP,previous,skin,weighted_three_regions,1,0.011487504370948847,0.924716111910025,,0.007942009156241136
BPS-r1-s2,BPS,1,2,P,BP,previous,skin,forehead,1,0.011851873248815536,0.9110579490661621,,0.008528034202754498
BPS-r1-s2,BPS,1,2,P,BP,previous,skin,cheek_viewer_left,1,0.012975931167602539,0.9411928057670593,,0.00790818128734827
BPS-r1-s2,BPS,1,2,P,BP,previous,skin,cheek_viewer_right,1,0.008743775077164173,0.9506480693817139,,0.006260361056774855
BPS-r1-s2,BPS,1,2,P,BP,previous,face,whole_roi,3,0.014005947858095169,0.9499494433403015,0.011966101825237274,
BPS-r1-s2,BPS,1,2,P,BP,previous,skin,weighted_three_regions,3,0.011487504370948847,0.924716111910025,,0.007942009156241136
BPS-r1-s2,BPS,1,2,P,BP,previous,skin,forehead,3,0.011851873248815536,0.9110579490661621,,0.008528034202754498
BPS-r1-s2,BPS,1,2,P,BP,previous,skin,cheek_viewer_left,3,0.012975931167602539,0.9411928057670593,,0.00790818128734827
BPS-r1-s2,BPS,1,2,P,BP,previous,skin,cheek_viewer_right,3,0.008743775077164173,0.9506480693817139,,0.006260361056774855
BPS-r1-s2,BPS,1,2,P,BP,previous,face,whole_roi,6,0.014005947858095169,0.9499494433403015,0.011966101825237274,
BPS-r1-s2,BPS,1,2,P,BP,previous,skin,weighted_three_regions,6,0.011487504370948847,0.924716111910025,,0.007942009156241136
BPS-r1-s2,BPS,1,2,P,BP,previous,skin,forehead,6,0.011851873248815536,0.9110579490661621,,0.008528034202754498
BPS-r1-s2,BPS,1,2,P,BP,previous,skin,cheek_viewer_left,6,0.012975931167602539,0.9411928057670593,,0.00790818128734827
BPS-r1-s2,BPS,1,2,P,BP,previous,skin,cheek_viewer_right,6,0.008743775077164173,0.9506480693817139,,0.006260361056774855
PSB-r1-s2,PSB,1,2,S,SP,original,face,whole_roi,fixed,0.022808926180005074,0.8689165115356445,0.03912706300616264,
PSB-r1-s2,PSB,1,2,S,SP,original,skin,weighted_three_regions,fixed,0.018294885888257447,0.8378167665173157,,0.012057507204658846
PSB-r1-s2,PSB,1,2,S,SP,original,skin,forehead,fixed,0.0180553887039423,0.8162810206413269,,0.012804397381842136
PSB-r1-s2,PSB,1,2,S,SP,original,skin,cheek_viewer_left,fixed,0.019024275243282318,0.8727537989616394,,0.011453173123300076
PSB-r1-s2,PSB,1,2,S,SP,original,skin,cheek_viewer_right,fixed,0.018177133053541183,0.8683702945709229,,0.010545616038143635
PSB-r1-s2,PSB,1,2,S,SP,original,face,whole_roi,1,0.022860249504446983,0.8667561411857605,0.03921409696340561,
PSB-r1-s2,PSB,1,2,S,SP,original,skin,weighted_three_regions,1,0.018643021815839936,0.8195171692120599,,0.01293166969628895
PSB-r1-s2,PSB,1,2,S,SP,original,skin,forehead,1,0.018832610920071602,0.792153537273407,,0.013776777312159538
PSB-r1-s2,PSB,1,2,S,SP,original,skin,cheek_viewer_left,1,0.018909292295575142,0.8758980631828308,,0.011801043525338173
PSB-r1-s2,PSB,1,2,S,SP,original,skin,cheek_viewer_right,1,0.017787113785743713,0.8445050120353699,,0.011723635718226433
PSB-r1-s2,PSB,1,2,S,SP,original,face,whole_roi,3,0.022860249504446983,0.8667561411857605,0.03921409696340561,
PSB-r1-s2,PSB,1,2,S,SP,original,skin,weighted_three_regions,3,0.018643021815839936,0.8195171692120599,,0.01293166969628895
PSB-r1-s2,PSB,1,2,S,SP,original,skin,forehead,3,0.018832610920071602,0.792153537273407,,0.013776777312159538
PSB-r1-s2,PSB,1,2,S,SP,original,skin,cheek_viewer_left,3,0.018909292295575142,0.8758980631828308,,0.011801043525338173
PSB-r1-s2,PSB,1,2,S,SP,original,skin,cheek_viewer_right,3,0.017787113785743713,0.8445050120353699,,0.011723635718226433
PSB-r1-s2,PSB,1,2,S,SP,original,face,whole_roi,6,0.022860249504446983,0.8667561411857605,0.03921409696340561,
PSB-r1-s2,PSB,1,2,S,SP,original,skin,weighted_three_regions,6,0.018643021815839936,0.8195171692120599,,0.01293166969628895
PSB-r1-s2,PSB,1,2,S,SP,original,skin,forehead,6,0.018832610920071602,0.792153537273407,,0.013776777312159538
PSB-r1-s2,PSB,1,2,S,SP,original,skin,cheek_viewer_left,6,0.018909292295575142,0.8758980631828308,,0.011801043525338173
PSB-r1-s2,PSB,1,2,S,SP,original,skin,cheek_viewer_right,6,0.017787113785743713,0.8445050120353699,,0.011723635718226433
PSB-r1-s2,PSB,1,2,S,SP,previous,face,whole_roi,fixed,0.017610499635338783,0.927783191204071,0.020178405568003654,
PSB-r1-s2,PSB,1,2,S,SP,previous,skin,weighted_three_regions,fixed,0.014854094730142285,0.9200468143825441,,0.007728363351129434
PSB-r1-s2,PSB,1,2,S,SP,previous,skin,forehead,fixed,0.013664506375789642,0.9027933478355408,,0.008731484413146973
PSB-r1-s2,PSB,1,2,S,SP,previous,skin,cheek_viewer_left,fixed,0.01571653224527836,0.9480900764465332,,0.0065464721992611885
PSB-r1-s2,PSB,1,2,S,SP,previous,skin,cheek_viewer_right,fixed,0.017374727874994278,0.9444634318351746,,0.0061143082566559315
PSB-r1-s2,PSB,1,2,S,SP,previous,face,whole_roi,1,0.017117567360401154,0.9316900372505188,0.017778495326638222,
PSB-r1-s2,PSB,1,2,S,SP,previous,skin,weighted_three_regions,1,0.015226835481384222,0.9021575992672559,,0.008870996830656248
PSB-r1-s2,PSB,1,2,S,SP,previous,skin,forehead,1,0.015188123099505901,0.8809553980827332,,0.009728141129016876
PSB-r1-s2,PSB,1,2,S,SP,previous,skin,cheek_viewer_left,1,0.014750839211046696,0.9400092959403992,,0.007839707657694817
PSB-r1-s2,PSB,1,2,S,SP,previous,skin,cheek_viewer_right,1,0.015875933691859245,0.9282504916191101,,0.007515886798501015
PSB-r1-s2,PSB,1,2,S,SP,previous,face,whole_roi,3,0.017117567360401154,0.9316900372505188,0.017778495326638222,
PSB-r1-s2,PSB,1,2,S,SP,previous,skin,weighted_three_regions,3,0.015226835481384222,0.9021575992672559,,0.008870996830656248
PSB-r1-s2,PSB,1,2,S,SP,previous,skin,forehead,3,0.015188123099505901,0.8809553980827332,,0.009728141129016876
PSB-r1-s2,PSB,1,2,S,SP,previous,skin,cheek_viewer_left,3,0.014750839211046696,0.9400092959403992,,0.007839707657694817
PSB-r1-s2,PSB,1,2,S,SP,previous,skin,cheek_viewer_right,3,0.015875933691859245,0.9282504916191101,,0.007515886798501015
PSB-r1-s2,PSB,1,2,S,SP,previous,face,whole_roi,6,0.017117567360401154,0.9316900372505188,0.017778495326638222,
PSB-r1-s2,PSB,1,2,S,SP,previous,skin,weighted_three_regions,6,0.015226835481384222,0.9021575992672559,,0.008870996830656248
PSB-r1-s2,PSB,1,2,S,SP,previous,skin,forehead,6,0.015188123099505901,0.8809553980827332,,0.009728141129016876
PSB-r1-s2,PSB,1,2,S,SP,previous,skin,cheek_viewer_left,6,0.014750839211046696,0.9400092959403992,,0.007839707657694817
PSB-r1-s2,PSB,1,2,S,SP,previous,skin,cheek_viewer_right,6,0.015875933691859245,0.9282504916191101,,0.007515886798501015
PBS-r1-s2,PBS,1,2,B,BP,original,face,whole_roi,fixed,0.12008079141378403,0.8456780910491943,0.1018039882183075,
PBS-r1-s2,PBS,1,2,B,BP,original,skin,weighted_three_regions,fixed,0.06688312115914681,0.8345083238752895,,0.012029620115371311
PBS-r1-s2,PBS,1,2,B,BP,original,skin,forehead,fixed,0.0673159509897232,0.8176228404045105,,0.012386024929583073
PBS-r1-s2,PBS,1,2,B,BP,original,skin,cheek_viewer_left,fixed,0.07610229402780533,0.8559134602546692,,0.01236915122717619
PBS-r1-s2,PBS,1,2,B,BP,original,skin,cheek_viewer_right,fixed,0.05524140223860741,0.865373432636261,,0.0106017692014575
PBS-r1-s2,PBS,1,2,B,BP,original,face,whole_roi,1,0.12008079141378403,0.8456780910491943,0.1018039882183075,
PBS-r1-s2,PBS,1,2,B,BP,original,skin,weighted_three_regions,1,0.06688312115914681,0.8345083238752895,,0.012029620115371311
PBS-r1-s2,PBS,1,2,B,BP,original,skin,forehead,1,0.0673159509897232,0.8176228404045105,,0.012386024929583073
PBS-r1-s2,PBS,1,2,B,BP,original,skin,cheek_viewer_left,1,0.07610229402780533,0.8559134602546692,,0.01236915122717619
PBS-r1-s2,PBS,1,2,B,BP,original,skin,cheek_viewer_right,1,0.05524140223860741,0.865373432636261,,0.0106017692014575
PBS-r1-s2,PBS,1,2,B,BP,original,face,whole_roi,3,0.12008079141378403,0.8456780910491943,0.1018039882183075,
PBS-r1-s2,PBS,1,2,B,BP,original,skin,weighted_three_regions,3,0.06688312115914681,0.8345083238752895,,0.012029620115371311
PBS-r1-s2,PBS,1,2,B,BP,original,skin,forehead,3,0.0673159509897232,0.8176228404045105,,0.012386024929583073
PBS-r1-s2,PBS,1,2,B,BP,original,skin,cheek_viewer_left,3,0.07610229402780533,0.8559134602546692,,0.01236915122717619
PBS-r1-s2,PBS,1,2,B,BP,original,skin,cheek_viewer_right,3,0.05524140223860741,0.865373432636261,,0.0106017692014575
PBS-r1-s2,PBS,1,2,B,BP,original,face,whole_roi,6,0.12333834171295166,0.800003707408905,0.10869524627923965,
PBS-r1-s2,PBS,1,2,B,BP,original,skin,weighted_three_regions,6,0.06740791875649901,0.8129646861384765,,0.013397988279295319
PBS-r1-s2,PBS,1,2,B,BP,original,skin,forehead,6,0.06960651278495789,0.7922186255455017,,0.013915698044002056
PBS-r1-s2,PBS,1,2,B,BP,original,skin,cheek_viewer_left,6,0.07423488050699234,0.8410276770591736,,0.013690045103430748
PBS-r1-s2,PBS,1,2,B,BP,original,skin,cheek_viewer_right,6,0.053275760263204575,0.8488512635231018,,0.011550192721188068
PBS-r1-s2,PBS,1,2,B,BP,previous,face,whole_roi,fixed,0.11869016289710999,0.9025065898895264,0.08196988701820374,
PBS-r1-s2,PBS,1,2,B,BP,previous,skin,weighted_three_regions,fixed,0.05943502540097517,0.9127587496392207,,0.007920726650558851
PBS-r1-s2,PBS,1,2,B,BP,previous,skin,forehead,fixed,0.059090666472911835,0.8943500518798828,,0.00877215526998043
PBS-r1-s2,PBS,1,2,B,BP,previous,skin,cheek_viewer_left,fixed,0.0660606250166893,0.9429700970649719,,0.006995831616222858
PBS-r1-s2,PBS,1,2,B,BP,previous,skin,cheek_viewer_right,fixed,0.052991755306720734,0.9384751319885254,,0.006462696008384228
PBS-r1-s2,PBS,1,2,B,BP,previous,face,whole_roi,1,0.11869016289710999,0.9025065898895264,0.08196988701820374,
PBS-r1-s2,PBS,1,2,B,BP,previous,skin,weighted_three_regions,1,0.05943502540097517,0.9127587496392207,,0.007920726650558851
PBS-r1-s2,PBS,1,2,B,BP,previous,skin,forehead,1,0.059090666472911835,0.8943500518798828,,0.00877215526998043
PBS-r1-s2,PBS,1,2,B,BP,previous,skin,cheek_viewer_left,1,0.0660606250166893,0.9429700970649719,,0.006995831616222858
PBS-r1-s2,PBS,1,2,B,BP,previous,skin,cheek_viewer_right,1,0.052991755306720734,0.9384751319885254,,0.006462696008384228
PBS-r1-s2,PBS,1,2,B,BP,previous,face,whole_roi,3,0.12047812342643738,0.8781273365020752,0.08707167208194733,
PBS-r1-s2,PBS,1,2,B,BP,previous,skin,weighted_three_regions,3,0.0599102257893366,0.8964116918610254,,0.00943468895576456
PBS-r1-s2,PBS,1,2,B,BP,previous,skin,forehead,3,0.061417028307914734,0.8809084892272949,,0.010050712153315544
PBS-r1-s2,PBS,1,2,B,BP,previous,skin,cheek_viewer_left,3,0.0638957992196083,0.9228145480155945,,0.009112405590713024
PBS-r1-s2,PBS,1,2,B,BP,previous,skin,cheek_viewer_right,3,0.05100470781326294,0.916961669921875,,0.007989523001015186
PBS-r1-s2,PBS,1,2,B,BP,previous,face,whole_roi,6,0.12047812342643738,0.8781273365020752,0.08707167208194733,
PBS-r1-s2,PBS,1,2,B,BP,previous,skin,weighted_three_regions,6,0.0599102257893366,0.8964116918610254,,0.00943468895576456
PBS-r1-s2,PBS,1,2,B,BP,previous,skin,forehead,6,0.061417028307914734,0.8809084892272949,,0.010050712153315544
PBS-r1-s2,PBS,1,2,B,BP,previous,skin,cheek_viewer_left,6,0.0638957992196083,0.9228145480155945,,0.009112405590713024
PBS-r1-s2,PBS,1,2,B,BP,previous,skin,cheek_viewer_right,6,0.05100470781326294,0.916961669921875,,0.007989523001015186
SPB-r1-s2,SPB,1,2,P,SP,original,face,whole_roi,fixed,0.024012628942728043,0.8541944026947021,0.04232766851782799,
SPB-r1-s2,SPB,1,2,P,SP,original,skin,weighted_three_regions,fixed,0.017975009660072188,0.8271479537385974,,0.012551015687777715
SPB-r1-s2,SPB,1,2,P,SP,original,skin,forehead,fixed,0.017485979944467545,0.8024132251739502,,0.013422633521258831
SPB-r1-s2,SPB,1,2,P,SP,original,skin,cheek_viewer_left,fixed,0.01951533742249012,0.8611828684806824,,0.012085511349141598
SPB-r1-s2,SPB,1,2,P,SP,original,skin,cheek_viewer_right,fixed,0.01767721027135849,0.8692689538002014,,0.010516924783587456
SPB-r1-s2,SPB,1,2,P,SP,original,face,whole_roi,1,0.021286597475409508,0.878372848033905,0.03647106513381004,
SPB-r1-s2,SPB,1,2,P,SP,original,skin,weighted_three_regions,1,0.017823913866544472,0.8230428952998606,,0.012767141807605239
SPB-r1-s2,SPB,1,2,P,SP,original,skin,forehead,1,0.017317941412329674,0.801412045955658,,0.013289966620504856
SPB-r1-s2,SPB,1,2,P,SP,original,skin,cheek_viewer_left,1,0.01960611343383789,0.8654381632804871,,0.01226822566241026
SPB-r1-s2,SPB,1,2,P,SP,original,skin,cheek_viewer_right,1,0.017303727567195892,0.8453037142753601,,0.011794180609285831
SPB-r1-s2,SPB,1,2,P,SP,original,face,whole_roi,3,0.021286597475409508,0.878372848033905,0.03647106513381004,
SPB-r1-s2,SPB,1,2,P,SP,original,skin,weighted_three_regions,3,0.017823913866544472,0.8230428952998606,,0.012767141807605239
SPB-r1-s2,SPB,1,2,P,SP,original,skin,forehead,3,0.017317941412329674,0.801412045955658,,0.013289966620504856
SPB-r1-s2,SPB,1,2,P,SP,original,skin,cheek_viewer_left,3,0.01960611343383789,0.8654381632804871,,0.01226822566241026
SPB-r1-s2,SPB,1,2,P,SP,original,skin,cheek_viewer_right,3,0.017303727567195892,0.8453037142753601,,0.011794180609285831
SPB-r1-s2,SPB,1,2,P,SP,original,face,whole_roi,6,0.021286597475409508,0.878372848033905,0.03647106513381004,
SPB-r1-s2,SPB,1,2,P,SP,original,skin,weighted_three_regions,6,0.017823913866544472,0.8230428952998606,,0.012767141807605239
SPB-r1-s2,SPB,1,2,P,SP,original,skin,forehead,6,0.017317941412329674,0.801412045955658,,0.013289966620504856
SPB-r1-s2,SPB,1,2,P,SP,original,skin,cheek_viewer_left,6,0.01960611343383789,0.8654381632804871,,0.01226822566241026
SPB-r1-s2,SPB,1,2,P,SP,original,skin,cheek_viewer_right,6,0.017303727567195892,0.8453037142753601,,0.011794180609285831
SPB-r1-s2,SPB,1,2,P,SP,previous,face,whole_roi,fixed,0.011958559975028038,0.9457882046699524,0.015417845919728279,
SPB-r1-s2,SPB,1,2,P,SP,previous,skin,weighted_three_regions,fixed,0.009621492050149862,0.9248207441678788,,0.007709552903166589
SPB-r1-s2,SPB,1,2,P,SP,previous,skin,forehead,fixed,0.00935747567564249,0.9114930033683777,,0.008165501058101654
SPB-r1-s2,SPB,1,2,P,SP,previous,skin,cheek_viewer_left,fixed,0.011559809558093548,0.9445829391479492,,0.007720566354691982
SPB-r1-s2,SPB,1,2,P,SP,previous,skin,cheek_viewer_right,fixed,0.00821564719080925,0.9458744525909424,,0.00635917205363512
SPB-r1-s2,SPB,1,2,P,SP,previous,face,whole_roi,1,0.011958559975028038,0.9457882046699524,0.015417845919728279,
SPB-r1-s2,SPB,1,2,P,SP,previous,skin,weighted_three_regions,1,0.009621492050149862,0.9248207441678788,,0.007709552903166589
SPB-r1-s2,SPB,1,2,P,SP,previous,skin,forehead,1,0.00935747567564249,0.9114930033683777,,0.008165501058101654
SPB-r1-s2,SPB,1,2,P,SP,previous,skin,cheek_viewer_left,1,0.011559809558093548,0.9445829391479492,,0.007720566354691982
SPB-r1-s2,SPB,1,2,P,SP,previous,skin,cheek_viewer_right,1,0.00821564719080925,0.9458744525909424,,0.00635917205363512
SPB-r1-s2,SPB,1,2,P,SP,previous,face,whole_roi,3,0.011958559975028038,0.9457882046699524,0.015417845919728279,
SPB-r1-s2,SPB,1,2,P,SP,previous,skin,weighted_three_regions,3,0.009621492050149862,0.9248207441678788,,0.007709552903166589
SPB-r1-s2,SPB,1,2,P,SP,previous,skin,forehead,3,0.00935747567564249,0.9114930033683777,,0.008165501058101654
SPB-r1-s2,SPB,1,2,P,SP,previous,skin,cheek_viewer_left,3,0.011559809558093548,0.9445829391479492,,0.007720566354691982
SPB-r1-s2,SPB,1,2,P,SP,previous,skin,cheek_viewer_right,3,0.00821564719080925,0.9458744525909424,,0.00635917205363512
SPB-r1-s2,SPB,1,2,P,SP,previous,face,whole_roi,6,0.011958559975028038,0.9457882046699524,0.015417845919728279,
SPB-r1-s2,SPB,1,2,P,SP,previous,skin,weighted_three_regions,6,0.009621492050149862,0.9248207441678788,,0.007709552903166589
SPB-r1-s2,SPB,1,2,P,SP,previous,skin,forehead,6,0.00935747567564249,0.9114930033683777,,0.008165501058101654
SPB-r1-s2,SPB,1,2,P,SP,previous,skin,cheek_viewer_left,6,0.011559809558093548,0.9445829391479492,,0.007720566354691982
SPB-r1-s2,SPB,1,2,P,SP,previous,skin,cheek_viewer_right,6,0.00821564719080925,0.9458744525909424,,0.00635917205363512
SBP-r1-s2,SBP,1,2,B,SB,original,face,whole_roi,fixed,0.12613776326179504,0.7992584705352783,0.10189990699291229,
SBP-r1-s2,SBP,1,2,B,SB,original,skin,weighted_three_regions,fixed,0.057872164884910864,0.8214786671207314,,0.013034525024978554
SBP-r1-s2,SBP,1,2,B,SB,original,skin,forehead,fixed,0.06194600090384483,0.8028290867805481,,0.013915862888097763
SBP-r1-s2,SBP,1,2,B,SB,original,skin,cheek_viewer_left,fixed,0.065873883664608,0.8513762354850769,,0.012293210253119469
SBP-r1-s2,SBP,1,2,B,SB,original,skin,cheek_viewer_right,fixed,0.03691546246409416,0.8483497500419617,,0.011282197199761868
SBP-r1-s2,SBP,1,2,B,SB,original,face,whole_roi,1,0.12334536761045456,0.8230144381523132,0.09786593168973923,
SBP-r1-s2,SBP,1,2,B,SB,original,skin,weighted_three_regions,1,0.056355823418673345,0.7975310817992481,,0.014116532477166722
SBP-r1-s2,SBP,1,2,B,SB,original,skin,forehead,1,0.05912811681628227,0.7787148356437683,,0.014509296044707298
SBP-r1-s2,SBP,1,2,B,SB,original,skin,cheek_viewer_left,1,0.059043992310762405,0.8255773186683655,,0.014585559256374836
SBP-r1-s2,SBP,1,2,B,SB,original,skin,cheek_viewer_right,1,0.04519627243280411,0.8270867466926575,,0.012436303310096264
SBP-r1-s2,SBP,1,2,B,SB,original,face,whole_roi,3,0.12421757727861404,0.8193874955177307,0.09901660680770874,
SBP-r1-s2,SBP,1,2,B,SB,original,skin,weighted_three_regions,3,0.05606670336688266,0.8073619949387232,,0.013644750411896145
SBP-r1-s2,SBP,1,2,B,SB,original,skin,forehead,3,0.06009757146239281,0.7908620834350586,,0.013762804679572582
SBP-r1-s2,SBP,1,2,B,SB,original,skin,cheek_viewer_left,3,0.05730193480849266,0.8237472176551819,,0.015138396061956882
SBP-r1-s2,SBP,1,2,B,SB,original,skin,cheek_viewer_right,3,0.042848389595746994,0.8427505493164062,,0.011617965996265411
SBP-r1-s2,SBP,1,2,B,SB,original,face,whole_roi,6,0.12421757727861404,0.8193874955177307,0.09901660680770874,
SBP-r1-s2,SBP,1,2,B,SB,original,skin,weighted_three_regions,6,0.05606670336688266,0.8073619949387232,,0.013644750411896145
SBP-r1-s2,SBP,1,2,B,SB,original,skin,forehead,6,0.06009757146239281,0.7908620834350586,,0.013762804679572582
SBP-r1-s2,SBP,1,2,B,SB,original,skin,cheek_viewer_left,6,0.05730193480849266,0.8237472176551819,,0.015138396061956882
SBP-r1-s2,SBP,1,2,B,SB,original,skin,cheek_viewer_right,6,0.042848389595746994,0.8427505493164062,,0.011617965996265411
SBP-r1-s2,SBP,1,2,B,SB,previous,face,whole_roi,fixed,0.12488772720098495,0.8812944889068604,0.08163630962371826,
SBP-r1-s2,SBP,1,2,B,SB,previous,skin,weighted_three_regions,fixed,0.05875336509855354,0.9096130666964843,,0.008387936523512883
SBP-r1-s2,SBP,1,2,B,SB,previous,skin,forehead,fixed,0.05933560058474541,0.9000669121742249,,0.008785032667219639
SBP-r1-s2,SBP,1,2,B,SB,previous,skin,cheek_viewer_left,fixed,0.06710845232009888,0.9303107857704163,,0.0077971648424863815
SBP-r1-s2,SBP,1,2,B,SB,previous,skin,cheek_viewer_right,fixed,0.04764530807733536,0.9171436429023743,,0.00788726657629013
SBP-r1-s2,SBP,1,2,B,SB,previous,face,whole_roi,1,0.12490764260292053,0.8716594576835632,0.08256825059652328,
SBP-r1-s2,SBP,1,2,B,SB,previous,skin,weighted_three_regions,1,0.057776817521628214,0.8717576612483015,,0.011285163498319248
SBP-r1-s2,SBP,1,2,B,SB,previous,skin,forehead,1,0.058804307132959366,0.8596017956733704,,0.01138001587241888
SBP-r1-s2,SBP,1,2,B,SB,previous,skin,cheek_viewer_left,1,0.0582926981151104,0.8698565363883972,,0.013290291652083397
SBP-r1-s2,SBP,1,2,B,SB,previous,skin,cheek_viewer_right,1,0.054181259125471115,0.9139513373374939,,0.008751047775149345
SBP-r1-s2,SBP,1,2,B,SB,previous,face,whole_roi,3,0.12791182100772858,0.8311359882354736,0.08707090467214584,
SBP-r1-s2,SBP,1,2,B,SB,previous,skin,weighted_three_regions,3,0.05754767345154987,0.8428077032465014,,0.012237889675752204
SBP-r1-s2,SBP,1,2,B,SB,previous,skin,forehead,3,0.05984601378440857,0.82901531457901,,0.012183116748929024
SBP-r1-s2,SBP,1,2,B,SB,previous,skin,cheek_viewer_left,3,0.05651000887155533,0.8513579964637756,,0.01444662269204855
SBP-r1-s2,SBP,1,2,B,SB,previous,skin,cheek_viewer_right,3,0.05197051167488098,0.8783271908760071,,0.009913797490298748
SBP-r1-s2,SBP,1,2,B,SB,previous,face,whole_roi,6,0.12789839506149292,0.8347358107566833,0.08898822963237762,
SBP-r1-s2,SBP,1,2,B,SB,previous,skin,weighted_three_regions,6,0.05924875024048721,0.8667524563648638,,0.011132149643757763
SBP-r1-s2,SBP,1,2,B,SB,previous,skin,forehead,6,0.06179850921034813,0.8496370911598206,,0.011993752792477608
SBP-r1-s2,SBP,1,2,B,SB,previous,skin,cheek_viewer_left,6,0.06481395661830902,0.9065693020820618,,0.009995205327868462
SBP-r1-s2,SBP,1,2,B,SB,previous,skin,cheek_viewer_right,6,0.04550556465983391,0.8771297335624695,,0.009882817044854164
BSP-r1-s3,BSP,1,3,P,SBP,original,face,whole_roi,fixed,0.12226389348506927,0.7611314654350281,0.11823095381259918,
BSP-r1-s3,BSP,1,3,P,SBP,original,skin,weighted_three_regions,fixed,0.06996732366435668,0.786635414116798,,0.014021459843086845
BSP-r1-s3,BSP,1,3,P,SBP,original,skin,forehead,fixed,0.07150135189294815,0.7639200091362,,0.014723716303706169
BSP-r1-s3,BSP,1,3,P,SBP,original,skin,cheek_viewer_left,fixed,0.08591312915086746,0.8115803599357605,,0.014674787409603596
BSP-r1-s3,BSP,1,3,P,SBP,original,skin,cheek_viewer_right,fixed,0.04752665013074875,0.8326000571250916,,0.011225678026676178
BSP-r1-s3,BSP,1,3,P,SBP,original,face,whole_roi,1,0.11728799343109131,0.8067348599433899,0.10856296867132187,
BSP-r1-s3,BSP,1,3,P,SBP,original,skin,weighted_three_regions,1,0.06999961155302384,0.7833030104075721,,0.014113143194905099
BSP-r1-s3,BSP,1,3,P,SBP,original,skin,forehead,1,0.0684908926486969,0.7611759305000305,,0.015108762308955193
BSP-r1-s3,BSP,1,3,P,SBP,original,skin,cheek_viewer_left,1,0.08999550342559814,0.8240234851837158,,0.013479107059538364
BSP-r1-s3,BSP,1,3,P,SBP,original,skin,cheek_viewer_right,1,0.051931604743003845,0.8091291785240173,,0.011904765851795673
BSP-r1-s3,BSP,1,3,P,SBP,original,face,whole_roi,3,0.11819733679294586,0.8032889366149902,0.11216634511947632,
BSP-r1-s3,BSP,1,3,P,SBP,original,skin,weighted_three_regions,3,0.06964417453197871,0.7886503305128268,,0.013808954302221536
BSP-r1-s3,BSP,1,3,P,SBP,original,skin,forehead,3,0.06940168887376785,0.7717540264129639,,0.014116301201283932
BSP-r1-s3,BSP,1,3,P,SBP,original,skin,cheek_viewer_left,3,0.08798716962337494,0.8141550421714783,,0.014438847079873085
BSP-r1-s3,BSP,1,3,P,SBP,original,skin,cheek_viewer_right,3,0.04971988499164581,0.8148207664489746,,0.012198408134281635
BSP-r1-s3,BSP,1,3,P,SBP,original,face,whole_roi,6,0.11819733679294586,0.8032889366149902,0.11216634511947632,
BSP-r1-s3,BSP,1,3,P,SBP,original,skin,weighted_three_regions,6,0.06964417453197871,0.7886503305128268,,0.013808954302221536
BSP-r1-s3,BSP,1,3,P,SBP,original,skin,forehead,6,0.06940168887376785,0.7717540264129639,,0.014116301201283932
BSP-r1-s3,BSP,1,3,P,SBP,original,skin,cheek_viewer_left,6,0.08798716962337494,0.8141550421714783,,0.014438847079873085
BSP-r1-s3,BSP,1,3,P,SBP,original,skin,cheek_viewer_right,6,0.04971988499164581,0.8148207664489746,,0.012198408134281635
BSP-r1-s3,BSP,1,3,P,SBP,previous,face,whole_roi,fixed,0.01451942604035139,0.9526439309120178,0.012708423659205437,
BSP-r1-s3,BSP,1,3,P,SBP,previous,skin,weighted_three_regions,fixed,0.011037869153215604,0.9300836378962878,,0.007585330701378339
BSP-r1-s3,BSP,1,3,P,SBP,previous,skin,forehead,fixed,0.011006706394255161,0.914370059967041,,0.00832180492579937
BSP-r1-s3,BSP,1,3,P,SBP,previous,skin,cheek_viewer_left,fixed,0.013500710017979145,0.9558062553405762,,0.007084499578922987
BSP-r1-s3,BSP,1,3,P,SBP,previous,skin,cheek_viewer_right,fixed,0.008358621038496494,0.952110767364502,,0.005987564567476511
BSP-r1-s3,BSP,1,3,P,SBP,previous,face,whole_roi,1,0.01451942604035139,0.9526439309120178,0.012708423659205437,
BSP-r1-s3,BSP,1,3,P,SBP,previous,skin,weighted_three_regions,1,0.011037869153215604,0.9300836378962878,,0.007585330701378339
BSP-r1-s3,BSP,1,3,P,SBP,previous,skin,forehead,1,0.011006706394255161,0.914370059967041,,0.00832180492579937
BSP-r1-s3,BSP,1,3,P,SBP,previous,skin,cheek_viewer_left,1,0.013500710017979145,0.9558062553405762,,0.007084499578922987
BSP-r1-s3,BSP,1,3,P,SBP,previous,skin,cheek_viewer_right,1,0.008358621038496494,0.952110767364502,,0.005987564567476511
BSP-r1-s3,BSP,1,3,P,SBP,previous,face,whole_roi,3,0.01451942604035139,0.9526439309120178,0.012708423659205437,
BSP-r1-s3,BSP,1,3,P,SBP,previous,skin,weighted_three_regions,3,0.011037869153215604,0.9300836378962878,,0.007585330701378339
BSP-r1-s3,BSP,1,3,P,SBP,previous,skin,forehead,3,0.011006706394255161,0.914370059967041,,0.00832180492579937
BSP-r1-s3,BSP,1,3,P,SBP,previous,skin,cheek_viewer_left,3,0.013500710017979145,0.9558062553405762,,0.007084499578922987
BSP-r1-s3,BSP,1,3,P,SBP,previous,skin,cheek_viewer_right,3,0.008358621038496494,0.952110767364502,,0.005987564567476511
BSP-r1-s3,BSP,1,3,P,SBP,previous,face,whole_roi,6,0.01451942604035139,0.9526439309120178,0.012708423659205437,
BSP-r1-s3,BSP,1,3,P,SBP,previous,skin,weighted_three_regions,6,0.011037869153215604,0.9300836378962878,,0.007585330701378339
BSP-r1-s3,BSP,1,3,P,SBP,previous,skin,forehead,6,0.011006706394255161,0.914370059967041,,0.00832180492579937
BSP-r1-s3,BSP,1,3,P,SBP,previous,skin,cheek_viewer_left,6,0.013500710017979145,0.9558062553405762,,0.007084499578922987
BSP-r1-s3,BSP,1,3,P,SBP,previous,skin,cheek_viewer_right,6,0.008358621038496494,0.952110767364502,,0.005987564567476511
BPS-r1-s3,BPS,1,3,S,SBP,original,face,whole_roi,fixed,0.10998566448688507,0.7885518670082092,0.12019230425357819,
BPS-r1-s3,BPS,1,3,S,SBP,original,skin,weighted_three_regions,fixed,0.048034404888749126,0.8071227841886284,,0.01301854766028769
BPS-r1-s3,BPS,1,3,S,SBP,original,skin,forehead,fixed,0.04860895127058029,0.7920969128608704,,0.013363567180931568
BPS-r1-s3,BPS,1,3,S,SBP,original,skin,cheek_viewer_left,fixed,0.0598972849547863,0.8216649889945984,,0.013866848312318325
BPS-r1-s3,BPS,1,3,S,SBP,original,skin,cheek_viewer_right,fixed,0.033002644777297974,0.8397874236106873,,0.011051741428673267
BPS-r1-s3,BPS,1,3,S,SBP,original,face,whole_roi,1,0.1072070449590683,0.8138458132743835,0.11654645204544067,
BPS-r1-s3,BPS,1,3,S,SBP,original,skin,weighted_three_regions,1,0.048410033890429666,0.7999641125205922,,0.013752130868242068
BPS-r1-s3,BPS,1,3,S,SBP,original,skin,forehead,1,0.04797723516821861,0.7819886803627014,,0.014552206732332706
BPS-r1-s3,BPS,1,3,S,SBP,original,skin,cheek_viewer_left,1,0.06160130724310875,0.828108012676239,,0.013396077789366245
BPS-r1-s3,BPS,1,3,S,SBP,original,skin,cheek_viewer_right,1,0.03483990952372551,0.8266403079032898,,0.011804848909378052
BPS-r1-s3,BPS,1,3,S,SBP,original,face,whole_roi,3,0.1072070449590683,0.8138458132743835,0.11654645204544067,
BPS-r1-s3,BPS,1,3,S,SBP,original,skin,weighted_three_regions,3,0.048410033890429666,0.7999641125205922,,0.013752130868242068
BPS-r1-s3,BPS,1,3,S,SBP,original,skin,forehead,3,0.04797723516821861,0.7819886803627014,,0.014552206732332706
BPS-r1-s3,BPS,1,3,S,SBP,original,skin,cheek_viewer_left,3,0.06160130724310875,0.828108012676239,,0.013396077789366245
BPS-r1-s3,BPS,1,3,S,SBP,original,skin,cheek_viewer_right,3,0.03483990952372551,0.8266403079032898,,0.011804848909378052
BPS-r1-s3,BPS,1,3,S,SBP,original,face,whole_roi,6,0.10998566448688507,0.7885518670082092,0.12019230425357819,
BPS-r1-s3,BPS,1,3,S,SBP,original,skin,weighted_three_regions,6,0.048034404888749126,0.8071227841886284,,0.01301854766028769
BPS-r1-s3,BPS,1,3,S,SBP,original,skin,forehead,6,0.04860895127058029,0.7920969128608704,,0.013363567180931568
BPS-r1-s3,BPS,1,3,S,SBP,original,skin,cheek_viewer_left,6,0.0598972849547863,0.8216649889945984,,0.013866848312318325
BPS-r1-s3,BPS,1,3,S,SBP,original,skin,cheek_viewer_right,6,0.033002644777297974,0.8397874236106873,,0.011051741428673267
BPS-r1-s3,BPS,1,3,S,SBP,previous,face,whole_roi,fixed,0.013102635741233826,0.9619953036308289,0.011030257679522038,
BPS-r1-s3,BPS,1,3,S,SBP,previous,skin,weighted_three_regions,fixed,0.009290657096049365,0.9516102426467549,,0.005867783688556622
BPS-r1-s3,BPS,1,3,S,SBP,previous,skin,forehead,fixed,0.00894947536289692,0.9445000290870667,,0.006260257214307785
BPS-r1-s3,BPS,1,3,S,SBP,previous,skin,cheek_viewer_left,fixed,0.010708233341574669,0.9651134610176086,,0.005641397554427385
BPS-r1-s3,BPS,1,3,S,SBP,previous,skin,cheek_viewer_right,fixed,0.008697089739143848,0.9594264626502991,,0.00497074518352747
BPS-r1-s3,BPS,1,3,S,SBP,previous,face,whole_roi,1,0.013102635741233826,0.9619953036308289,0.011030257679522038,
BPS-r1-s3,BPS,1,3,S,SBP,previous,skin,weighted_three_regions,1,0.009290657096049365,0.9516102426467549,,0.005867783688556622
BPS-r1-s3,BPS,1,3,S,SBP,previous,skin,forehead,1,0.00894947536289692,0.9445000290870667,,0.006260257214307785
BPS-r1-s3,BPS,1,3,S,SBP,previous,skin,cheek_viewer_left,1,0.010708233341574669,0.9651134610176086,,0.005641397554427385
BPS-r1-s3,BPS,1,3,S,SBP,previous,skin,cheek_viewer_right,1,0.008697089739143848,0.9594264626502991,,0.00497074518352747
BPS-r1-s3,BPS,1,3,S,SBP,previous,face,whole_roi,3,0.016267769038677216,0.9333419799804688,0.014112571254372597,
BPS-r1-s3,BPS,1,3,S,SBP,previous,skin,weighted_three_regions,3,0.011836601582301013,0.9149609597361817,,0.008737820841591148
BPS-r1-s3,BPS,1,3,S,SBP,previous,skin,forehead,3,0.012477959506213665,0.8940267562866211,,0.01021864265203476
BPS-r1-s3,BPS,1,3,S,SBP,previous,skin,cheek_viewer_left,3,0.011737905442714691,0.949248731136322,,0.006752903573215008
BPS-r1-s3,BPS,1,3,S,SBP,previous,skin,cheek_viewer_right,3,0.010065554641187191,0.944284200668335,,0.006625345908105373
BPS-r1-s3,BPS,1,3,S,SBP,previous,face,whole_roi,6,0.016267769038677216,0.9333419799804688,0.014112571254372597,
BPS-r1-s3,BPS,1,3,S,SBP,previous,skin,weighted_three_regions,6,0.011836601582301013,0.9149609597361817,,0.008737820841591148
BPS-r1-s3,BPS,1,3,S,SBP,previous,skin,forehead,6,0.012477959506213665,0.8940267562866211,,0.01021864265203476
BPS-r1-s3,BPS,1,3,S,SBP,previous,skin,cheek_viewer_left,6,0.011737905442714691,0.949248731136322,,0.006752903573215008
BPS-r1-s3,BPS,1,3,S,SBP,previous,skin,cheek_viewer_right,6,0.010065554641187191,0.944284200668335,,0.006625345908105373
PSB-r1-s3,PSB,1,3,B,SBP,original,face,whole_roi,fixed,0.10485947132110596,0.8098127245903015,0.11242582648992538,
PSB-r1-s3,PSB,1,3,B,SBP,original,skin,weighted_three_regions,fixed,0.0396576306486831,0.8132038275525558,,0.013041240489658188
PSB-r1-s3,PSB,1,3,B,SBP,original,skin,forehead,fixed,0.04320685565471649,0.7925993800163269,,0.013609092682600021
PSB-r1-s3,PSB,1,3,B,SBP,original,skin,cheek_viewer_left,fixed,0.04161911457777023,0.8436422348022461,,0.013277031481266022
PSB-r1-s3,PSB,1,3,B,SBP,original,skin,cheek_viewer_right,fixed,0.027035675942897797,0.8458835482597351,,0.011109599843621254
PSB-r1-s3,PSB,1,3,B,SBP,original,face,whole_roi,1,0.10280930250883102,0.8269538879394531,0.10902407765388489,
PSB-r1-s3,PSB,1,3,B,SBP,original,skin,weighted_three_regions,1,0.03976066658602041,0.798860201094551,,0.01346068839816486
PSB-r1-s3,PSB,1,3,B,SBP,original,skin,forehead,1,0.042153213173151016,0.7748387455940247,,0.014084500260651112
PSB-r1-s3,PSB,1,3,B,SBP,original,skin,cheek_viewer_left,1,0.043232355266809464,0.8457182049751282,,0.012988331727683544
PSB-r1-s3,PSB,1,3,B,SBP,original,skin,cheek_viewer_right,1,0.028834031894803047,0.8238382339477539,,0.01216149888932705
PSB-r1-s3,PSB,1,3,B,SBP,original,face,whole_roi,3,0.10485947132110596,0.8098127245903015,0.11242582648992538,
PSB-r1-s3,PSB,1,3,B,SBP,original,skin,weighted_three_regions,3,0.0396576306486831,0.8132038275525558,,0.013041240489658188
PSB-r1-s3,PSB,1,3,B,SBP,original,skin,forehead,3,0.04320685565471649,0.7925993800163269,,0.013609092682600021
PSB-r1-s3,PSB,1,3,B,SBP,original,skin,cheek_viewer_left,3,0.04161911457777023,0.8436422348022461,,0.013277031481266022
PSB-r1-s3,PSB,1,3,B,SBP,original,skin,cheek_viewer_right,3,0.027035675942897797,0.8458835482597351,,0.011109599843621254
PSB-r1-s3,PSB,1,3,B,SBP,original,face,whole_roi,6,0.10485947132110596,0.8098127245903015,0.11242582648992538,
PSB-r1-s3,PSB,1,3,B,SBP,original,skin,weighted_three_regions,6,0.0396576306486831,0.8132038275525558,,0.013041240489658188
PSB-r1-s3,PSB,1,3,B,SBP,original,skin,forehead,6,0.04320685565471649,0.7925993800163269,,0.013609092682600021
PSB-r1-s3,PSB,1,3,B,SBP,original,skin,cheek_viewer_left,6,0.04161911457777023,0.8436422348022461,,0.013277031481266022
PSB-r1-s3,PSB,1,3,B,SBP,original,skin,cheek_viewer_right,6,0.027035675942897797,0.8458835482597351,,0.011109599843621254
PSB-r1-s3,PSB,1,3,B,SBP,previous,face,whole_roi,fixed,0.10073620826005936,0.9205238819122314,0.07415461540222168,
PSB-r1-s3,PSB,1,3,B,SBP,previous,skin,weighted_three_regions,fixed,0.03550038455602001,0.9449086830230485,,0.006398921850520899
PSB-r1-s3,PSB,1,3,B,SBP,previous,skin,forehead,fixed,0.035693831741809845,0.936271607875824,,0.006817036308348179
PSB-r1-s3,PSB,1,3,B,SBP,previous,skin,cheek_viewer_left,fixed,0.038077082484960556,0.9545347094535828,,0.006579162087291479
PSB-r1-s3,PSB,1,3,B,SBP,previous,skin,cheek_viewer_right,fixed,0.032033924013376236,0.9622228741645813,,0.004969184752553701
PSB-r1-s3,PSB,1,3,B,SBP,previous,face,whole_roi,1,0.10073620826005936,0.9205238819122314,0.07415461540222168,
PSB-r1-s3,PSB,1,3,B,SBP,previous,skin,weighted_three_regions,1,0.03550038455602001,0.9449086830230485,,0.006398921850520899
PSB-r1-s3,PSB,1,3,B,SBP,previous,skin,forehead,1,0.035693831741809845,0.936271607875824,,0.006817036308348179
PSB-r1-s3,PSB,1,3,B,SBP,previous,skin,cheek_viewer_left,1,0.038077082484960556,0.9545347094535828,,0.006579162087291479
PSB-r1-s3,PSB,1,3,B,SBP,previous,skin,cheek_viewer_right,1,0.032033924013376236,0.9622228741645813,,0.004969184752553701
PSB-r1-s3,PSB,1,3,B,SBP,previous,face,whole_roi,3,0.10073620826005936,0.9205238819122314,0.07415461540222168,
PSB-r1-s3,PSB,1,3,B,SBP,previous,skin,weighted_three_regions,3,0.03550038455602001,0.9449086830230485,,0.006398921850520899
PSB-r1-s3,PSB,1,3,B,SBP,previous,skin,forehead,3,0.035693831741809845,0.936271607875824,,0.006817036308348179
PSB-r1-s3,PSB,1,3,B,SBP,previous,skin,cheek_viewer_left,3,0.038077082484960556,0.9545347094535828,,0.006579162087291479
PSB-r1-s3,PSB,1,3,B,SBP,previous,skin,cheek_viewer_right,3,0.032033924013376236,0.9622228741645813,,0.004969184752553701
PSB-r1-s3,PSB,1,3,B,SBP,previous,face,whole_roi,6,0.10652641952037811,0.8453434109687805,0.08351798355579376,
PSB-r1-s3,PSB,1,3,B,SBP,previous,skin,weighted_three_regions,6,0.036337560963104754,0.8863527579247671,,0.009962691075223334
PSB-r1-s3,PSB,1,3,B,SBP,previous,skin,forehead,6,0.0385216549038887,0.864377498626709,,0.01074318215250969
PSB-r1-s3,PSB,1,3,B,SBP,previous,skin,cheek_viewer_left,6,0.03626586124300957,0.9189705848693848,,0.009627686813473701
PSB-r1-s3,PSB,1,3,B,SBP,previous,skin,cheek_viewer_right,6,0.030008947476744652,0.9210285544395447,,0.008049201220273972
PBS-r1-s3,PBS,1,3,S,SBP,original,face,whole_roi,fixed,0.12141236662864685,0.8183735013008118,0.11420147120952606,
PBS-r1-s3,PBS,1,3,S,SBP,original,skin,weighted_three_regions,fixed,0.0708875430857434,0.8168652831478808,,0.012595319759977214
PBS-r1-s3,PBS,1,3,S,SBP,original,skin,forehead,fixed,0.07303888350725174,0.7986597418785095,,0.013031993061304092
PBS-r1-s3,PBS,1,3,S,SBP,original,skin,cheek_viewer_left,fixed,0.07946450263261795,0.8329387307167053,,0.013443808071315289
PBS-r1-s3,PBS,1,3,S,SBP,original,skin,cheek_viewer_right,fixed,0.054925303906202316,0.8582261204719543,,0.010359342209994793
PBS-r1-s3,PBS,1,3,S,SBP,original,face,whole_roi,1,0.12141236662864685,0.8183735013008118,0.11420147120952606,
PBS-r1-s3,PBS,1,3,S,SBP,original,skin,weighted_three_regions,1,0.0708875430857434,0.8168652831478808,,0.012595319759977214
PBS-r1-s3,PBS,1,3,S,SBP,original,skin,forehead,1,0.07303888350725174,0.7986597418785095,,0.013031993061304092
PBS-r1-s3,PBS,1,3,S,SBP,original,skin,cheek_viewer_left,1,0.07946450263261795,0.8329387307167053,,0.013443808071315289
PBS-r1-s3,PBS,1,3,S,SBP,original,skin,cheek_viewer_right,1,0.054925303906202316,0.8582261204719543,,0.010359342209994793
PBS-r1-s3,PBS,1,3,S,SBP,original,face,whole_roi,3,0.12141236662864685,0.8183735013008118,0.11420147120952606,
PBS-r1-s3,PBS,1,3,S,SBP,original,skin,weighted_three_regions,3,0.0708875430857434,0.8168652831478808,,0.012595319759977214
PBS-r1-s3,PBS,1,3,S,SBP,original,skin,forehead,3,0.07303888350725174,0.7986597418785095,,0.013031993061304092
PBS-r1-s3,PBS,1,3,S,SBP,original,skin,cheek_viewer_left,3,0.07946450263261795,0.8329387307167053,,0.013443808071315289
PBS-r1-s3,PBS,1,3,S,SBP,original,skin,cheek_viewer_right,3,0.054925303906202316,0.8582261204719543,,0.010359342209994793
PBS-r1-s3,PBS,1,3,S,SBP,original,face,whole_roi,6,0.12141236662864685,0.8183735013008118,0.11420147120952606,
PBS-r1-s3,PBS,1,3,S,SBP,original,skin,weighted_three_regions,6,0.0708875430857434,0.8168652831478808,,0.012595319759977214
PBS-r1-s3,PBS,1,3,S,SBP,original,skin,forehead,6,0.07303888350725174,0.7986597418785095,,0.013031993061304092
PBS-r1-s3,PBS,1,3,S,SBP,original,skin,cheek_viewer_left,6,0.07946450263261795,0.8329387307167053,,0.013443808071315289
PBS-r1-s3,PBS,1,3,S,SBP,original,skin,cheek_viewer_right,6,0.054925303906202316,0.8582261204719543,,0.010359342209994793
PBS-r1-s3,PBS,1,3,S,SBP,previous,face,whole_roi,fixed,0.012554863467812538,0.960693359375,0.010935546830296516,
PBS-r1-s3,PBS,1,3,S,SBP,previous,skin,weighted_three_regions,fixed,0.009123990490813466,0.9522242701409188,,0.005790351435322972
PBS-r1-s3,PBS,1,3,S,SBP,previous,skin,forehead,fixed,0.00952319335192442,0.9461843371391296,,0.006036887876689434
PBS-r1-s3,PBS,1,3,S,SBP,previous,skin,cheek_viewer_left,fixed,0.009567901492118835,0.9639783501625061,,0.005808711051940918
PBS-r1-s3,PBS,1,3,S,SBP,previous,skin,cheek_viewer_right,fixed,0.0074531203135848045,0.9585368633270264,,0.005046229809522629
PBS-r1-s3,PBS,1,3,S,SBP,previous,face,whole_roi,1,0.012554863467812538,0.960693359375,0.010935546830296516,
PBS-r1-s3,PBS,1,3,S,SBP,previous,skin,weighted_three_regions,1,0.009123990490813466,0.9522242701409188,,0.005790351435322972
PBS-r1-s3,PBS,1,3,S,SBP,previous,skin,forehead,1,0.00952319335192442,0.9461843371391296,,0.006036887876689434
PBS-r1-s3,PBS,1,3,S,SBP,previous,skin,cheek_viewer_left,1,0.009567901492118835,0.9639783501625061,,0.005808711051940918
PBS-r1-s3,PBS,1,3,S,SBP,previous,skin,cheek_viewer_right,1,0.0074531203135848045,0.9585368633270264,,0.005046229809522629
PBS-r1-s3,PBS,1,3,S,SBP,previous,face,whole_roi,3,0.015458625741302967,0.9384494423866272,0.015247683972120285,
PBS-r1-s3,PBS,1,3,S,SBP,previous,skin,weighted_three_regions,3,0.011127835558179547,0.9273331338419832,,0.007912153854747028
PBS-r1-s3,PBS,1,3,S,SBP,previous,skin,forehead,3,0.012037146836519241,0.9092428088188171,,0.009161906316876411
PBS-r1-s3,PBS,1,3,S,SBP,previous,skin,cheek_viewer_left,3,0.01116817258298397,0.9553577303886414,,0.006562528200447559
PBS-r1-s3,PBS,1,3,S,SBP,previous,skin,cheek_viewer_right,3,0.008414060808718204,0.9545250535011292,,0.005763054359704256
PBS-r1-s3,PBS,1,3,S,SBP,previous,face,whole_roi,6,0.015458625741302967,0.9384494423866272,0.015247683972120285,
PBS-r1-s3,PBS,1,3,S,SBP,previous,skin,weighted_three_regions,6,0.011127835558179547,0.9273331338419832,,0.007912153854747028
PBS-r1-s3,PBS,1,3,S,SBP,previous,skin,forehead,6,0.012037146836519241,0.9092428088188171,,0.009161906316876411
PBS-r1-s3,PBS,1,3,S,SBP,previous,skin,cheek_viewer_left,6,0.01116817258298397,0.9553577303886414,,0.006562528200447559
PBS-r1-s3,PBS,1,3,S,SBP,previous,skin,cheek_viewer_right,6,0.008414060808718204,0.9545250535011292,,0.005763054359704256
SPB-r1-s3,SPB,1,3,B,SBP,original,face,whole_roi,fixed,0.11390369385480881,0.7865753173828125,0.11614467203617096,
SPB-r1-s3,SPB,1,3,B,SBP,original,skin,weighted_three_regions,fixed,0.03833141088923987,0.8052278133913336,,0.013200962014277192
SPB-r1-s3,SPB,1,3,B,SBP,original,skin,forehead,fixed,0.04226325452327728,0.7803530693054199,,0.01388359535485506
SPB-r1-s3,SPB,1,3,B,SBP,original,skin,cheek_viewer_left,fixed,0.04136667028069496,0.8397268652915955,,0.013383474200963974
SPB-r1-s3,SPB,1,3,B,SBP,original,skin,cheek_viewer_right,fixed,0.023378655314445496,0.8472740054130554,,0.01099243201315403
SPB-r1-s3,SPB,1,3,B,SBP,original,face,whole_roi,1,0.11065293103456497,0.815459668636322,0.10865044593811035,
SPB-r1-s3,SPB,1,3,B,SBP,original,skin,weighted_three_regions,1,0.03794694323311834,0.8054166509180652,,0.01327883318066597
SPB-r1-s3,SPB,1,3,B,SBP,original,skin,forehead,1,0.04033229872584343,0.7867509722709656,,0.013656780123710632
SPB-r1-s3,SPB,1,3,B,SBP,original,skin,cheek_viewer_left,1,0.0429418683052063,0.8382838368415833,,0.013380132615566254
SPB-r1-s3,SPB,1,3,B,SBP,original,skin,cheek_viewer_right,1,0.0253277700394392,0.828914225101471,,0.01205577701330185
SPB-r1-s3,SPB,1,3,B,SBP,original,face,whole_roi,3,0.11065293103456497,0.815459668636322,0.10865044593811035,
SPB-r1-s3,SPB,1,3,B,SBP,original,skin,weighted_three_regions,3,0.03794694323311834,0.8054166509180652,,0.01327883318066597
SPB-r1-s3,SPB,1,3,B,SBP,original,skin,forehead,3,0.04033229872584343,0.7867509722709656,,0.013656780123710632
SPB-r1-s3,SPB,1,3,B,SBP,original,skin,cheek_viewer_left,3,0.0429418683052063,0.8382838368415833,,0.013380132615566254
SPB-r1-s3,SPB,1,3,B,SBP,original,skin,cheek_viewer_right,3,0.0253277700394392,0.828914225101471,,0.01205577701330185
SPB-r1-s3,SPB,1,3,B,SBP,original,face,whole_roi,6,0.11390369385480881,0.7865753173828125,0.11614467203617096,
SPB-r1-s3,SPB,1,3,B,SBP,original,skin,weighted_three_regions,6,0.03833141088923987,0.8052278133913336,,0.013200962014277192
SPB-r1-s3,SPB,1,3,B,SBP,original,skin,forehead,6,0.04226325452327728,0.7803530693054199,,0.01388359535485506
SPB-r1-s3,SPB,1,3,B,SBP,original,skin,cheek_viewer_left,6,0.04136667028069496,0.8397268652915955,,0.013383474200963974
SPB-r1-s3,SPB,1,3,B,SBP,original,skin,cheek_viewer_right,6,0.023378655314445496,0.8472740054130554,,0.01099243201315403
SPB-r1-s3,SPB,1,3,B,SBP,previous,face,whole_roi,fixed,0.10953331738710403,0.91876220703125,0.07645649462938309,
SPB-r1-s3,SPB,1,3,B,SBP,previous,skin,weighted_three_regions,fixed,0.03647827691891614,0.9508254993092883,,0.005820600958541036
SPB-r1-s3,SPB,1,3,B,SBP,previous,skin,forehead,fixed,0.038901813328266144,0.9437904953956604,,0.006117578130215406
SPB-r1-s3,SPB,1,3,B,SBP,previous,skin,cheek_viewer_left,fixed,0.03609900921583176,0.9615997672080994,,0.005743407644331455
SPB-r1-s3,SPB,1,3,B,SBP,previous,skin,cheek_viewer_right,fixed,0.02979302778840065,0.9615430235862732,,0.005035956855863333
SPB-r1-s3,SPB,1,3,B,SBP,previous,face,whole_roi,1,0.10953331738710403,0.91876220703125,0.07645649462938309,
SPB-r1-s3,SPB,1,3,B,SBP,previous,skin,weighted_three_regions,1,0.03647827691891614,0.9508254993092883,,0.005820600958541036
SPB-r1-s3,SPB,1,3,B,SBP,previous,skin,forehead,1,0.038901813328266144,0.9437904953956604,,0.006117578130215406
SPB-r1-s3,SPB,1,3,B,SBP,previous,skin,cheek_viewer_left,1,0.03609900921583176,0.9615997672080994,,0.005743407644331455
SPB-r1-s3,SPB,1,3,B,SBP,previous,skin,cheek_viewer_right,1,0.02979302778840065,0.9615430235862732,,0.005035956855863333
SPB-r1-s3,SPB,1,3,B,SBP,previous,face,whole_roi,3,0.10953331738710403,0.91876220703125,0.07645649462938309,
SPB-r1-s3,SPB,1,3,B,SBP,previous,skin,weighted_three_regions,3,0.03647827691891614,0.9508254993092883,,0.005820600958541036
SPB-r1-s3,SPB,1,3,B,SBP,previous,skin,forehead,3,0.038901813328266144,0.9437904953956604,,0.006117578130215406
SPB-r1-s3,SPB,1,3,B,SBP,previous,skin,cheek_viewer_left,3,0.03609900921583176,0.9615997672080994,,0.005743407644331455
SPB-r1-s3,SPB,1,3,B,SBP,previous,skin,cheek_viewer_right,3,0.02979302778840065,0.9615430235862732,,0.005035956855863333
SPB-r1-s3,SPB,1,3,B,SBP,previous,face,whole_roi,6,0.1151156947016716,0.8445337414741516,0.08730915933847427,
SPB-r1-s3,SPB,1,3,B,SBP,previous,skin,weighted_three_regions,6,0.03715455703437329,0.8889473922772909,,0.009650719097870238
SPB-r1-s3,SPB,1,3,B,SBP,previous,skin,forehead,6,0.04149166867136955,0.8659870624542236,,0.010578385554254055
SPB-r1-s3,SPB,1,3,B,SBP,previous,skin,cheek_viewer_left,6,0.034210845828056335,0.9277626872062683,,0.008894926868379116
SPB-r1-s3,SPB,1,3,B,SBP,previous,skin,cheek_viewer_right,6,0.027738874778151512,0.9197137355804443,,0.007778726052492857
SBP-r1-s3,SBP,1,3,P,SBP,original,face,whole_roi,fixed,0.12895259261131287,0.7502198219299316,0.12100151181221008,
SBP-r1-s3,SBP,1,3,P,SBP,original,skin,weighted_three_regions,fixed,0.058260473161935805,0.7930469778680727,,0.013791597050559871
SBP-r1-s3,SBP,1,3,P,SBP,original,skin,forehead,fixed,0.06510592252016068,0.7756121754646301,,0.014703920111060143
SBP-r1-s3,SBP,1,3,P,SBP,original,skin,cheek_viewer_left,fixed,0.06396150588989258,0.8261065483093262,,0.012734324671328068
SBP-r1-s3,SBP,1,3,P,SBP,original,skin,cheek_viewer_right,fixed,0.03175867721438408,0.8122722506523132,,0.012303794734179974
SBP-r1-s3,SBP,1,3,P,SBP,original,face,whole_roi,1,0.12315132468938828,0.8078523278236389,0.10758164525032043,
SBP-r1-s3,SBP,1,3,P,SBP,original,skin,weighted_three_regions,1,0.05573413807241356,0.7930652346678394,,0.013772291366887443
SBP-r1-s3,SBP,1,3,P,SBP,original,skin,forehead,1,0.06160958856344223,0.7707973122596741,,0.014232358895242214
SBP-r1-s3,SBP,1,3,P,SBP,original,skin,cheek_viewer_left,1,0.056747760623693466,0.8245158195495605,,0.014046287164092064
SBP-r1-s3,SBP,1,3,P,SBP,original,skin,cheek_viewer_right,1,0.03735216334462166,0.8300508856773376,,0.012113966979086399
SBP-r1-s3,SBP,1,3,P,SBP,original,face,whole_roi,3,0.12315132468938828,0.8078523278236389,0.10758164525032043,
SBP-r1-s3,SBP,1,3,P,SBP,original,skin,weighted_three_regions,3,0.05573413807241356,0.7930652346678394,,0.013772291366887443
SBP-r1-s3,SBP,1,3,P,SBP,original,skin,forehead,3,0.06160958856344223,0.7707973122596741,,0.014232358895242214
SBP-r1-s3,SBP,1,3,P,SBP,original,skin,cheek_viewer_left,3,0.056747760623693466,0.8245158195495605,,0.014046287164092064
SBP-r1-s3,SBP,1,3,P,SBP,original,skin,cheek_viewer_right,3,0.03735216334462166,0.8300508856773376,,0.012113966979086399
SBP-r1-s3,SBP,1,3,P,SBP,original,face,whole_roi,6,0.12547576427459717,0.7848126292228699,0.11189235746860504,
SBP-r1-s3,SBP,1,3,P,SBP,original,skin,weighted_three_regions,6,0.05590772458297365,0.7922573811031024,,0.013928804643013899
SBP-r1-s3,SBP,1,3,P,SBP,original,skin,forehead,6,0.06321772187948227,0.7722296118736267,,0.01425942126661539
SBP-r1-s3,SBP,1,3,P,SBP,original,skin,cheek_viewer_left,6,0.05508870258927345,0.818131148815155,,0.014673388563096523
SBP-r1-s3,SBP,1,3,P,SBP,original,skin,cheek_viewer_right,6,0.03537776321172714,0.8283063769340515,,0.012120945379137993
SBP-r1-s3,SBP,1,3,P,SBP,previous,face,whole_roi,fixed,0.016147060319781303,0.935915470123291,0.01752403937280178,
SBP-r1-s3,SBP,1,3,P,SBP,previous,skin,weighted_three_regions,fixed,0.012509803988916032,0.9300703389491166,,0.007288718048811835
SBP-r1-s3,SBP,1,3,P,SBP,previous,skin,forehead,fixed,0.012190934270620346,0.9196939468383789,,0.00788127165287733
SBP-r1-s3,SBP,1,3,P,SBP,previous,skin,cheek_viewer_left,fixed,0.011322060599923134,0.9542247653007507,,0.006376310717314482
SBP-r1-s3,SBP,1,3,P,SBP,previous,skin,cheek_viewer_right,fixed,0.014781746082007885,0.9363443851470947,,0.006576313637197018
SBP-r1-s3,SBP,1,3,P,SBP,previous,face,whole_roi,1,0.016147060319781303,0.935915470123291,0.01752403937280178,
SBP-r1-s3,SBP,1,3,P,SBP,previous,skin,weighted_three_regions,1,0.012509803988916032,0.9300703389491166,,0.007288718048811835
SBP-r1-s3,SBP,1,3,P,SBP,previous,skin,forehead,1,0.012190934270620346,0.9196939468383789,,0.00788127165287733
SBP-r1-s3,SBP,1,3,P,SBP,previous,skin,cheek_viewer_left,1,0.011322060599923134,0.9542247653007507,,0.006376310717314482
SBP-r1-s3,SBP,1,3,P,SBP,previous,skin,cheek_viewer_right,1,0.014781746082007885,0.9363443851470947,,0.006576313637197018
SBP-r1-s3,SBP,1,3,P,SBP,previous,face,whole_roi,3,0.017082640901207924,0.9231107831001282,0.017312567681074142,
SBP-r1-s3,SBP,1,3,P,SBP,previous,skin,weighted_three_regions,3,0.014324683300493395,0.9045980553986326,,0.009598308825755821
SBP-r1-s3,SBP,1,3,P,SBP,previous,skin,forehead,3,0.013294289819896221,0.8958095908164978,,0.009772985242307186
SBP-r1-s3,SBP,1,3,P,SBP,previous,skin,cheek_viewer_left,3,0.01840699464082718,0.9127710461616516,,0.010646834038197994
SBP-r1-s3,SBP,1,3,P,SBP,previous,skin,cheek_viewer_right,3,0.012755797244608402,0.9240869879722595,,0.007906125858426094
SBP-r1-s3,SBP,1,3,P,SBP,previous,face,whole_roi,6,0.017082640901207924,0.9231107831001282,0.017312567681074142,
SBP-r1-s3,SBP,1,3,P,SBP,previous,skin,weighted_three_regions,6,0.014324683300493395,0.9045980553986326,,0.009598308825755821
SBP-r1-s3,SBP,1,3,P,SBP,previous,skin,forehead,6,0.013294289819896221,0.8958095908164978,,0.009772985242307186
SBP-r1-s3,SBP,1,3,P,SBP,previous,skin,cheek_viewer_left,6,0.01840699464082718,0.9127710461616516,,0.010646834038197994
SBP-r1-s3,SBP,1,3,P,SBP,previous,skin,cheek_viewer_right,6,0.012755797244608402,0.9240869879722595,,0.007906125858426094
PSB-r2-s1,PSB,2,1,P,P,original,face,whole_roi,fixed,0.016472481191158295,0.9091259837150574,0.02222837135195732,
PSB-r2-s1,PSB,2,1,P,P,original,skin,weighted_three_regions,fixed,0.01546116973109105,0.8568887878998857,,0.01129371792625855
PSB-r2-s1,PSB,2,1,P,P,original,skin,forehead,fixed,0.016129739582538605,0.8342959880828857,,0.011953242123126984
PSB-r2-s1,PSB,2,1,P,P,original,skin,cheek_viewer_left,fixed,0.01641681417822838,0.8940282464027405,,0.010766738094389439
PSB-r2-s1,PSB,2,1,P,P,original,skin,cheek_viewer_right,fixed,0.012424135580658913,0.8883793950080872,,0.009951180778443813
PSB-r2-s1,PSB,2,1,P,P,original,face,whole_roi,1,0.016472481191158295,0.9091259837150574,0.02222837135195732,
PSB-r2-s1,PSB,2,1,P,P,original,skin,weighted_three_regions,1,0.01546116973109105,0.8568887878998857,,0.01129371792625855
PSB-r2-s1,PSB,2,1,P,P,original,skin,forehead,1,0.016129739582538605,0.8342959880828857,,0.011953242123126984
PSB-r2-s1,PSB,2,1,P,P,original,skin,cheek_viewer_left,1,0.01641681417822838,0.8940282464027405,,0.010766738094389439
PSB-r2-s1,PSB,2,1,P,P,original,skin,cheek_viewer_right,1,0.012424135580658913,0.8883793950080872,,0.009951180778443813
PSB-r2-s1,PSB,2,1,P,P,original,face,whole_roi,3,0.016472481191158295,0.9091259837150574,0.02222837135195732,
PSB-r2-s1,PSB,2,1,P,P,original,skin,weighted_three_regions,3,0.01546116973109105,0.8568887878998857,,0.01129371792625855
PSB-r2-s1,PSB,2,1,P,P,original,skin,forehead,3,0.016129739582538605,0.8342959880828857,,0.011953242123126984
PSB-r2-s1,PSB,2,1,P,P,original,skin,cheek_viewer_left,3,0.01641681417822838,0.8940282464027405,,0.010766738094389439
PSB-r2-s1,PSB,2,1,P,P,original,skin,cheek_viewer_right,3,0.012424135580658913,0.8883793950080872,,0.009951180778443813
PSB-r2-s1,PSB,2,1,P,P,original,face,whole_roi,6,0.016472481191158295,0.9091259837150574,0.02222837135195732,
PSB-r2-s1,PSB,2,1,P,P,original,skin,weighted_three_regions,6,0.01546116973109105,0.8568887878998857,,0.01129371792625855
PSB-r2-s1,PSB,2,1,P,P,original,skin,forehead,6,0.016129739582538605,0.8342959880828857,,0.011953242123126984
PSB-r2-s1,PSB,2,1,P,P,original,skin,cheek_viewer_left,6,0.01641681417822838,0.8940282464027405,,0.010766738094389439
PSB-r2-s1,PSB,2,1,P,P,original,skin,cheek_viewer_right,6,0.012424135580658913,0.8883793950080872,,0.009951180778443813
PSB-r2-s1,PSB,2,1,P,P,previous,face,whole_roi,fixed,0.016472481191158295,0.9091259837150574,0.02222837135195732,
PSB-r2-s1,PSB,2,1,P,P,previous,skin,weighted_three_regions,fixed,0.01546116973109105,0.8568887878998857,,0.01129371792625855
PSB-r2-s1,PSB,2,1,P,P,previous,skin,forehead,fixed,0.016129739582538605,0.8342959880828857,,0.011953242123126984
PSB-r2-s1,PSB,2,1,P,P,previous,skin,cheek_viewer_left,fixed,0.01641681417822838,0.8940282464027405,,0.010766738094389439
PSB-r2-s1,PSB,2,1,P,P,previous,skin,cheek_viewer_right,fixed,0.012424135580658913,0.8883793950080872,,0.009951180778443813
PSB-r2-s1,PSB,2,1,P,P,previous,face,whole_roi,1,0.016472481191158295,0.9091259837150574,0.02222837135195732,
PSB-r2-s1,PSB,2,1,P,P,previous,skin,weighted_three_regions,1,0.01546116973109105,0.8568887878998857,,0.01129371792625855
PSB-r2-s1,PSB,2,1,P,P,previous,skin,forehead,1,0.016129739582538605,0.8342959880828857,,0.011953242123126984
PSB-r2-s1,PSB,2,1,P,P,previous,skin,cheek_viewer_left,1,0.01641681417822838,0.8940282464027405,,0.010766738094389439
PSB-r2-s1,PSB,2,1,P,P,previous,skin,cheek_viewer_right,1,0.012424135580658913,0.8883793950080872,,0.009951180778443813
PSB-r2-s1,PSB,2,1,P,P,previous,face,whole_roi,3,0.016472481191158295,0.9091259837150574,0.02222837135195732,
PSB-r2-s1,PSB,2,1,P,P,previous,skin,weighted_three_regions,3,0.01546116973109105,0.8568887878998857,,0.01129371792625855
PSB-r2-s1,PSB,2,1,P,P,previous,skin,forehead,3,0.016129739582538605,0.8342959880828857,,0.011953242123126984
PSB-r2-s1,PSB,2,1,P,P,previous,skin,cheek_viewer_left,3,0.01641681417822838,0.8940282464027405,,0.010766738094389439
PSB-r2-s1,PSB,2,1,P,P,previous,skin,cheek_viewer_right,3,0.012424135580658913,0.8883793950080872,,0.009951180778443813
PSB-r2-s1,PSB,2,1,P,P,previous,face,whole_roi,6,0.016472481191158295,0.9091259837150574,0.02222837135195732,
PSB-r2-s1,PSB,2,1,P,P,previous,skin,weighted_three_regions,6,0.01546116973109105,0.8568887878998857,,0.01129371792625855
PSB-r2-s1,PSB,2,1,P,P,previous,skin,forehead,6,0.016129739582538605,0.8342959880828857,,0.011953242123126984
PSB-r2-s1,PSB,2,1,P,P,previous,skin,cheek_viewer_left,6,0.01641681417822838,0.8940282464027405,,0.010766738094389439
PSB-r2-s1,PSB,2,1,P,P,previous,skin,cheek_viewer_right,6,0.012424135580658913,0.8883793950080872,,0.009951180778443813
BPS-r2-s1,BPS,2,1,B,B,original,face,whole_roi,fixed,0.10732369869947433,0.8510516285896301,0.08887295424938202,
BPS-r2-s1,BPS,2,1,B,B,original,skin,weighted_three_regions,fixed,0.047607841588118496,0.8365279155398837,,0.012612229478271569
BPS-r2-s1,BPS,2,1,B,B,original,skin,forehead,fixed,0.04838655889034271,0.8088929653167725,,0.013890446163713932
BPS-r2-s1,BPS,2,1,B,B,original,skin,cheek_viewer_left,fixed,0.0597667470574379,0.8723326325416565,,0.011464443989098072
BPS-r2-s1,BPS,2,1,B,B,original,skin,cheek_viewer_right,fixed,0.031643908470869064,0.8861503005027771,,0.01015253085643053
BPS-r2-s1,BPS,2,1,B,B,original,face,whole_roi,1,0.10732369869947433,0.8510516285896301,0.08887295424938202,
BPS-r2-s1,BPS,2,1,B,B,original,skin,weighted_three_regions,1,0.047607841588118496,0.8365279155398837,,0.012612229478271569
BPS-r2-s1,BPS,2,1,B,B,original,skin,forehead,1,0.04838655889034271,0.8088929653167725,,0.013890446163713932
BPS-r2-s1,BPS,2,1,B,B,original,skin,cheek_viewer_left,1,0.0597667470574379,0.8723326325416565,,0.011464443989098072
BPS-r2-s1,BPS,2,1,B,B,original,skin,cheek_viewer_right,1,0.031643908470869064,0.8861503005027771,,0.01015253085643053
BPS-r2-s1,BPS,2,1,B,B,original,face,whole_roi,3,0.10732369869947433,0.8510516285896301,0.08887295424938202,
BPS-r2-s1,BPS,2,1,B,B,original,skin,weighted_three_regions,3,0.047607841588118496,0.8365279155398837,,0.012612229478271569
BPS-r2-s1,BPS,2,1,B,B,original,skin,forehead,3,0.04838655889034271,0.8088929653167725,,0.013890446163713932
BPS-r2-s1,BPS,2,1,B,B,original,skin,cheek_viewer_left,3,0.0597667470574379,0.8723326325416565,,0.011464443989098072
BPS-r2-s1,BPS,2,1,B,B,original,skin,cheek_viewer_right,3,0.031643908470869064,0.8861503005027771,,0.01015253085643053
BPS-r2-s1,BPS,2,1,B,B,original,face,whole_roi,6,0.10732369869947433,0.8510516285896301,0.08887295424938202,
BPS-r2-s1,BPS,2,1,B,B,original,skin,weighted_three_regions,6,0.047607841588118496,0.8365279155398837,,0.012612229478271569
BPS-r2-s1,BPS,2,1,B,B,original,skin,forehead,6,0.04838655889034271,0.8088929653167725,,0.013890446163713932
BPS-r2-s1,BPS,2,1,B,B,original,skin,cheek_viewer_left,6,0.0597667470574379,0.8723326325416565,,0.011464443989098072
BPS-r2-s1,BPS,2,1,B,B,original,skin,cheek_viewer_right,6,0.031643908470869064,0.8861503005027771,,0.01015253085643053
BPS-r2-s1,BPS,2,1,B,B,previous,face,whole_roi,fixed,0.10732369869947433,0.8510516285896301,0.08887295424938202,
BPS-r2-s1,BPS,2,1,B,B,previous,skin,weighted_three_regions,fixed,0.047607841588118496,0.8365279155398837,,0.012612229478271569
BPS-r2-s1,BPS,2,1,B,B,previous,skin,forehead,fixed,0.04838655889034271,0.8088929653167725,,0.013890446163713932
BPS-r2-s1,BPS,2,1,B,B,previous,skin,cheek_viewer_left,fixed,0.0597667470574379,0.8723326325416565,,0.011464443989098072
BPS-r2-s1,BPS,2,1,B,B,previous,skin,cheek_viewer_right,fixed,0.031643908470869064,0.8861503005027771,,0.01015253085643053
BPS-r2-s1,BPS,2,1,B,B,previous,face,whole_roi,1,0.10732369869947433,0.8510516285896301,0.08887295424938202,
BPS-r2-s1,BPS,2,1,B,B,previous,skin,weighted_three_regions,1,0.047607841588118496,0.8365279155398837,,0.012612229478271569
BPS-r2-s1,BPS,2,1,B,B,previous,skin,forehead,1,0.04838655889034271,0.8088929653167725,,0.013890446163713932
BPS-r2-s1,BPS,2,1,B,B,previous,skin,cheek_viewer_left,1,0.0597667470574379,0.8723326325416565,,0.011464443989098072
BPS-r2-s1,BPS,2,1,B,B,previous,skin,cheek_viewer_right,1,0.031643908470869064,0.8861503005027771,,0.01015253085643053
BPS-r2-s1,BPS,2,1,B,B,previous,face,whole_roi,3,0.10732369869947433,0.8510516285896301,0.08887295424938202,
BPS-r2-s1,BPS,2,1,B,B,previous,skin,weighted_three_regions,3,0.047607841588118496,0.8365279155398837,,0.012612229478271569
BPS-r2-s1,BPS,2,1,B,B,previous,skin,forehead,3,0.04838655889034271,0.8088929653167725,,0.013890446163713932
BPS-r2-s1,BPS,2,1,B,B,previous,skin,cheek_viewer_left,3,0.0597667470574379,0.8723326325416565,,0.011464443989098072
BPS-r2-s1,BPS,2,1,B,B,previous,skin,cheek_viewer_right,3,0.031643908470869064,0.8861503005027771,,0.01015253085643053
BPS-r2-s1,BPS,2,1,B,B,previous,face,whole_roi,6,0.10732369869947433,0.8510516285896301,0.08887295424938202,
BPS-r2-s1,BPS,2,1,B,B,previous,skin,weighted_three_regions,6,0.047607841588118496,0.8365279155398837,,0.012612229478271569
BPS-r2-s1,BPS,2,1,B,B,previous,skin,forehead,6,0.04838655889034271,0.8088929653167725,,0.013890446163713932
BPS-r2-s1,BPS,2,1,B,B,previous,skin,cheek_viewer_left,6,0.0597667470574379,0.8723326325416565,,0.011464443989098072
BPS-r2-s1,BPS,2,1,B,B,previous,skin,cheek_viewer_right,6,0.031643908470869064,0.8861503005027771,,0.01015253085643053
batch-r2-s1,batch,2,1,SBP,SBP,original,face,whole_roi,fixed,0.0971202701330185,0.860867440700531,0.076300710439682,
batch-r2-s1,batch,2,1,SBP,SBP,original,skin,weighted_three_regions,fixed,0.05465493710602031,0.8340916327629209,,0.012712817089084318
batch-r2-s1,batch,2,1,SBP,SBP,original,skin,forehead,fixed,0.05376512557268143,0.8074190616607666,,0.013891150243580341
batch-r2-s1,batch,2,1,SBP,SBP,original,skin,cheek_viewer_left,fixed,0.066452257335186,0.8673334121704102,,0.011892435140907764
batch-r2-s1,batch,2,1,SBP,SBP,original,skin,cheek_viewer_right,fixed,0.043994124978780746,0.8835044503211975,,0.010177900083363056
batch-r2-s1,batch,2,1,SBP,SBP,original,face,whole_roi,1,0.0971202701330185,0.860867440700531,0.076300710439682,
batch-r2-s1,batch,2,1,SBP,SBP,original,skin,weighted_three_regions,1,0.05465493710602031,0.8340916327629209,,0.012712817089084318
batch-r2-s1,batch,2,1,SBP,SBP,original,skin,forehead,1,0.05376512557268143,0.8074190616607666,,0.013891150243580341
batch-r2-s1,batch,2,1,SBP,SBP,original,skin,cheek_viewer_left,1,0.066452257335186,0.8673334121704102,,0.011892435140907764
batch-r2-s1,batch,2,1,SBP,SBP,original,skin,cheek_viewer_right,1,0.043994124978780746,0.8835044503211975,,0.010177900083363056
batch-r2-s1,batch,2,1,SBP,SBP,original,face,whole_roi,3,0.0971202701330185,0.860867440700531,0.076300710439682,
batch-r2-s1,batch,2,1,SBP,SBP,original,skin,weighted_three_regions,3,0.05465493710602031,0.8340916327629209,,0.012712817089084318
batch-r2-s1,batch,2,1,SBP,SBP,original,skin,forehead,3,0.05376512557268143,0.8074190616607666,,0.013891150243580341
batch-r2-s1,batch,2,1,SBP,SBP,original,skin,cheek_viewer_left,3,0.066452257335186,0.8673334121704102,,0.011892435140907764
batch-r2-s1,batch,2,1,SBP,SBP,original,skin,cheek_viewer_right,3,0.043994124978780746,0.8835044503211975,,0.010177900083363056
batch-r2-s1,batch,2,1,SBP,SBP,original,face,whole_roi,6,0.0971202701330185,0.860867440700531,0.076300710439682,
batch-r2-s1,batch,2,1,SBP,SBP,original,skin,weighted_three_regions,6,0.05465493710602031,0.8340916327629209,,0.012712817089084318
batch-r2-s1,batch,2,1,SBP,SBP,original,skin,forehead,6,0.05376512557268143,0.8074190616607666,,0.013891150243580341
batch-r2-s1,batch,2,1,SBP,SBP,original,skin,cheek_viewer_left,6,0.066452257335186,0.8673334121704102,,0.011892435140907764
batch-r2-s1,batch,2,1,SBP,SBP,original,skin,cheek_viewer_right,6,0.043994124978780746,0.8835044503211975,,0.010177900083363056
batch-r2-s1,batch,2,1,SBP,SBP,previous,face,whole_roi,fixed,0.0971202701330185,0.860867440700531,0.076300710439682,
batch-r2-s1,batch,2,1,SBP,SBP,previous,skin,weighted_three_regions,fixed,0.05465493710602031,0.8340916327629209,,0.012712817089084318
batch-r2-s1,batch,2,1,SBP,SBP,previous,skin,forehead,fixed,0.05376512557268143,0.8074190616607666,,0.013891150243580341
batch-r2-s1,batch,2,1,SBP,SBP,previous,skin,cheek_viewer_left,fixed,0.066452257335186,0.8673334121704102,,0.011892435140907764
batch-r2-s1,batch,2,1,SBP,SBP,previous,skin,cheek_viewer_right,fixed,0.043994124978780746,0.8835044503211975,,0.010177900083363056
batch-r2-s1,batch,2,1,SBP,SBP,previous,face,whole_roi,1,0.0971202701330185,0.860867440700531,0.076300710439682,
batch-r2-s1,batch,2,1,SBP,SBP,previous,skin,weighted_three_regions,1,0.05465493710602031,0.8340916327629209,,0.012712817089084318
batch-r2-s1,batch,2,1,SBP,SBP,previous,skin,forehead,1,0.05376512557268143,0.8074190616607666,,0.013891150243580341
batch-r2-s1,batch,2,1,SBP,SBP,previous,skin,cheek_viewer_left,1,0.066452257335186,0.8673334121704102,,0.011892435140907764
batch-r2-s1,batch,2,1,SBP,SBP,previous,skin,cheek_viewer_right,1,0.043994124978780746,0.8835044503211975,,0.010177900083363056
batch-r2-s1,batch,2,1,SBP,SBP,previous,face,whole_roi,3,0.0971202701330185,0.860867440700531,0.076300710439682,
batch-r2-s1,batch,2,1,SBP,SBP,previous,skin,weighted_three_regions,3,0.05465493710602031,0.8340916327629209,,0.012712817089084318
batch-r2-s1,batch,2,1,SBP,SBP,previous,skin,forehead,3,0.05376512557268143,0.8074190616607666,,0.013891150243580341
batch-r2-s1,batch,2,1,SBP,SBP,previous,skin,cheek_viewer_left,3,0.066452257335186,0.8673334121704102,,0.011892435140907764
batch-r2-s1,batch,2,1,SBP,SBP,previous,skin,cheek_viewer_right,3,0.043994124978780746,0.8835044503211975,,0.010177900083363056
batch-r2-s1,batch,2,1,SBP,SBP,previous,face,whole_roi,6,0.0971202701330185,0.860867440700531,0.076300710439682,
batch-r2-s1,batch,2,1,SBP,SBP,previous,skin,weighted_three_regions,6,0.05465493710602031,0.8340916327629209,,0.012712817089084318
batch-r2-s1,batch,2,1,SBP,SBP,previous,skin,forehead,6,0.05376512557268143,0.8074190616607666,,0.013891150243580341
batch-r2-s1,batch,2,1,SBP,SBP,previous,skin,cheek_viewer_left,6,0.066452257335186,0.8673334121704102,,0.011892435140907764
batch-r2-s1,batch,2,1,SBP,SBP,previous,skin,cheek_viewer_right,6,0.043994124978780746,0.8835044503211975,,0.010177900083363056
SPB-r2-s1,SPB,2,1,S,S,original,face,whole_roi,fixed,0.015962159261107445,0.9095118641853333,0.02529703639447689,
SPB-r2-s1,SPB,2,1,S,S,original,skin,weighted_three_regions,fixed,0.013257977515459062,0.8598566845036002,,0.01116155173191253
SPB-r2-s1,SPB,2,1,S,S,original,skin,forehead,fixed,0.013147793710231781,0.8371780514717102,,0.01178305596113205
SPB-r2-s1,SPB,2,1,S,S,original,skin,cheek_viewer_left,fixed,0.014372169971466064,0.8954563736915588,,0.010733695700764656
SPB-r2-s1,SPB,2,1,S,S,original,skin,cheek_viewer_right,fixed,0.012327848002314568,0.8934063911437988,,0.009819070808589458
SPB-r2-s1,SPB,2,1,S,S,original,face,whole_roi,1,0.015962159261107445,0.9095118641853333,0.02529703639447689,
SPB-r2-s1,SPB,2,1,S,S,original,skin,weighted_three_regions,1,0.013257977515459062,0.8598566845036002,,0.01116155173191253
SPB-r2-s1,SPB,2,1,S,S,original,skin,forehead,1,0.013147793710231781,0.8371780514717102,,0.01178305596113205
SPB-r2-s1,SPB,2,1,S,S,original,skin,cheek_viewer_left,1,0.014372169971466064,0.8954563736915588,,0.010733695700764656
SPB-r2-s1,SPB,2,1,S,S,original,skin,cheek_viewer_right,1,0.012327848002314568,0.8934063911437988,,0.009819070808589458
SPB-r2-s1,SPB,2,1,S,S,original,face,whole_roi,3,0.015962159261107445,0.9095118641853333,0.02529703639447689,
SPB-r2-s1,SPB,2,1,S,S,original,skin,weighted_three_regions,3,0.013257977515459062,0.8598566845036002,,0.01116155173191253
SPB-r2-s1,SPB,2,1,S,S,original,skin,forehead,3,0.013147793710231781,0.8371780514717102,,0.01178305596113205
SPB-r2-s1,SPB,2,1,S,S,original,skin,cheek_viewer_left,3,0.014372169971466064,0.8954563736915588,,0.010733695700764656
SPB-r2-s1,SPB,2,1,S,S,original,skin,cheek_viewer_right,3,0.012327848002314568,0.8934063911437988,,0.009819070808589458
SPB-r2-s1,SPB,2,1,S,S,original,face,whole_roi,6,0.018340149894356728,0.8861703872680664,0.028834102675318718,
SPB-r2-s1,SPB,2,1,S,S,original,skin,weighted_three_regions,6,0.014970395472996376,0.8248982450089987,,0.013123551982948008
SPB-r2-s1,SPB,2,1,S,S,original,skin,forehead,6,0.015458243899047375,0.7943236231803894,,0.0143151069059968
SPB-r2-s1,SPB,2,1,S,S,original,skin,cheek_viewer_left,6,0.015121729113161564,0.8887136578559875,,0.01136600412428379
SPB-r2-s1,SPB,2,1,S,S,original,skin,cheek_viewer_right,6,0.013368542306125164,0.8518738746643066,,0.011604147031903267
SPB-r2-s1,SPB,2,1,S,S,previous,face,whole_roi,fixed,0.015962159261107445,0.9095118641853333,0.02529703639447689,
SPB-r2-s1,SPB,2,1,S,S,previous,skin,weighted_three_regions,fixed,0.013257977515459062,0.8598566845036002,,0.01116155173191253
SPB-r2-s1,SPB,2,1,S,S,previous,skin,forehead,fixed,0.013147793710231781,0.8371780514717102,,0.01178305596113205
SPB-r2-s1,SPB,2,1,S,S,previous,skin,cheek_viewer_left,fixed,0.014372169971466064,0.8954563736915588,,0.010733695700764656
SPB-r2-s1,SPB,2,1,S,S,previous,skin,cheek_viewer_right,fixed,0.012327848002314568,0.8934063911437988,,0.009819070808589458
SPB-r2-s1,SPB,2,1,S,S,previous,face,whole_roi,1,0.015962159261107445,0.9095118641853333,0.02529703639447689,
SPB-r2-s1,SPB,2,1,S,S,previous,skin,weighted_three_regions,1,0.013257977515459062,0.8598566845036002,,0.01116155173191253
SPB-r2-s1,SPB,2,1,S,S,previous,skin,forehead,1,0.013147793710231781,0.8371780514717102,,0.01178305596113205
SPB-r2-s1,SPB,2,1,S,S,previous,skin,cheek_viewer_left,1,0.014372169971466064,0.8954563736915588,,0.010733695700764656
SPB-r2-s1,SPB,2,1,S,S,previous,skin,cheek_viewer_right,1,0.012327848002314568,0.8934063911437988,,0.009819070808589458
SPB-r2-s1,SPB,2,1,S,S,previous,face,whole_roi,3,0.015962159261107445,0.9095118641853333,0.02529703639447689,
SPB-r2-s1,SPB,2,1,S,S,previous,skin,weighted_three_regions,3,0.013257977515459062,0.8598566845036002,,0.01116155173191253
SPB-r2-s1,SPB,2,1,S,S,previous,skin,forehead,3,0.013147793710231781,0.8371780514717102,,0.01178305596113205
SPB-r2-s1,SPB,2,1,S,S,previous,skin,cheek_viewer_left,3,0.014372169971466064,0.8954563736915588,,0.010733695700764656
SPB-r2-s1,SPB,2,1,S,S,previous,skin,cheek_viewer_right,3,0.012327848002314568,0.8934063911437988,,0.009819070808589458
SPB-r2-s1,SPB,2,1,S,S,previous,face,whole_roi,6,0.018340149894356728,0.8861703872680664,0.028834102675318718,
SPB-r2-s1,SPB,2,1,S,S,previous,skin,weighted_three_regions,6,0.014970395472996376,0.8248982450089987,,0.013123551982948008
SPB-r2-s1,SPB,2,1,S,S,previous,skin,forehead,6,0.015458243899047375,0.7943236231803894,,0.0143151069059968
SPB-r2-s1,SPB,2,1,S,S,previous,skin,cheek_viewer_left,6,0.015121729113161564,0.8887136578559875,,0.01136600412428379
SPB-r2-s1,SPB,2,1,S,S,previous,skin,cheek_viewer_right,6,0.013368542306125164,0.8518738746643066,,0.011604147031903267
SBP-r2-s1,SBP,2,1,S,S,original,face,whole_roi,fixed,0.02167474664747715,0.8749006390571594,0.030729781836271286,
SBP-r2-s1,SBP,2,1,S,S,original,skin,weighted_three_regions,fixed,0.017111495229251244,0.8408640416301026,,0.012355872783809901
SBP-r2-s1,SBP,2,1,S,S,original,skin,forehead,fixed,0.0172102227807045,0.8115248680114746,,0.013577749021351337
SBP-r2-s1,SBP,2,1,S,S,original,skin,cheek_viewer_left,fixed,0.016324307769536972,0.8862895965576172,,0.010986071079969406
SBP-r2-s1,SBP,2,1,S,S,original,skin,cheek_viewer_right,fixed,0.01770736277103424,0.8849933743476868,,0.010311274789273739
SBP-r2-s1,SBP,2,1,S,S,original,face,whole_roi,1,0.01949610747396946,0.8901660442352295,0.027349742129445076,
SBP-r2-s1,SBP,2,1,S,S,original,skin,weighted_three_regions,1,0.017004227988860185,0.8270466562530122,,0.01297769020366318
SBP-r2-s1,SBP,2,1,S,S,original,skin,forehead,1,0.017052127048373222,0.799943745136261,,0.013779699802398682
SBP-r2-s1,SBP,2,1,S,S,original,skin,cheek_viewer_left,1,0.016346784308552742,0.8823598027229309,,0.011832742020487785
SBP-r2-s1,SBP,2,1,S,S,original,skin,cheek_viewer_right,1,0.01760329119861126,0.8524085879325867,,0.011912240646779537
SBP-r2-s1,SBP,2,1,S,S,original,face,whole_roi,3,0.01949610747396946,0.8901660442352295,0.027349742129445076,
SBP-r2-s1,SBP,2,1,S,S,original,skin,weighted_three_regions,3,0.017004227988860185,0.8270466562530122,,0.01297769020366318
SBP-r2-s1,SBP,2,1,S,S,original,skin,forehead,3,0.017052127048373222,0.799943745136261,,0.013779699802398682
SBP-r2-s1,SBP,2,1,S,S,original,skin,cheek_viewer_left,3,0.016346784308552742,0.8823598027229309,,0.011832742020487785
SBP-r2-s1,SBP,2,1,S,S,original,skin,cheek_viewer_right,3,0.01760329119861126,0.8524085879325867,,0.011912240646779537
SBP-r2-s1,SBP,2,1,S,S,original,face,whole_roi,6,0.01949610747396946,0.8901660442352295,0.027349742129445076,
SBP-r2-s1,SBP,2,1,S,S,original,skin,weighted_three_regions,6,0.017004227988860185,0.8270466562530122,,0.01297769020366318
SBP-r2-s1,SBP,2,1,S,S,original,skin,forehead,6,0.017052127048373222,0.799943745136261,,0.013779699802398682
SBP-r2-s1,SBP,2,1,S,S,original,skin,cheek_viewer_left,6,0.016346784308552742,0.8823598027229309,,0.011832742020487785
SBP-r2-s1,SBP,2,1,S,S,original,skin,cheek_viewer_right,6,0.01760329119861126,0.8524085879325867,,0.011912240646779537
SBP-r2-s1,SBP,2,1,S,S,previous,face,whole_roi,fixed,0.02167474664747715,0.8749006390571594,0.030729781836271286,
SBP-r2-s1,SBP,2,1,S,S,previous,skin,weighted_three_regions,fixed,0.017111495229251244,0.8408640416301026,,0.012355872783809901
SBP-r2-s1,SBP,2,1,S,S,previous,skin,forehead,fixed,0.0172102227807045,0.8115248680114746,,0.013577749021351337
SBP-r2-s1,SBP,2,1,S,S,previous,skin,cheek_viewer_left,fixed,0.016324307769536972,0.8862895965576172,,0.010986071079969406
SBP-r2-s1,SBP,2,1,S,S,previous,skin,cheek_viewer_right,fixed,0.01770736277103424,0.8849933743476868,,0.010311274789273739
SBP-r2-s1,SBP,2,1,S,S,previous,face,whole_roi,1,0.01949610747396946,0.8901660442352295,0.027349742129445076,
SBP-r2-s1,SBP,2,1,S,S,previous,skin,weighted_three_regions,1,0.017004227988860185,0.8270466562530122,,0.01297769020366318
SBP-r2-s1,SBP,2,1,S,S,previous,skin,forehead,1,0.017052127048373222,0.799943745136261,,0.013779699802398682
SBP-r2-s1,SBP,2,1,S,S,previous,skin,cheek_viewer_left,1,0.016346784308552742,0.8823598027229309,,0.011832742020487785
SBP-r2-s1,SBP,2,1,S,S,previous,skin,cheek_viewer_right,1,0.01760329119861126,0.8524085879325867,,0.011912240646779537
SBP-r2-s1,SBP,2,1,S,S,previous,face,whole_roi,3,0.01949610747396946,0.8901660442352295,0.027349742129445076,
SBP-r2-s1,SBP,2,1,S,S,previous,skin,weighted_three_regions,3,0.017004227988860185,0.8270466562530122,,0.01297769020366318
SBP-r2-s1,SBP,2,1,S,S,previous,skin,forehead,3,0.017052127048373222,0.799943745136261,,0.013779699802398682
SBP-r2-s1,SBP,2,1,S,S,previous,skin,cheek_viewer_left,3,0.016346784308552742,0.8823598027229309,,0.011832742020487785
SBP-r2-s1,SBP,2,1,S,S,previous,skin,cheek_viewer_right,3,0.01760329119861126,0.8524085879325867,,0.011912240646779537
SBP-r2-s1,SBP,2,1,S,S,previous,face,whole_roi,6,0.01949610747396946,0.8901660442352295,0.027349742129445076,
SBP-r2-s1,SBP,2,1,S,S,previous,skin,weighted_three_regions,6,0.017004227988860185,0.8270466562530122,,0.01297769020366318
SBP-r2-s1,SBP,2,1,S,S,previous,skin,forehead,6,0.017052127048373222,0.799943745136261,,0.013779699802398682
SBP-r2-s1,SBP,2,1,S,S,previous,skin,cheek_viewer_left,6,0.016346784308552742,0.8823598027229309,,0.011832742020487785
SBP-r2-s1,SBP,2,1,S,S,previous,skin,cheek_viewer_right,6,0.01760329119861126,0.8524085879325867,,0.011912240646779537
PBS-r2-s1,PBS,2,1,P,P,original,face,whole_roi,fixed,0.014552390202879906,0.9105043411254883,0.020142758265137672,
PBS-r2-s1,PBS,2,1,P,P,original,skin,weighted_three_regions,fixed,0.013707613073946799,0.8563961061053972,,0.011342360479209354
PBS-r2-s1,PBS,2,1,P,P,original,skin,forehead,fixed,0.01389154139906168,0.8342986702919006,,0.012034056708216667
PBS-r2-s1,PBS,2,1,P,P,original,skin,cheek_viewer_left,fixed,0.014821730554103851,0.8906123042106628,,0.010745364241302013
PBS-r2-s1,PBS,2,1,P,P,original,skin,cheek_viewer_right,fixed,0.011914488859474659,0.8896296620368958,,0.009984182193875313
PBS-r2-s1,PBS,2,1,P,P,original,face,whole_roi,1,0.014552390202879906,0.9105043411254883,0.020142758265137672,
PBS-r2-s1,PBS,2,1,P,P,original,skin,weighted_three_regions,1,0.013707613073946799,0.8563961061053972,,0.011342360479209354
PBS-r2-s1,PBS,2,1,P,P,original,skin,forehead,1,0.01389154139906168,0.8342986702919006,,0.012034056708216667
PBS-r2-s1,PBS,2,1,P,P,original,skin,cheek_viewer_left,1,0.014821730554103851,0.8906123042106628,,0.010745364241302013
PBS-r2-s1,PBS,2,1,P,P,original,skin,cheek_viewer_right,1,0.011914488859474659,0.8896296620368958,,0.009984182193875313
PBS-r2-s1,PBS,2,1,P,P,original,face,whole_roi,3,0.014552390202879906,0.9105043411254883,0.020142758265137672,
PBS-r2-s1,PBS,2,1,P,P,original,skin,weighted_three_regions,3,0.013707613073946799,0.8563961061053972,,0.011342360479209354
PBS-r2-s1,PBS,2,1,P,P,original,skin,forehead,3,0.01389154139906168,0.8342986702919006,,0.012034056708216667
PBS-r2-s1,PBS,2,1,P,P,original,skin,cheek_viewer_left,3,0.014821730554103851,0.8906123042106628,,0.010745364241302013
PBS-r2-s1,PBS,2,1,P,P,original,skin,cheek_viewer_right,3,0.011914488859474659,0.8896296620368958,,0.009984182193875313
PBS-r2-s1,PBS,2,1,P,P,original,face,whole_roi,6,0.014552390202879906,0.9105043411254883,0.020142758265137672,
PBS-r2-s1,PBS,2,1,P,P,original,skin,weighted_three_regions,6,0.013707613073946799,0.8563961061053972,,0.011342360479209354
PBS-r2-s1,PBS,2,1,P,P,original,skin,forehead,6,0.01389154139906168,0.8342986702919006,,0.012034056708216667
PBS-r2-s1,PBS,2,1,P,P,original,skin,cheek_viewer_left,6,0.014821730554103851,0.8906123042106628,,0.010745364241302013
PBS-r2-s1,PBS,2,1,P,P,original,skin,cheek_viewer_right,6,0.011914488859474659,0.8896296620368958,,0.009984182193875313
PBS-r2-s1,PBS,2,1,P,P,previous,face,whole_roi,fixed,0.014552390202879906,0.9105043411254883,0.020142758265137672,
PBS-r2-s1,PBS,2,1,P,P,previous,skin,weighted_three_regions,fixed,0.013707613073946799,0.8563961061053972,,0.011342360479209354
PBS-r2-s1,PBS,2,1,P,P,previous,skin,forehead,fixed,0.01389154139906168,0.8342986702919006,,0.012034056708216667
PBS-r2-s1,PBS,2,1,P,P,previous,skin,cheek_viewer_left,fixed,0.014821730554103851,0.8906123042106628,,0.010745364241302013
PBS-r2-s1,PBS,2,1,P,P,previous,skin,cheek_viewer_right,fixed,0.011914488859474659,0.8896296620368958,,0.009984182193875313
PBS-r2-s1,PBS,2,1,P,P,previous,face,whole_roi,1,0.014552390202879906,0.9105043411254883,0.020142758265137672,
PBS-r2-s1,PBS,2,1,P,P,previous,skin,weighted_three_regions,1,0.013707613073946799,0.8563961061053972,,0.011342360479209354
PBS-r2-s1,PBS,2,1,P,P,previous,skin,forehead,1,0.01389154139906168,0.8342986702919006,,0.012034056708216667
PBS-r2-s1,PBS,2,1,P,P,previous,skin,cheek_viewer_left,1,0.014821730554103851,0.8906123042106628,,0.010745364241302013
PBS-r2-s1,PBS,2,1,P,P,previous,skin,cheek_viewer_right,1,0.011914488859474659,0.8896296620368958,,0.009984182193875313
PBS-r2-s1,PBS,2,1,P,P,previous,face,whole_roi,3,0.014552390202879906,0.9105043411254883,0.020142758265137672,
PBS-r2-s1,PBS,2,1,P,P,previous,skin,weighted_three_regions,3,0.013707613073946799,0.8563961061053972,,0.011342360479209354
PBS-r2-s1,PBS,2,1,P,P,previous,skin,forehead,3,0.01389154139906168,0.8342986702919006,,0.012034056708216667
PBS-r2-s1,PBS,2,1,P,P,previous,skin,cheek_viewer_left,3,0.014821730554103851,0.8906123042106628,,0.010745364241302013
PBS-r2-s1,PBS,2,1,P,P,previous,skin,cheek_viewer_right,3,0.011914488859474659,0.8896296620368958,,0.009984182193875313
PBS-r2-s1,PBS,2,1,P,P,previous,face,whole_roi,6,0.014552390202879906,0.9105043411254883,0.020142758265137672,
PBS-r2-s1,PBS,2,1,P,P,previous,skin,weighted_three_regions,6,0.013707613073946799,0.8563961061053972,,0.011342360479209354
PBS-r2-s1,PBS,2,1,P,P,previous,skin,forehead,6,0.01389154139906168,0.8342986702919006,,0.012034056708216667
PBS-r2-s1,PBS,2,1,P,P,previous,skin,cheek_viewer_left,6,0.014821730554103851,0.8906123042106628,,0.010745364241302013
PBS-r2-s1,PBS,2,1,P,P,previous,skin,cheek_viewer_right,6,0.011914488859474659,0.8896296620368958,,0.009984182193875313
BSP-r2-s1,BSP,2,1,B,B,original,face,whole_roi,fixed,0.11828269809484482,0.8480638861656189,0.08430592715740204,
BSP-r2-s1,BSP,2,1,B,B,original,skin,weighted_three_regions,fixed,0.05421107000287841,0.8387276805364169,,0.012595712022088906
BSP-r2-s1,BSP,2,1,B,B,original,skin,forehead,fixed,0.05593504756689072,0.8128666877746582,,0.013801079243421555
BSP-r2-s1,BSP,2,1,B,B,original,skin,cheek_viewer_left,fixed,0.06600788235664368,0.8736164569854736,,0.01145367044955492
BSP-r2-s1,BSP,2,1,B,B,original,skin,cheek_viewer_right,fixed,0.03588060289621353,0.8835695385932922,,0.010343329980969429
BSP-r2-s1,BSP,2,1,B,B,original,face,whole_roi,1,0.11828269809484482,0.8480638861656189,0.08430592715740204,
BSP-r2-s1,BSP,2,1,B,B,original,skin,weighted_three_regions,1,0.05421107000287841,0.8387276805364169,,0.012595712022088906
BSP-r2-s1,BSP,2,1,B,B,original,skin,forehead,1,0.05593504756689072,0.8128666877746582,,0.013801079243421555
BSP-r2-s1,BSP,2,1,B,B,original,skin,cheek_viewer_left,1,0.06600788235664368,0.8736164569854736,,0.01145367044955492
BSP-r2-s1,BSP,2,1,B,B,original,skin,cheek_viewer_right,1,0.03588060289621353,0.8835695385932922,,0.010343329980969429
BSP-r2-s1,BSP,2,1,B,B,original,face,whole_roi,3,0.11828269809484482,0.8480638861656189,0.08430592715740204,
BSP-r2-s1,BSP,2,1,B,B,original,skin,weighted_three_regions,3,0.05421107000287841,0.8387276805364169,,0.012595712022088906
BSP-r2-s1,BSP,2,1,B,B,original,skin,forehead,3,0.05593504756689072,0.8128666877746582,,0.013801079243421555
BSP-r2-s1,BSP,2,1,B,B,original,skin,cheek_viewer_left,3,0.06600788235664368,0.8736164569854736,,0.01145367044955492
BSP-r2-s1,BSP,2,1,B,B,original,skin,cheek_viewer_right,3,0.03588060289621353,0.8835695385932922,,0.010343329980969429
BSP-r2-s1,BSP,2,1,B,B,original,face,whole_roi,6,0.12299255281686783,0.7767218947410583,0.09311892092227936,
BSP-r2-s1,BSP,2,1,B,B,original,skin,weighted_three_regions,6,0.05492349456338321,0.7863546097110168,,0.015127923192785067
BSP-r2-s1,BSP,2,1,B,B,original,skin,forehead,6,0.05855076014995575,0.7513740658760071,,0.016676561906933784
BSP-r2-s1,BSP,2,1,B,B,original,skin,cheek_viewer_left,6,0.06387852132320404,0.8355059027671814,,0.013743691146373749
BSP-r2-s1,BSP,2,1,B,B,original,skin,cheek_viewer_right,6,0.034204792231321335,0.8447484970092773,,0.01214066706597805
BSP-r2-s1,BSP,2,1,B,B,previous,face,whole_roi,fixed,0.11828269809484482,0.8480638861656189,0.08430592715740204,
BSP-r2-s1,BSP,2,1,B,B,previous,skin,weighted_three_regions,fixed,0.05421107000287841,0.8387276805364169,,0.012595712022088906
BSP-r2-s1,BSP,2,1,B,B,previous,skin,forehead,fixed,0.05593504756689072,0.8128666877746582,,0.013801079243421555
BSP-r2-s1,BSP,2,1,B,B,previous,skin,cheek_viewer_left,fixed,0.06600788235664368,0.8736164569854736,,0.01145367044955492
BSP-r2-s1,BSP,2,1,B,B,previous,skin,cheek_viewer_right,fixed,0.03588060289621353,0.8835695385932922,,0.010343329980969429
BSP-r2-s1,BSP,2,1,B,B,previous,face,whole_roi,1,0.11828269809484482,0.8480638861656189,0.08430592715740204,
BSP-r2-s1,BSP,2,1,B,B,previous,skin,weighted_three_regions,1,0.05421107000287841,0.8387276805364169,,0.012595712022088906
BSP-r2-s1,BSP,2,1,B,B,previous,skin,forehead,1,0.05593504756689072,0.8128666877746582,,0.013801079243421555
BSP-r2-s1,BSP,2,1,B,B,previous,skin,cheek_viewer_left,1,0.06600788235664368,0.8736164569854736,,0.01145367044955492
BSP-r2-s1,BSP,2,1,B,B,previous,skin,cheek_viewer_right,1,0.03588060289621353,0.8835695385932922,,0.010343329980969429
BSP-r2-s1,BSP,2,1,B,B,previous,face,whole_roi,3,0.11828269809484482,0.8480638861656189,0.08430592715740204,
BSP-r2-s1,BSP,2,1,B,B,previous,skin,weighted_three_regions,3,0.05421107000287841,0.8387276805364169,,0.012595712022088906
BSP-r2-s1,BSP,2,1,B,B,previous,skin,forehead,3,0.05593504756689072,0.8128666877746582,,0.013801079243421555
BSP-r2-s1,BSP,2,1,B,B,previous,skin,cheek_viewer_left,3,0.06600788235664368,0.8736164569854736,,0.01145367044955492
BSP-r2-s1,BSP,2,1,B,B,previous,skin,cheek_viewer_right,3,0.03588060289621353,0.8835695385932922,,0.010343329980969429
BSP-r2-s1,BSP,2,1,B,B,previous,face,whole_roi,6,0.12299255281686783,0.7767218947410583,0.09311892092227936,
BSP-r2-s1,BSP,2,1,B,B,previous,skin,weighted_three_regions,6,0.05492349456338321,0.7863546097110168,,0.015127923192785067
BSP-r2-s1,BSP,2,1,B,B,previous,skin,forehead,6,0.05855076014995575,0.7513740658760071,,0.016676561906933784
BSP-r2-s1,BSP,2,1,B,B,previous,skin,cheek_viewer_left,6,0.06387852132320404,0.8355059027671814,,0.013743691146373749
BSP-r2-s1,BSP,2,1,B,B,previous,skin,cheek_viewer_right,6,0.034204792231321335,0.8447484970092773,,0.01214066706597805
PSB-r2-s2,PSB,2,2,S,SP,original,face,whole_roi,fixed,0.027827341109514236,0.8462231159210205,0.0437685064971447,
PSB-r2-s2,PSB,2,2,S,SP,original,skin,weighted_three_regions,fixed,0.019090157449245453,0.8213314493559594,,0.012778978571295738
PSB-r2-s2,PSB,2,2,S,SP,original,skin,forehead,fixed,0.019567076116800308,0.7907155156135559,,0.013840426690876484
PSB-r2-s2,PSB,2,2,S,SP,original,skin,cheek_viewer_left,fixed,0.020339246839284897,0.8654487133026123,,0.011863826774060726
PSB-r2-s2,PSB,2,2,S,SP,original,skin,cheek_viewer_right,fixed,0.016285402700304985,0.8711716532707214,,0.010693679563701153
PSB-r2-s2,PSB,2,2,S,SP,original,face,whole_roi,1,0.024688376113772392,0.874702513217926,0.039692316204309464,
PSB-r2-s2,PSB,2,2,S,SP,original,skin,weighted_three_regions,1,0.018915801501887687,0.8196803920871609,,0.012902147966053556
PSB-r2-s2,PSB,2,2,S,SP,original,skin,forehead,1,0.01875903084874153,0.7949112057685852,,0.013636285439133644
PSB-r2-s2,PSB,2,2,S,SP,original,skin,cheek_viewer_left,1,0.021146731451153755,0.8651652336120605,,0.012037274427711964
PSB-r2-s2,PSB,2,2,S,SP,original,skin,cheek_viewer_right,1,0.016866052523255348,0.8487033247947693,,0.011720786802470684
PSB-r2-s2,PSB,2,2,S,SP,original,face,whole_roi,3,0.024688376113772392,0.874702513217926,0.039692316204309464,
PSB-r2-s2,PSB,2,2,S,SP,original,skin,weighted_three_regions,3,0.018915801501887687,0.8196803920871609,,0.012902147966053556
PSB-r2-s2,PSB,2,2,S,SP,original,skin,forehead,3,0.01875903084874153,0.7949112057685852,,0.013636285439133644
PSB-r2-s2,PSB,2,2,S,SP,original,skin,cheek_viewer_left,3,0.021146731451153755,0.8651652336120605,,0.012037274427711964
PSB-r2-s2,PSB,2,2,S,SP,original,skin,cheek_viewer_right,3,0.016866052523255348,0.8487033247947693,,0.011720786802470684
PSB-r2-s2,PSB,2,2,S,SP,original,face,whole_roi,6,0.024688376113772392,0.874702513217926,0.039692316204309464,
PSB-r2-s2,PSB,2,2,S,SP,original,skin,weighted_three_regions,6,0.018915801501887687,0.8196803920871609,,0.012902147966053556
PSB-r2-s2,PSB,2,2,S,SP,original,skin,forehead,6,0.01875903084874153,0.7949112057685852,,0.013636285439133644
PSB-r2-s2,PSB,2,2,S,SP,original,skin,cheek_viewer_left,6,0.021146731451153755,0.8651652336120605,,0.012037274427711964
PSB-r2-s2,PSB,2,2,S,SP,original,skin,cheek_viewer_right,6,0.016866052523255348,0.8487033247947693,,0.011720786802470684
PSB-r2-s2,PSB,2,2,S,SP,previous,face,whole_roi,fixed,0.018755845725536346,0.9251353144645691,0.01903168484568596,
PSB-r2-s2,PSB,2,2,S,SP,previous,skin,weighted_three_regions,fixed,0.012491733715595569,0.9180625298146737,,0.008150146504425828
PSB-r2-s2,PSB,2,2,S,SP,previous,skin,forehead,fixed,0.013261145912110806,0.8954408168792725,,0.009415103122591972
PSB-r2-s2,PSB,2,2,S,SP,previous,skin,cheek_viewer_left,fixed,0.010432444512844086,0.9569668769836426,,0.006537483539432287
PSB-r2-s2,PSB,2,2,S,SP,previous,skin,cheek_viewer_right,fixed,0.012550575658679008,0.9476118683815002,,0.0062523470260202885
PSB-r2-s2,PSB,2,2,S,SP,previous,face,whole_roi,1,0.017902687191963196,0.932063102722168,0.01817077212035656,
PSB-r2-s2,PSB,2,2,S,SP,previous,skin,weighted_three_regions,1,0.013385043692062884,0.8960239352947876,,0.009322875789640582
PSB-r2-s2,PSB,2,2,S,SP,previous,skin,forehead,1,0.014027428813278675,0.8727280497550964,,0.010173285380005836
PSB-r2-s2,PSB,2,2,S,SP,previous,skin,cheek_viewer_left,1,0.012391499243676662,0.9348692297935486,,0.008621220476925373
PSB-r2-s2,PSB,2,2,S,SP,previous,skin,cheek_viewer_right,1,0.0126176867634058,0.9278598427772522,,0.0076166908256709576
PSB-r2-s2,PSB,2,2,S,SP,previous,face,whole_roi,3,0.017902687191963196,0.932063102722168,0.01817077212035656,
PSB-r2-s2,PSB,2,2,S,SP,previous,skin,weighted_three_regions,3,0.013385043692062884,0.8960239352947876,,0.009322875789640582
PSB-r2-s2,PSB,2,2,S,SP,previous,skin,forehead,3,0.014027428813278675,0.8727280497550964,,0.010173285380005836
PSB-r2-s2,PSB,2,2,S,SP,previous,skin,cheek_viewer_left,3,0.012391499243676662,0.9348692297935486,,0.008621220476925373
PSB-r2-s2,PSB,2,2,S,SP,previous,skin,cheek_viewer_right,3,0.0126176867634058,0.9278598427772522,,0.0076166908256709576
PSB-r2-s2,PSB,2,2,S,SP,previous,face,whole_roi,6,0.017902687191963196,0.932063102722168,0.01817077212035656,
PSB-r2-s2,PSB,2,2,S,SP,previous,skin,weighted_three_regions,6,0.013385043692062884,0.8960239352947876,,0.009322875789640582
PSB-r2-s2,PSB,2,2,S,SP,previous,skin,forehead,6,0.014027428813278675,0.8727280497550964,,0.010173285380005836
PSB-r2-s2,PSB,2,2,S,SP,previous,skin,cheek_viewer_left,6,0.012391499243676662,0.9348692297935486,,0.008621220476925373
PSB-r2-s2,PSB,2,2,S,SP,previous,skin,cheek_viewer_right,6,0.0126176867634058,0.9278598427772522,,0.0076166908256709576
BPS-r2-s2,BPS,2,2,P,BP,original,face,whole_roi,fixed,0.11247507482767105,0.823463499546051,0.10537736117839813,
BPS-r2-s2,BPS,2,2,P,BP,original,skin,weighted_three_regions,fixed,0.054921375153695835,0.8278402502720172,,0.012511370476773557
BPS-r2-s2,BPS,2,2,P,BP,original,skin,forehead,fixed,0.05598476529121399,0.8065772652626038,,0.013436056673526764
BPS-r2-s2,BPS,2,2,P,BP,original,skin,cheek_viewer_left,fixed,0.06840785592794418,0.8534279465675354,,0.012060397304594517
BPS-r2-s2,BPS,2,2,P,BP,original,skin,cheek_viewer_right,fixed,0.036628540605306625,0.8682839274406433,,0.010305201634764671
BPS-r2-s2,BPS,2,2,P,BP,original,face,whole_roi,1,0.11022067815065384,0.8422554135322571,0.10319884121417999,
BPS-r2-s2,BPS,2,2,P,BP,original,skin,weighted_three_regions,1,0.05457689309821409,0.8182804867087204,,0.0127559669688344
BPS-r2-s2,BPS,2,2,P,BP,original,skin,forehead,1,0.05384135991334915,0.7991440892219543,,0.013353683054447174
BPS-r2-s2,BPS,2,2,P,BP,original,skin,cheek_viewer_left,1,0.07044904679059982,0.8533322811126709,,0.01213548518717289
BPS-r2-s2,BPS,2,2,P,BP,original,skin,cheek_viewer_right,1,0.0388791598379612,0.8408063054084778,,0.011699996888637543
BPS-r2-s2,BPS,2,2,P,BP,original,face,whole_roi,3,0.11247507482767105,0.823463499546051,0.10537736117839813,
BPS-r2-s2,BPS,2,2,P,BP,original,skin,weighted_three_regions,3,0.054921375153695835,0.8278402502720172,,0.012511370476773557
BPS-r2-s2,BPS,2,2,P,BP,original,skin,forehead,3,0.05598476529121399,0.8065772652626038,,0.013436056673526764
BPS-r2-s2,BPS,2,2,P,BP,original,skin,cheek_viewer_left,3,0.06840785592794418,0.8534279465675354,,0.012060397304594517
BPS-r2-s2,BPS,2,2,P,BP,original,skin,cheek_viewer_right,3,0.036628540605306625,0.8682839274406433,,0.010305201634764671
BPS-r2-s2,BPS,2,2,P,BP,original,face,whole_roi,6,0.11247507482767105,0.823463499546051,0.10537736117839813,
BPS-r2-s2,BPS,2,2,P,BP,original,skin,weighted_three_regions,6,0.054921375153695835,0.8278402502720172,,0.012511370476773557
BPS-r2-s2,BPS,2,2,P,BP,original,skin,forehead,6,0.05598476529121399,0.8065772652626038,,0.013436056673526764
BPS-r2-s2,BPS,2,2,P,BP,original,skin,cheek_viewer_left,6,0.06840785592794418,0.8534279465675354,,0.012060397304594517
BPS-r2-s2,BPS,2,2,P,BP,original,skin,cheek_viewer_right,6,0.036628540605306625,0.8682839274406433,,0.010305201634764671
BPS-r2-s2,BPS,2,2,P,BP,previous,face,whole_roi,fixed,0.015115058049559593,0.9448971748352051,0.013576501980423927,
BPS-r2-s2,BPS,2,2,P,BP,previous,skin,weighted_three_regions,fixed,0.011441176335382112,0.9240372607621892,,0.007862277997328955
BPS-r2-s2,BPS,2,2,P,BP,previous,skin,forehead,fixed,0.011600644327700138,0.9154378771781921,,0.008133737370371819
BPS-r2-s2,BPS,2,2,P,BP,previous,skin,cheek_viewer_left,fixed,0.012690631672739983,0.9343643188476562,,0.00822150707244873
BPS-r2-s2,BPS,2,2,P,BP,previous,skin,cheek_viewer_right,fixed,0.009567576460540295,0.940418541431427,,0.006661541294306517
BPS-r2-s2,BPS,2,2,P,BP,previous,face,whole_roi,1,0.015115058049559593,0.9448971748352051,0.013576501980423927,
BPS-r2-s2,BPS,2,2,P,BP,previous,skin,weighted_three_regions,1,0.011441176335382112,0.9240372607621892,,0.007862277997328955
BPS-r2-s2,BPS,2,2,P,BP,previous,skin,forehead,1,0.011600644327700138,0.9154378771781921,,0.008133737370371819
BPS-r2-s2,BPS,2,2,P,BP,previous,skin,cheek_viewer_left,1,0.012690631672739983,0.9343643188476562,,0.00822150707244873
BPS-r2-s2,BPS,2,2,P,BP,previous,skin,cheek_viewer_right,1,0.009567576460540295,0.940418541431427,,0.006661541294306517
BPS-r2-s2,BPS,2,2,P,BP,previous,face,whole_roi,3,0.015115058049559593,0.9448971748352051,0.013576501980423927,
BPS-r2-s2,BPS,2,2,P,BP,previous,skin,weighted_three_regions,3,0.011441176335382112,0.9240372607621892,,0.007862277997328955
BPS-r2-s2,BPS,2,2,P,BP,previous,skin,forehead,3,0.011600644327700138,0.9154378771781921,,0.008133737370371819
BPS-r2-s2,BPS,2,2,P,BP,previous,skin,cheek_viewer_left,3,0.012690631672739983,0.9343643188476562,,0.00822150707244873
BPS-r2-s2,BPS,2,2,P,BP,previous,skin,cheek_viewer_right,3,0.009567576460540295,0.940418541431427,,0.006661541294306517
BPS-r2-s2,BPS,2,2,P,BP,previous,face,whole_roi,6,0.015115058049559593,0.9448971748352051,0.013576501980423927,
BPS-r2-s2,BPS,2,2,P,BP,previous,skin,weighted_three_regions,6,0.011441176335382112,0.9240372607621892,,0.007862277997328955
BPS-r2-s2,BPS,2,2,P,BP,previous,skin,forehead,6,0.011600644327700138,0.9154378771781921,,0.008133737370371819
BPS-r2-s2,BPS,2,2,P,BP,previous,skin,cheek_viewer_left,6,0.012690631672739983,0.9343643188476562,,0.00822150707244873
BPS-r2-s2,BPS,2,2,P,BP,previous,skin,cheek_viewer_right,6,0.009567576460540295,0.940418541431427,,0.006661541294306517
SPB-r2-s2,SPB,2,2,P,SP,original,face,whole_roi,fixed,0.022939860820770264,0.8677251935005188,0.04376211762428284,
SPB-r2-s2,SPB,2,2,P,SP,original,skin,weighted_three_regions,fixed,0.017246828567894067,0.8388374806199006,,0.011915576042716994
SPB-r2-s2,SPB,2,2,P,SP,original,skin,forehead,fixed,0.016383619979023933,0.818977415561676,,0.01229273434728384
SPB-r2-s2,SPB,2,2,P,SP,original,skin,cheek_viewer_left,fixed,0.018871251493692398,0.8678638935089111,,0.01218457706272602
SPB-r2-s2,SPB,2,2,P,SP,original,skin,cheek_viewer_right,fixed,0.017952458932995796,0.8706969618797302,,0.010506169870495796
SPB-r2-s2,SPB,2,2,P,SP,original,face,whole_roi,1,0.02165263146162033,0.8775447010993958,0.04289387911558151,
SPB-r2-s2,SPB,2,2,P,SP,original,skin,weighted_three_regions,1,0.01797097250161802,0.820381671424189,,0.012993925165604143
SPB-r2-s2,SPB,2,2,P,SP,original,skin,forehead,1,0.017872435972094536,0.7938061356544495,,0.013977846130728722
SPB-r2-s2,SPB,2,2,P,SP,original,skin,cheek_viewer_left,1,0.018521111458539963,0.8696343898773193,,0.01188567839562893
SPB-r2-s2,SPB,2,2,P,SP,original,skin,cheek_viewer_right,1,0.017641223967075348,0.8510010242462158,,0.011353363282978535
SPB-r2-s2,SPB,2,2,P,SP,original,face,whole_roi,3,0.02165263146162033,0.8775447010993958,0.04289387911558151,
SPB-r2-s2,SPB,2,2,P,SP,original,skin,weighted_three_regions,3,0.01797097250161802,0.820381671424189,,0.012993925165604143
SPB-r2-s2,SPB,2,2,P,SP,original,skin,forehead,3,0.017872435972094536,0.7938061356544495,,0.013977846130728722
SPB-r2-s2,SPB,2,2,P,SP,original,skin,cheek_viewer_left,3,0.018521111458539963,0.8696343898773193,,0.01188567839562893
SPB-r2-s2,SPB,2,2,P,SP,original,skin,cheek_viewer_right,3,0.017641223967075348,0.8510010242462158,,0.011353363282978535
SPB-r2-s2,SPB,2,2,P,SP,original,face,whole_roi,6,0.02165263146162033,0.8775447010993958,0.04289387911558151,
SPB-r2-s2,SPB,2,2,P,SP,original,skin,weighted_three_regions,6,0.01797097250161802,0.820381671424189,,0.012993925165604143
SPB-r2-s2,SPB,2,2,P,SP,original,skin,forehead,6,0.017872435972094536,0.7938061356544495,,0.013977846130728722
SPB-r2-s2,SPB,2,2,P,SP,original,skin,cheek_viewer_left,6,0.018521111458539963,0.8696343898773193,,0.01188567839562893
SPB-r2-s2,SPB,2,2,P,SP,original,skin,cheek_viewer_right,6,0.017641223967075348,0.8510010242462158,,0.011353363282978535
SPB-r2-s2,SPB,2,2,P,SP,previous,face,whole_roi,fixed,0.011864821426570415,0.9545295834541321,0.012669013813138008,
SPB-r2-s2,SPB,2,2,P,SP,previous,skin,weighted_three_regions,fixed,0.009528258322354625,0.9359891097437082,,0.006859870302107404
SPB-r2-s2,SPB,2,2,P,SP,previous,skin,forehead,fixed,0.009635882452130318,0.9210816025733948,,0.007389422506093979
SPB-r2-s2,SPB,2,2,P,SP,previous,skin,cheek_viewer_left,fixed,0.009241968393325806,0.9584813117980957,,0.006652443669736385
SPB-r2-s2,SPB,2,2,P,SP,previous,skin,cheek_viewer_right,fixed,0.009534508921205997,0.9590911865234375,,0.005539241712540388
SPB-r2-s2,SPB,2,2,P,SP,previous,face,whole_roi,1,0.011864821426570415,0.9545295834541321,0.012669013813138008,
SPB-r2-s2,SPB,2,2,P,SP,previous,skin,weighted_three_regions,1,0.009528258322354625,0.9359891097437082,,0.006859870302107404
SPB-r2-s2,SPB,2,2,P,SP,previous,skin,forehead,1,0.009635882452130318,0.9210816025733948,,0.007389422506093979
SPB-r2-s2,SPB,2,2,P,SP,previous,skin,cheek_viewer_left,1,0.009241968393325806,0.9584813117980957,,0.006652443669736385
SPB-r2-s2,SPB,2,2,P,SP,previous,skin,cheek_viewer_right,1,0.009534508921205997,0.9590911865234375,,0.005539241712540388
SPB-r2-s2,SPB,2,2,P,SP,previous,face,whole_roi,3,0.011864821426570415,0.9545295834541321,0.012669013813138008,
SPB-r2-s2,SPB,2,2,P,SP,previous,skin,weighted_three_regions,3,0.009528258322354625,0.9359891097437082,,0.006859870302107404
SPB-r2-s2,SPB,2,2,P,SP,previous,skin,forehead,3,0.009635882452130318,0.9210816025733948,,0.007389422506093979
SPB-r2-s2,SPB,2,2,P,SP,previous,skin,cheek_viewer_left,3,0.009241968393325806,0.9584813117980957,,0.006652443669736385
SPB-r2-s2,SPB,2,2,P,SP,previous,skin,cheek_viewer_right,3,0.009534508921205997,0.9590911865234375,,0.005539241712540388
SPB-r2-s2,SPB,2,2,P,SP,previous,face,whole_roi,6,0.011864821426570415,0.9545295834541321,0.012669013813138008,
SPB-r2-s2,SPB,2,2,P,SP,previous,skin,weighted_three_regions,6,0.009528258322354625,0.9359891097437082,,0.006859870302107404
SPB-r2-s2,SPB,2,2,P,SP,previous,skin,forehead,6,0.009635882452130318,0.9210816025733948,,0.007389422506093979
SPB-r2-s2,SPB,2,2,P,SP,previous,skin,cheek_viewer_left,6,0.009241968393325806,0.9584813117980957,,0.006652443669736385
SPB-r2-s2,SPB,2,2,P,SP,previous,skin,cheek_viewer_right,6,0.009534508921205997,0.9590911865234375,,0.005539241712540388
SBP-r2-s2,SBP,2,2,B,SB,original,face,whole_roi,fixed,0.11752970516681671,0.7870187759399414,0.10121645778417587,
SBP-r2-s2,SBP,2,2,B,SB,original,skin,weighted_three_regions,fixed,0.05766339346766472,0.8056067304109666,,0.01348668176023399
SBP-r2-s2,SBP,2,2,B,SB,original,skin,forehead,fixed,0.06053440272808075,0.7812227606773376,,0.014585591852664948
SBP-r2-s2,SBP,2,2,B,SB,original,skin,cheek_viewer_left,fixed,0.06286785751581192,0.8311251997947693,,0.01278044655919075
SBP-r2-s2,SBP,2,2,B,SB,original,skin,cheek_viewer_right,fixed,0.04338332638144493,0.856400191783905,,0.011056418530642986
SBP-r2-s2,SBP,2,2,B,SB,original,face,whole_roi,1,0.1140294298529625,0.8231258392333984,0.09566684067249298,
SBP-r2-s2,SBP,2,2,B,SB,original,skin,weighted_three_regions,1,0.05722837125553804,0.807289893529853,,0.013236820838030646
SBP-r2-s2,SBP,2,2,B,SB,original,skin,forehead,1,0.05821434408426285,0.7906864285469055,,0.013767908327281475
SBP-r2-s2,SBP,2,2,B,SB,original,skin,cheek_viewer_left,1,0.06495573371648788,0.8316858410835266,,0.012883325107395649
SBP-r2-s2,SBP,2,2,B,SB,original,skin,cheek_viewer_right,1,0.04564172774553299,0.83377605676651,,0.012076014652848244
SBP-r2-s2,SBP,2,2,B,SB,original,face,whole_roi,3,0.1140294298529625,0.8231258392333984,0.09566684067249298,
SBP-r2-s2,SBP,2,2,B,SB,original,skin,weighted_three_regions,3,0.05722837125553804,0.807289893529853,,0.013236820838030646
SBP-r2-s2,SBP,2,2,B,SB,original,skin,forehead,3,0.05821434408426285,0.7906864285469055,,0.013767908327281475
SBP-r2-s2,SBP,2,2,B,SB,original,skin,cheek_viewer_left,3,0.06495573371648788,0.8316858410835266,,0.012883325107395649
SBP-r2-s2,SBP,2,2,B,SB,original,skin,cheek_viewer_right,3,0.04564172774553299,0.83377605676651,,0.012076014652848244
SBP-r2-s2,SBP,2,2,B,SB,original,face,whole_roi,6,0.1140294298529625,0.8231258392333984,0.09566684067249298,
SBP-r2-s2,SBP,2,2,B,SB,original,skin,weighted_three_regions,6,0.05722837125553804,0.807289893529853,,0.013236820838030646
SBP-r2-s2,SBP,2,2,B,SB,original,skin,forehead,6,0.05821434408426285,0.7906864285469055,,0.013767908327281475
SBP-r2-s2,SBP,2,2,B,SB,original,skin,cheek_viewer_left,6,0.06495573371648788,0.8316858410835266,,0.012883325107395649
SBP-r2-s2,SBP,2,2,B,SB,original,skin,cheek_viewer_right,6,0.04564172774553299,0.83377605676651,,0.012076014652848244
SBP-r2-s2,SBP,2,2,B,SB,previous,face,whole_roi,fixed,0.11546261608600616,0.9001284241676331,0.07578538358211517,
SBP-r2-s2,SBP,2,2,B,SB,previous,skin,weighted_three_regions,fixed,0.05889062242472873,0.9181231132107589,,0.007649048675837762
SBP-r2-s2,SBP,2,2,B,SB,previous,skin,forehead,fixed,0.05734134465456009,0.9050683379173279,,0.008300701156258583
SBP-r2-s2,SBP,2,2,B,SB,previous,skin,cheek_viewer_left,fixed,0.06752775609493256,0.9324113726615906,,0.0073822918348014355
SBP-r2-s2,SBP,2,2,B,SB,previous,skin,cheek_viewer_right,fixed,0.05372023954987526,0.94459468126297,,0.006036860402673483
SBP-r2-s2,SBP,2,2,B,SB,previous,face,whole_roi,1,0.11546261608600616,0.9001284241676331,0.07578538358211517,
SBP-r2-s2,SBP,2,2,B,SB,previous,skin,weighted_three_regions,1,0.05889062242472873,0.9181231132107589,,0.007649048675837762
SBP-r2-s2,SBP,2,2,B,SB,previous,skin,forehead,1,0.05734134465456009,0.9050683379173279,,0.008300701156258583
SBP-r2-s2,SBP,2,2,B,SB,previous,skin,cheek_viewer_left,1,0.06752775609493256,0.9324113726615906,,0.0073822918348014355
SBP-r2-s2,SBP,2,2,B,SB,previous,skin,cheek_viewer_right,1,0.05372023954987526,0.94459468126297,,0.006036860402673483
SBP-r2-s2,SBP,2,2,B,SB,previous,face,whole_roi,3,0.11546261608600616,0.9001284241676331,0.07578538358211517,
SBP-r2-s2,SBP,2,2,B,SB,previous,skin,weighted_three_regions,3,0.05889062242472873,0.9181231132107589,,0.007649048675837762
SBP-r2-s2,SBP,2,2,B,SB,previous,skin,forehead,3,0.05734134465456009,0.9050683379173279,,0.008300701156258583
SBP-r2-s2,SBP,2,2,B,SB,previous,skin,cheek_viewer_left,3,0.06752775609493256,0.9324113726615906,,0.0073822918348014355
SBP-r2-s2,SBP,2,2,B,SB,previous,skin,cheek_viewer_right,3,0.05372023954987526,0.94459468126297,,0.006036860402673483
SBP-r2-s2,SBP,2,2,B,SB,previous,face,whole_roi,6,0.12088517844676971,0.816190779209137,0.08754394203424454,
SBP-r2-s2,SBP,2,2,B,SB,previous,skin,weighted_three_regions,6,0.05944713445270763,0.8662006802611298,,0.011041764521642643
SBP-r2-s2,SBP,2,2,B,SB,previous,skin,forehead,6,0.05985032021999359,0.8419203162193298,,0.012175302021205425
SBP-r2-s2,SBP,2,2,B,SB,previous,skin,cheek_viewer_left,6,0.0653076022863388,0.9033772349357605,,0.00990665890276432
SBP-r2-s2,SBP,2,2,B,SB,previous,skin,cheek_viewer_right,6,0.051670949906110764,0.9032015800476074,,0.008992365561425686
PBS-r2-s2,PBS,2,2,B,BP,original,face,whole_roi,fixed,0.10433065891265869,0.8235964775085449,0.09930485486984253,
PBS-r2-s2,PBS,2,2,B,BP,original,skin,weighted_three_regions,fixed,0.03770569064599626,0.8135958047264974,,0.013126963364946492
PBS-r2-s2,PBS,2,2,B,BP,original,skin,forehead,fixed,0.04125071316957474,0.7871971726417542,,0.013889138586819172
PBS-r2-s2,PBS,2,2,B,BP,original,skin,cheek_viewer_left,fixed,0.03987187519669533,0.849315881729126,,0.012852843850851059
PBS-r2-s2,PBS,2,2,B,BP,original,skin,cheek_viewer_right,fixed,0.024865780025720596,0.859247624874115,,0.01119872648268938
PBS-r2-s2,PBS,2,2,B,BP,original,face,whole_roi,1,0.10163915902376175,0.846803605556488,0.0966467633843422,
PBS-r2-s2,PBS,2,2,B,BP,original,skin,weighted_three_regions,1,0.03771280225585489,0.810259630391886,,0.013508556500515518
PBS-r2-s2,PBS,2,2,B,BP,original,skin,forehead,1,0.039885520935058594,0.784235417842865,,0.014437378384172916
PBS-r2-s2,PBS,2,2,B,BP,original,skin,cheek_viewer_left,1,0.04168136417865753,0.8585037589073181,,0.012487870641052723
PBS-r2-s2,PBS,2,2,B,BP,original,skin,cheek_viewer_right,1,0.02687227539718151,0.8402285575866699,,0.011931178160011768
PBS-r2-s2,PBS,2,2,B,BP,original,face,whole_roi,3,0.10433065891265869,0.8235964775085449,0.09930485486984253,
PBS-r2-s2,PBS,2,2,B,BP,original,skin,weighted_three_regions,3,0.03770569064599626,0.8135958047264974,,0.013126963364946492
PBS-r2-s2,PBS,2,2,B,BP,original,skin,forehead,3,0.04125071316957474,0.7871971726417542,,0.013889138586819172
PBS-r2-s2,PBS,2,2,B,BP,original,skin,cheek_viewer_left,3,0.03987187519669533,0.849315881729126,,0.012852843850851059
PBS-r2-s2,PBS,2,2,B,BP,original,skin,cheek_viewer_right,3,0.024865780025720596,0.859247624874115,,0.01119872648268938
PBS-r2-s2,PBS,2,2,B,BP,original,face,whole_roi,6,0.10433065891265869,0.8235964775085449,0.09930485486984253,
PBS-r2-s2,PBS,2,2,B,BP,original,skin,weighted_three_regions,6,0.03770569064599626,0.8135958047264974,,0.013126963364946492
PBS-r2-s2,PBS,2,2,B,BP,original,skin,forehead,6,0.04125071316957474,0.7871971726417542,,0.013889138586819172
PBS-r2-s2,PBS,2,2,B,BP,original,skin,cheek_viewer_left,6,0.03987187519669533,0.849315881729126,,0.012852843850851059
PBS-r2-s2,PBS,2,2,B,BP,original,skin,cheek_viewer_right,6,0.024865780025720596,0.859247624874115,,0.01119872648268938
PBS-r2-s2,PBS,2,2,B,BP,previous,face,whole_roi,fixed,0.09892743080854416,0.9030192494392395,0.07957468926906586,
PBS-r2-s2,PBS,2,2,B,BP,previous,skin,weighted_three_regions,fixed,0.03217493326348417,0.9038336930132735,,0.008757361812955316
PBS-r2-s2,PBS,2,2,B,BP,previous,skin,forehead,fixed,0.03552115336060524,0.878047525882721,,0.009975667111575603
PBS-r2-s2,PBS,2,2,B,BP,previous,skin,cheek_viewer_left,fixed,0.03137514367699623,0.9446231722831726,,0.007489463780075312
PBS-r2-s2,PBS,2,2,B,BP,previous,skin,cheek_viewer_right,fixed,0.023255134001374245,0.9416208267211914,,0.006608601193875074
PBS-r2-s2,PBS,2,2,B,BP,previous,face,whole_roi,1,0.09892743080854416,0.9030192494392395,0.07957468926906586,
PBS-r2-s2,PBS,2,2,B,BP,previous,skin,weighted_three_regions,1,0.03217493326348417,0.9038336930132735,,0.008757361812955316
PBS-r2-s2,PBS,2,2,B,BP,previous,skin,forehead,1,0.03552115336060524,0.878047525882721,,0.009975667111575603
PBS-r2-s2,PBS,2,2,B,BP,previous,skin,cheek_viewer_left,1,0.03137514367699623,0.9446231722831726,,0.007489463780075312
PBS-r2-s2,PBS,2,2,B,BP,previous,skin,cheek_viewer_right,1,0.023255134001374245,0.9416208267211914,,0.006608601193875074
PBS-r2-s2,PBS,2,2,B,BP,previous,face,whole_roi,3,0.09892743080854416,0.9030192494392395,0.07957468926906586,
PBS-r2-s2,PBS,2,2,B,BP,previous,skin,weighted_three_regions,3,0.03217493326348417,0.9038336930132735,,0.008757361812955316
PBS-r2-s2,PBS,2,2,B,BP,previous,skin,forehead,3,0.03552115336060524,0.878047525882721,,0.009975667111575603
PBS-r2-s2,PBS,2,2,B,BP,previous,skin,cheek_viewer_left,3,0.03137514367699623,0.9446231722831726,,0.007489463780075312
PBS-r2-s2,PBS,2,2,B,BP,previous,skin,cheek_viewer_right,3,0.023255134001374245,0.9416208267211914,,0.006608601193875074
PBS-r2-s2,PBS,2,2,B,BP,previous,face,whole_roi,6,0.09892743080854416,0.9030192494392395,0.07957468926906586,
PBS-r2-s2,PBS,2,2,B,BP,previous,skin,weighted_three_regions,6,0.03217493326348417,0.9038336930132735,,0.008757361812955316
PBS-r2-s2,PBS,2,2,B,BP,previous,skin,forehead,6,0.03552115336060524,0.878047525882721,,0.009975667111575603
PBS-r2-s2,PBS,2,2,B,BP,previous,skin,cheek_viewer_left,6,0.03137514367699623,0.9446231722831726,,0.007489463780075312
PBS-r2-s2,PBS,2,2,B,BP,previous,skin,cheek_viewer_right,6,0.023255134001374245,0.9416208267211914,,0.006608601193875074
BSP-r2-s2,BSP,2,2,S,SB,original,face,whole_roi,fixed,0.11966049671173096,0.8122022151947021,0.09900741279125214,
BSP-r2-s2,BSP,2,2,S,SB,original,skin,weighted_three_regions,fixed,0.05387754462659359,0.8247048093160991,,0.012811632569441024
BSP-r2-s2,BSP,2,2,S,SB,original,skin,forehead,fixed,0.0563112311065197,0.8007394671440125,,0.013877930119633675
BSP-r2-s2,BSP,2,2,S,SB,original,skin,cheek_viewer_left,fixed,0.06778883934020996,0.8577196598052979,,0.012055072002112865
BSP-r2-s2,BSP,2,2,S,SB,original,skin,cheek_viewer_right,fixed,0.031085627153515816,0.8654710650444031,,0.01053368765860796
BSP-r2-s2,BSP,2,2,S,SB,original,face,whole_roi,1,0.1176852211356163,0.8263816237449646,0.09608180820941925,
BSP-r2-s2,BSP,2,2,S,SB,original,skin,weighted_three_regions,1,0.053490002957337045,0.8152286467409957,,0.012959888164392289
BSP-r2-s2,BSP,2,2,S,SB,original,skin,forehead,1,0.054062094539403915,0.7943117618560791,,0.013568712398409843
BSP-r2-s2,BSP,2,2,S,SB,original,skin,cheek_viewer_left,1,0.06985856592655182,0.8544413447380066,,0.01243478525429964
BSP-r2-s2,BSP,2,2,S,SB,original,skin,cheek_viewer_right,1,0.03339655324816704,0.8388122916221619,,0.01176401972770691
BSP-r2-s2,BSP,2,2,S,SB,original,face,whole_roi,3,0.1196686252951622,0.8032129406929016,0.10052599012851715,
BSP-r2-s2,BSP,2,2,S,SB,original,skin,weighted_three_regions,3,0.05232987089630436,0.7980892086515621,,0.014130652927081374
BSP-r2-s2,BSP,2,2,S,SB,original,skin,forehead,3,0.0547306053340435,0.781719982624054,,0.014157605357468128
BSP-r2-s2,BSP,2,2,S,SB,original,skin,cheek_viewer_left,3,0.059896424412727356,0.8191914558410645,,0.015762733295559883
BSP-r2-s2,BSP,2,2,S,SB,original,skin,cheek_viewer_right,3,0.036772485822439194,0.8276050090789795,,0.01221546996384859
BSP-r2-s2,BSP,2,2,S,SB,original,face,whole_roi,6,0.11966049671173096,0.8122022151947021,0.09900741279125214,
BSP-r2-s2,BSP,2,2,S,SB,original,skin,weighted_three_regions,6,0.05387754462659359,0.8247048093160991,,0.012811632569441024
BSP-r2-s2,BSP,2,2,S,SB,original,skin,forehead,6,0.0563112311065197,0.8007394671440125,,0.013877930119633675
BSP-r2-s2,BSP,2,2,S,SB,original,skin,cheek_viewer_left,6,0.06778883934020996,0.8577196598052979,,0.012055072002112865
BSP-r2-s2,BSP,2,2,S,SB,original,skin,cheek_viewer_right,6,0.031085627153515816,0.8654710650444031,,0.01053368765860796
BSP-r2-s2,BSP,2,2,S,SB,previous,face,whole_roi,fixed,0.012957220897078514,0.9442862868309021,0.01533471792936325,
BSP-r2-s2,BSP,2,2,S,SB,previous,skin,weighted_three_regions,fixed,0.009904459996477646,0.9259941034264617,,0.007958794532015043
BSP-r2-s2,BSP,2,2,S,SB,previous,skin,forehead,fixed,0.009678306989371777,0.9152871966362,,0.008359510451555252
BSP-r2-s2,BSP,2,2,S,SB,previous,skin,cheek_viewer_left,fixed,0.01060103066265583,0.9390447735786438,,0.00819755531847477
BSP-r2-s2,BSP,2,2,S,SB,previous,skin,cheek_viewer_right,fixed,0.00978446938097477,0.9461677670478821,,0.006514278240501881
BSP-r2-s2,BSP,2,2,S,SB,previous,face,whole_roi,1,0.012957220897078514,0.9442862868309021,0.01533471792936325,
BSP-r2-s2,BSP,2,2,S,SB,previous,skin,weighted_three_regions,1,0.009904459996477646,0.9259941034264617,,0.007958794532015043
BSP-r2-s2,BSP,2,2,S,SB,previous,skin,forehead,1,0.009678306989371777,0.9152871966362,,0.008359510451555252
BSP-r2-s2,BSP,2,2,S,SB,previous,skin,cheek_viewer_left,1,0.01060103066265583,0.9390447735786438,,0.00819755531847477
BSP-r2-s2,BSP,2,2,S,SB,previous,skin,cheek_viewer_right,1,0.00978446938097477,0.9461677670478821,,0.006514278240501881
BSP-r2-s2,BSP,2,2,S,SB,previous,face,whole_roi,3,0.015873558819293976,0.9174404144287109,0.018157823011279106,
BSP-r2-s2,BSP,2,2,S,SB,previous,skin,weighted_three_regions,3,0.012643021481002078,0.8755523284525849,,0.010995886283104911
BSP-r2-s2,BSP,2,2,S,SB,previous,skin,forehead,3,0.013625063933432102,0.8475103974342346,,0.01242032740265131
BSP-r2-s2,BSP,2,2,S,SB,previous,skin,cheek_viewer_left,3,0.011700729839503765,0.9268097877502441,,0.008888456970453262
BSP-r2-s2,BSP,2,2,S,SB,previous,skin,cheek_viewer_right,3,0.010821272619068623,0.9086838364601135,,0.009186687879264355
BSP-r2-s2,BSP,2,2,S,SB,previous,face,whole_roi,6,0.015873558819293976,0.9174404144287109,0.018157823011279106,
BSP-r2-s2,BSP,2,2,S,SB,previous,skin,weighted_three_regions,6,0.012643021481002078,0.8755523284525849,,0.010995886283104911
BSP-r2-s2,BSP,2,2,S,SB,previous,skin,forehead,6,0.013625063933432102,0.8475103974342346,,0.01242032740265131
BSP-r2-s2,BSP,2,2,S,SB,previous,skin,cheek_viewer_left,6,0.011700729839503765,0.9268097877502441,,0.008888456970453262
BSP-r2-s2,BSP,2,2,S,SB,previous,skin,cheek_viewer_right,6,0.010821272619068623,0.9086838364601135,,0.009186687879264355
PSB-r2-s3,PSB,2,3,B,SBP,original,face,whole_roi,fixed,0.11755257844924927,0.7539699673652649,0.11404092609882355,
PSB-r2-s3,PSB,2,3,B,SBP,original,skin,weighted_three_regions,fixed,0.05462014389826971,0.7883784697980297,,0.014066749410155942
PSB-r2-s3,PSB,2,3,B,SBP,original,skin,forehead,fixed,0.057757291942834854,0.7606778740882874,,0.014927277341485023
PSB-r2-s3,PSB,2,3,B,SBP,original,skin,cheek_viewer_left,fixed,0.06142839789390564,0.828563392162323,,0.013981975615024567
PSB-r2-s3,PSB,2,3,B,SBP,original,skin,cheek_viewer_right,fixed,0.03775482252240181,0.833162784576416,,0.011636880226433277
PSB-r2-s3,PSB,2,3,B,SBP,original,face,whole_roi,1,0.11119761317968369,0.8132321834564209,0.10530130565166473,
PSB-r2-s3,PSB,2,3,B,SBP,original,skin,weighted_three_regions,1,0.054012494047774987,0.7965360031210272,,0.013463437980150475
PSB-r2-s3,PSB,2,3,B,SBP,original,skin,forehead,1,0.053853292018175125,0.7792878150939941,,0.01410210132598877
PSB-r2-s3,PSB,2,3,B,SBP,original,skin,cheek_viewer_left,1,0.06496351212263107,0.8365986943244934,,0.012856775894761086
PSB-r2-s3,PSB,2,3,B,SBP,original,skin,cheek_viewer_right,1,0.042159780859947205,0.8070666790008545,,0.012271760031580925
PSB-r2-s3,PSB,2,3,B,SBP,original,face,whole_roi,3,0.11119761317968369,0.8132321834564209,0.10530130565166473,
PSB-r2-s3,PSB,2,3,B,SBP,original,skin,weighted_three_regions,3,0.054012494047774987,0.7965360031210272,,0.013463437980150475
PSB-r2-s3,PSB,2,3,B,SBP,original,skin,forehead,3,0.053853292018175125,0.7792878150939941,,0.01410210132598877
PSB-r2-s3,PSB,2,3,B,SBP,original,skin,cheek_viewer_left,3,0.06496351212263107,0.8365986943244934,,0.012856775894761086
PSB-r2-s3,PSB,2,3,B,SBP,original,skin,cheek_viewer_right,3,0.042159780859947205,0.8070666790008545,,0.012271760031580925
PSB-r2-s3,PSB,2,3,B,SBP,original,face,whole_roi,6,0.1130651980638504,0.7974864840507507,0.1070106029510498,
PSB-r2-s3,PSB,2,3,B,SBP,original,skin,weighted_three_regions,6,0.05416224427521229,0.7914608317417103,,0.013881515690728145
PSB-r2-s3,PSB,2,3,B,SBP,original,skin,forehead,6,0.05553997680544853,0.7695012092590332,,0.014467873610556126
PSB-r2-s3,PSB,2,3,B,SBP,original,skin,cheek_viewer_left,6,0.0632309690117836,0.828279972076416,,0.013817548751831055
PSB-r2-s3,PSB,2,3,B,SBP,original,skin,cheek_viewer_right,6,0.03991694003343582,0.8212375044822693,,0.012232797220349312
PSB-r2-s3,PSB,2,3,B,SBP,previous,face,whole_roi,fixed,0.11381244659423828,0.8926687836647034,0.0777093917131424,
PSB-r2-s3,PSB,2,3,B,SBP,previous,skin,weighted_three_regions,fixed,0.0473296790307059,0.9239569363451827,,0.007475258336566827
PSB-r2-s3,PSB,2,3,B,SBP,previous,skin,forehead,fixed,0.04864773154258728,0.9079887270927429,,0.008354141376912594
PSB-r2-s3,PSB,2,3,B,SBP,previous,skin,cheek_viewer_left,fixed,0.05046426132321358,0.9461517930030823,,0.007105594500899315
PSB-r2-s3,PSB,2,3,B,SBP,previous,skin,cheek_viewer_right,fixed,0.03993541747331619,0.950892448425293,,0.00531202694401145
PSB-r2-s3,PSB,2,3,B,SBP,previous,face,whole_roi,1,0.11119123548269272,0.9074514508247375,0.07431162893772125,
PSB-r2-s3,PSB,2,3,B,SBP,previous,skin,weighted_three_regions,1,0.0470824662858949,0.9048304263052049,,0.008628227932049948
PSB-r2-s3,PSB,2,3,B,SBP,previous,skin,forehead,1,0.04665181413292885,0.8822757601737976,,0.009625478647649288
PSB-r2-s3,PSB,2,3,B,SBP,previous,skin,cheek_viewer_left,1,0.052626483142375946,0.9442941546440125,,0.00715481024235487
PSB-r2-s3,PSB,2,3,B,SBP,previous,skin,cheek_viewer_right,1,0.042109206318855286,0.9335137009620667,,0.007359366863965988
PSB-r2-s3,PSB,2,3,B,SBP,previous,face,whole_roi,3,0.11381244659423828,0.8926687836647034,0.0777093917131424,
PSB-r2-s3,PSB,2,3,B,SBP,previous,skin,weighted_three_regions,3,0.0473296790307059,0.9239569363451827,,0.007475258336566827
PSB-r2-s3,PSB,2,3,B,SBP,previous,skin,forehead,3,0.04864773154258728,0.9079887270927429,,0.008354141376912594
PSB-r2-s3,PSB,2,3,B,SBP,previous,skin,cheek_viewer_left,3,0.05046426132321358,0.9461517930030823,,0.007105594500899315
PSB-r2-s3,PSB,2,3,B,SBP,previous,skin,cheek_viewer_right,3,0.03993541747331619,0.950892448425293,,0.00531202694401145
PSB-r2-s3,PSB,2,3,B,SBP,previous,face,whole_roi,6,0.11381244659423828,0.8926687836647034,0.0777093917131424,
PSB-r2-s3,PSB,2,3,B,SBP,previous,skin,weighted_three_regions,6,0.0473296790307059,0.9239569363451827,,0.007475258336566827
PSB-r2-s3,PSB,2,3,B,SBP,previous,skin,forehead,6,0.04864773154258728,0.9079887270927429,,0.008354141376912594
PSB-r2-s3,PSB,2,3,B,SBP,previous,skin,cheek_viewer_left,6,0.05046426132321358,0.9461517930030823,,0.007105594500899315
PSB-r2-s3,PSB,2,3,B,SBP,previous,skin,cheek_viewer_right,6,0.03993541747331619,0.950892448425293,,0.00531202694401145
BPS-r2-s3,BPS,2,3,S,SBP,original,face,whole_roi,fixed,0.11377525329589844,0.765392005443573,0.12425235658884048,
BPS-r2-s3,BPS,2,3,S,SBP,original,skin,weighted_three_regions,fixed,0.05449192614239805,0.8013305937289443,,0.013364466677474625
BPS-r2-s3,BPS,2,3,S,SBP,original,skin,forehead,fixed,0.05677624046802521,0.7769615054130554,,0.01460280641913414
BPS-r2-s3,BPS,2,3,S,SBP,original,skin,cheek_viewer_left,fixed,0.06910381466150284,0.8324823379516602,,0.01258732657879591
BPS-r2-s3,BPS,2,3,S,SBP,original,skin,cheek_viewer_right,fixed,0.03135017678141594,0.8455751538276672,,0.01060481183230877
BPS-r2-s3,BPS,2,3,S,SBP,original,face,whole_roi,1,0.10934936255216599,0.8050394058227539,0.11879616975784302,
BPS-r2-s3,BPS,2,3,S,SBP,original,skin,weighted_three_regions,1,0.05250768572530326,0.7857570516258431,,0.014252120939028614
BPS-r2-s3,BPS,2,3,S,SBP,original,skin,forehead,1,0.05350759997963905,0.7690996527671814,,0.014671909622848034
BPS-r2-s3,BPS,2,3,S,SBP,original,skin,cheek_viewer_left,1,0.0630321204662323,0.811629593372345,,0.01494629681110382
BPS-r2-s3,BPS,2,3,S,SBP,original,skin,cheek_viewer_right,1,0.037733424454927444,0.8107169270515442,,0.012239293195307255
BPS-r2-s3,BPS,2,3,S,SBP,original,face,whole_roi,3,0.10934936255216599,0.8050394058227539,0.11879616975784302,
BPS-r2-s3,BPS,2,3,S,SBP,original,skin,weighted_three_regions,3,0.05250768572530326,0.7857570516258431,,0.014252120939028614
BPS-r2-s3,BPS,2,3,S,SBP,original,skin,forehead,3,0.05350759997963905,0.7690996527671814,,0.014671909622848034
BPS-r2-s3,BPS,2,3,S,SBP,original,skin,cheek_viewer_left,3,0.0630321204662323,0.811629593372345,,0.01494629681110382
BPS-r2-s3,BPS,2,3,S,SBP,original,skin,cheek_viewer_right,3,0.037733424454927444,0.8107169270515442,,0.012239293195307255
BPS-r2-s3,BPS,2,3,S,SBP,original,face,whole_roi,6,0.10998887568712234,0.8033246994018555,0.11838685721158981,
BPS-r2-s3,BPS,2,3,S,SBP,original,skin,weighted_three_regions,6,0.0540603613502839,0.8053377170577716,,0.013007333772804807
BPS-r2-s3,BPS,2,3,S,SBP,original,skin,forehead,6,0.054527103900909424,0.7889099717140198,,0.013636477291584015
BPS-r2-s3,BPS,2,3,S,SBP,original,skin,cheek_viewer_left,6,0.07122454047203064,0.8345896601676941,,0.012506245635449886
BPS-r2-s3,BPS,2,3,S,SBP,original,skin,cheek_viewer_right,6,0.03338099271059036,0.8256425857543945,,0.011724821291863918
BPS-r2-s3,BPS,2,3,S,SBP,previous,face,whole_roi,fixed,0.018143540248274803,0.9305012822151184,0.01743212342262268,
BPS-r2-s3,BPS,2,3,S,SBP,previous,skin,weighted_three_regions,fixed,0.011782775628654396,0.9298007652935465,,0.007440481273019138
BPS-r2-s3,BPS,2,3,S,SBP,previous,skin,forehead,fixed,0.011954950168728828,0.9148073196411133,,0.008521564304828644
BPS-r2-s3,BPS,2,3,S,SBP,previous,skin,cheek_viewer_left,fixed,0.01017308235168457,0.9589412808418274,,0.005767846014350653
BPS-r2-s3,BPS,2,3,S,SBP,previous,skin,cheek_viewer_right,fixed,0.013088430278003216,0.9455145001411438,,0.006149732042104006
BPS-r2-s3,BPS,2,3,S,SBP,previous,face,whole_roi,1,0.016127975657582283,0.9408223032951355,0.013379275798797607,
BPS-r2-s3,BPS,2,3,S,SBP,previous,skin,weighted_three_regions,1,0.012050172900233198,0.9194039870843034,,0.00819052739561919
BPS-r2-s3,BPS,2,3,S,SBP,previous,skin,forehead,1,0.01219822559505701,0.9038203358650208,,0.008997992612421513
BPS-r2-s3,BPS,2,3,S,SBP,previous,skin,cheek_viewer_left,1,0.011380849406123161,0.9519537091255188,,0.006973322946578264
BPS-r2-s3,BPS,2,3,S,SBP,previous,skin,cheek_viewer_right,1,0.012368697673082352,0.9331261515617371,,0.007190356496721506
BPS-r2-s3,BPS,2,3,S,SBP,previous,face,whole_roi,3,0.016127975657582283,0.9408223032951355,0.013379275798797607,
BPS-r2-s3,BPS,2,3,S,SBP,previous,skin,weighted_three_regions,3,0.012050172900233198,0.9194039870843034,,0.00819052739561919
BPS-r2-s3,BPS,2,3,S,SBP,previous,skin,forehead,3,0.01219822559505701,0.9038203358650208,,0.008997992612421513
BPS-r2-s3,BPS,2,3,S,SBP,previous,skin,cheek_viewer_left,3,0.011380849406123161,0.9519537091255188,,0.006973322946578264
BPS-r2-s3,BPS,2,3,S,SBP,previous,skin,cheek_viewer_right,3,0.012368697673082352,0.9331261515617371,,0.007190356496721506
BPS-r2-s3,BPS,2,3,S,SBP,previous,face,whole_roi,6,0.016127975657582283,0.9408223032951355,0.013379275798797607,
BPS-r2-s3,BPS,2,3,S,SBP,previous,skin,weighted_three_regions,6,0.012050172900233198,0.9194039870843034,,0.00819052739561919
BPS-r2-s3,BPS,2,3,S,SBP,previous,skin,forehead,6,0.01219822559505701,0.9038203358650208,,0.008997992612421513
BPS-r2-s3,BPS,2,3,S,SBP,previous,skin,cheek_viewer_left,6,0.011380849406123161,0.9519537091255188,,0.006973322946578264
BPS-r2-s3,BPS,2,3,S,SBP,previous,skin,cheek_viewer_right,6,0.012368697673082352,0.9331261515617371,,0.007190356496721506
SPB-r2-s3,SPB,2,3,B,SBP,original,face,whole_roi,fixed,0.11438480764627457,0.7712766528129578,0.10606297105550766,
SPB-r2-s3,SPB,2,3,B,SBP,original,skin,weighted_three_regions,fixed,0.05204440288683947,0.7936500180834316,,0.013734571711324594
SPB-r2-s3,SPB,2,3,B,SBP,original,skin,forehead,fixed,0.06089666485786438,0.7703406810760498,,0.014428392052650452
SPB-r2-s3,SPB,2,3,B,SBP,original,skin,cheek_viewer_left,fixed,0.04830203950405121,0.8255839347839355,,0.013770625926554203
SPB-r2-s3,SPB,2,3,B,SBP,original,skin,cheek_viewer_right,fixed,0.03027738817036152,0.833504855632782,,0.011657978408038616
SPB-r2-s3,SPB,2,3,B,SBP,original,face,whole_roi,1,0.10916058719158173,0.8173878192901611,0.10174866765737534,
SPB-r2-s3,SPB,2,3,B,SBP,original,skin,weighted_three_regions,1,0.051317374491516285,0.8042833634785244,,0.013104384342098938
SPB-r2-s3,SPB,2,3,B,SBP,original,skin,forehead,1,0.05701255053281784,0.7847135066986084,,0.013725906610488892
SPB-r2-s3,SPB,2,3,B,SBP,original,skin,cheek_viewer_left,1,0.05178268626332283,0.8421701788902283,,0.012529665604233742
SPB-r2-s3,SPB,2,3,B,SBP,original,skin,cheek_viewer_right,1,0.034081269055604935,0.8249643445014954,,0.011927071027457714
SPB-r2-s3,SPB,2,3,B,SBP,original,face,whole_roi,3,0.11002153158187866,0.8118056654930115,0.10006610304117203,
SPB-r2-s3,SPB,2,3,B,SBP,original,skin,weighted_three_regions,3,0.05140811161521603,0.7976468938111885,,0.013506500242168413
SPB-r2-s3,SPB,2,3,B,SBP,original,skin,forehead,3,0.05853617191314697,0.7760561108589172,,0.013982386328279972
SPB-r2-s3,SPB,2,3,B,SBP,original,skin,cheek_viewer_left,3,0.05004322901368141,0.8306751251220703,,0.01348516158759594
SPB-r2-s3,SPB,2,3,B,SBP,original,skin,cheek_viewer_right,3,0.03202614188194275,0.8305839896202087,,0.012134007178246975
SPB-r2-s3,SPB,2,3,B,SBP,original,face,whole_roi,6,0.11002153158187866,0.8118056654930115,0.10006610304117203,
SPB-r2-s3,SPB,2,3,B,SBP,original,skin,weighted_three_regions,6,0.05140811161521603,0.7976468938111885,,0.013506500242168413
SPB-r2-s3,SPB,2,3,B,SBP,original,skin,forehead,6,0.05853617191314697,0.7760561108589172,,0.013982386328279972
SPB-r2-s3,SPB,2,3,B,SBP,original,skin,cheek_viewer_left,6,0.05004322901368141,0.8306751251220703,,0.01348516158759594
SPB-r2-s3,SPB,2,3,B,SBP,original,skin,cheek_viewer_right,6,0.03202614188194275,0.8305839896202087,,0.012134007178246975
SPB-r2-s3,SPB,2,3,B,SBP,previous,face,whole_roi,fixed,0.11156013607978821,0.8856461644172668,0.07086072862148285,
SPB-r2-s3,SPB,2,3,B,SBP,previous,skin,weighted_three_regions,fixed,0.05072375983438071,0.9169453254299972,,0.007785274058799533
SPB-r2-s3,SPB,2,3,B,SBP,previous,skin,forehead,fixed,0.05738078057765961,0.8971431851387024,,0.00901688914746046
SPB-r2-s3,SPB,2,3,B,SBP,previous,skin,cheek_viewer_left,fixed,0.04402254894375801,0.9524462819099426,,0.006110234186053276
SPB-r2-s3,SPB,2,3,B,SBP,previous,skin,cheek_viewer_right,fixed,0.03872743621468544,0.9411435723304749,,0.006055490113794804
SPB-r2-s3,SPB,2,3,B,SBP,previous,face,whole_roi,1,0.1083521842956543,0.9123101234436035,0.06766587495803833,
SPB-r2-s3,SPB,2,3,B,SBP,previous,skin,weighted_three_regions,1,0.05031353264170534,0.9306234416070875,,0.007331540959832423
SPB-r2-s3,SPB,2,3,B,SBP,previous,skin,forehead,1,0.054908256977796555,0.9204127788543701,,0.007764008361846209
SPB-r2-s3,SPB,2,3,B,SBP,previous,skin,cheek_viewer_left,1,0.046566035598516464,0.9469849467277527,,0.006850723177194595
SPB-r2-s3,SPB,2,3,B,SBP,previous,skin,cheek_viewer_right,1,0.0410461388528347,0.9453439712524414,,0.00660337507724762
SPB-r2-s3,SPB,2,3,B,SBP,previous,face,whole_roi,3,0.1083521842956543,0.9123101234436035,0.06766587495803833,
SPB-r2-s3,SPB,2,3,B,SBP,previous,skin,weighted_three_regions,3,0.05031353264170534,0.9306234416070875,,0.007331540959832423
SPB-r2-s3,SPB,2,3,B,SBP,previous,skin,forehead,3,0.054908256977796555,0.9204127788543701,,0.007764008361846209
SPB-r2-s3,SPB,2,3,B,SBP,previous,skin,cheek_viewer_left,3,0.046566035598516464,0.9469849467277527,,0.006850723177194595
SPB-r2-s3,SPB,2,3,B,SBP,previous,skin,cheek_viewer_right,3,0.0410461388528347,0.9453439712524414,,0.00660337507724762
SPB-r2-s3,SPB,2,3,B,SBP,previous,face,whole_roi,6,0.11156013607978821,0.8856461644172668,0.07086072862148285,
SPB-r2-s3,SPB,2,3,B,SBP,previous,skin,weighted_three_regions,6,0.05072375983438071,0.9169453254299972,,0.007785274058799533
SPB-r2-s3,SPB,2,3,B,SBP,previous,skin,forehead,6,0.05738078057765961,0.8971431851387024,,0.00901688914746046
SPB-r2-s3,SPB,2,3,B,SBP,previous,skin,cheek_viewer_left,6,0.04402254894375801,0.9524462819099426,,0.006110234186053276
SPB-r2-s3,SPB,2,3,B,SBP,previous,skin,cheek_viewer_right,6,0.03872743621468544,0.9411435723304749,,0.006055490113794804
SBP-r2-s3,SBP,2,3,P,SBP,original,face,whole_roi,fixed,0.12275416404008865,0.7545308470726013,0.1151607558131218,
SBP-r2-s3,SBP,2,3,P,SBP,original,skin,weighted_three_regions,fixed,0.06266205035588321,0.7840262396930713,,0.014021713398396968
SBP-r2-s3,SBP,2,3,P,SBP,original,skin,forehead,fixed,0.06603295356035233,0.7633202075958252,,0.014975590631365776
SBP-r2-s3,SBP,2,3,P,SBP,original,skin,cheek_viewer_left,fixed,0.07040581852197647,0.8015701174736023,,0.013586528599262238
SBP-r2-s3,SBP,2,3,P,SBP,original,skin,cheek_viewer_right,fixed,0.044058315455913544,0.8319185376167297,,0.011712120845913887
SBP-r2-s3,SBP,2,3,P,SBP,original,face,whole_roi,1,0.11833861470222473,0.7964126467704773,0.10766667127609253,
SBP-r2-s3,SBP,2,3,P,SBP,original,skin,weighted_three_regions,1,0.060733178433249976,0.7679022617018204,,0.01490594147649758
SBP-r2-s3,SBP,2,3,P,SBP,original,skin,forehead,1,0.06267251074314117,0.7552022933959961,,0.015120315365493298
SBP-r2-s3,SBP,2,3,P,SBP,original,skin,cheek_viewer_left,1,0.06371338665485382,0.7799503207206726,,0.016125909984111786
SBP-r2-s3,SBP,2,3,P,SBP,original,skin,cheek_viewer_right,1,0.051689427345991135,0.7957911491394043,,0.012904391624033451
SBP-r2-s3,SBP,2,3,P,SBP,original,face,whole_roi,3,0.11833861470222473,0.7964126467704773,0.10766667127609253,
SBP-r2-s3,SBP,2,3,P,SBP,original,skin,weighted_three_regions,3,0.060733178433249976,0.7679022617018204,,0.01490594147649758
SBP-r2-s3,SBP,2,3,P,SBP,original,skin,forehead,3,0.06267251074314117,0.7552022933959961,,0.015120315365493298
SBP-r2-s3,SBP,2,3,P,SBP,original,skin,cheek_viewer_left,3,0.06371338665485382,0.7799503207206726,,0.016125909984111786
SBP-r2-s3,SBP,2,3,P,SBP,original,skin,cheek_viewer_right,3,0.051689427345991135,0.7957911491394043,,0.012904391624033451
SBP-r2-s3,SBP,2,3,P,SBP,original,face,whole_roi,6,0.11935397982597351,0.7881528735160828,0.10859546065330505,
SBP-r2-s3,SBP,2,3,P,SBP,original,skin,weighted_three_regions,6,0.062232603123959375,0.7847541766226572,,0.01380049630670863
SBP-r2-s3,SBP,2,3,P,SBP,original,skin,forehead,6,0.06386270374059677,0.7688410878181458,,0.014304144307971
SBP-r2-s3,SBP,2,3,P,SBP,original,skin,cheek_viewer_left,6,0.07228879630565643,0.8003551363945007,,0.013761232607066631
SBP-r2-s3,SBP,2,3,P,SBP,original,skin,cheek_viewer_right,6,0.04613581672310829,0.8191166520118713,,0.012366700917482376
SBP-r2-s3,SBP,2,3,P,SBP,previous,face,whole_roi,fixed,0.0125828692689538,0.9602176547050476,0.010937832295894623,
SBP-r2-s3,SBP,2,3,P,SBP,previous,skin,weighted_three_regions,fixed,0.009200884031460566,0.9465472462413075,,0.006335627071230727
SBP-r2-s3,SBP,2,3,P,SBP,previous,skin,forehead,fixed,0.009405532851815224,0.9387774467468262,,0.006745153572410345
SBP-r2-s3,SBP,2,3,P,SBP,previous,skin,cheek_viewer_left,fixed,0.010219767689704895,0.9602472186088562,,0.006039648316800594
SBP-r2-s3,SBP,2,3,P,SBP,previous,skin,cheek_viewer_right,fixed,0.00745409308001399,0.9563068747520447,,0.005466837901622057
SBP-r2-s3,SBP,2,3,P,SBP,previous,face,whole_roi,1,0.0125828692689538,0.9602176547050476,0.010937832295894623,
SBP-r2-s3,SBP,2,3,P,SBP,previous,skin,weighted_three_regions,1,0.009200884031460566,0.9465472462413075,,0.006335627071230727
SBP-r2-s3,SBP,2,3,P,SBP,previous,skin,forehead,1,0.009405532851815224,0.9387774467468262,,0.006745153572410345
SBP-r2-s3,SBP,2,3,P,SBP,previous,skin,cheek_viewer_left,1,0.010219767689704895,0.9602472186088562,,0.006039648316800594
SBP-r2-s3,SBP,2,3,P,SBP,previous,skin,cheek_viewer_right,1,0.00745409308001399,0.9563068747520447,,0.005466837901622057
SBP-r2-s3,SBP,2,3,P,SBP,previous,face,whole_roi,3,0.0125828692689538,0.9602176547050476,0.010937832295894623,
SBP-r2-s3,SBP,2,3,P,SBP,previous,skin,weighted_three_regions,3,0.009200884031460566,0.9465472462413075,,0.006335627071230727
SBP-r2-s3,SBP,2,3,P,SBP,previous,skin,forehead,3,0.009405532851815224,0.9387774467468262,,0.006745153572410345
SBP-r2-s3,SBP,2,3,P,SBP,previous,skin,cheek_viewer_left,3,0.010219767689704895,0.9602472186088562,,0.006039648316800594
SBP-r2-s3,SBP,2,3,P,SBP,previous,skin,cheek_viewer_right,3,0.00745409308001399,0.9563068747520447,,0.005466837901622057
SBP-r2-s3,SBP,2,3,P,SBP,previous,face,whole_roi,6,0.0125828692689538,0.9602176547050476,0.010937832295894623,
SBP-r2-s3,SBP,2,3,P,SBP,previous,skin,weighted_three_regions,6,0.009200884031460566,0.9465472462413075,,0.006335627071230727
SBP-r2-s3,SBP,2,3,P,SBP,previous,skin,forehead,6,0.009405532851815224,0.9387774467468262,,0.006745153572410345
SBP-r2-s3,SBP,2,3,P,SBP,previous,skin,cheek_viewer_left,6,0.010219767689704895,0.9602472186088562,,0.006039648316800594
SBP-r2-s3,SBP,2,3,P,SBP,previous,skin,cheek_viewer_right,6,0.00745409308001399,0.9563068747520447,,0.005466837901622057
PBS-r2-s3,PBS,2,3,S,SBP,original,face,whole_roi,fixed,0.10678128898143768,0.7880218029022217,0.11631113290786743,
PBS-r2-s3,PBS,2,3,S,SBP,original,skin,weighted_three_regions,fixed,0.04126489505171776,0.7982360860990767,,0.013490059553262065
PBS-r2-s3,PBS,2,3,S,SBP,original,skin,forehead,fixed,0.04466782882809639,0.7736030220985413,,0.014315960928797722
PBS-r2-s3,PBS,2,3,S,SBP,original,skin,cheek_viewer_left,fixed,0.046367187052965164,0.8321858048439026,,0.013234835118055344
PBS-r2-s3,PBS,2,3,S,SBP,original,skin,cheek_viewer_right,fixed,0.02553882636129856,0.8401208519935608,,0.011353559792041779
PBS-r2-s3,PBS,2,3,S,SBP,original,face,whole_roi,1,0.10326522588729858,0.8210563659667969,0.1115812212228775,
PBS-r2-s3,PBS,2,3,S,SBP,original,skin,weighted_three_regions,1,0.04120684368207174,0.7984258098355268,,0.013518982874777387
PBS-r2-s3,PBS,2,3,S,SBP,original,skin,forehead,1,0.04323171451687813,0.7759220004081726,,0.014255826361477375
PBS-r2-s3,PBS,2,3,S,SBP,original,skin,cheek_viewer_left,1,0.048212990164756775,0.8346250057220459,,0.013089114800095558
PBS-r2-s3,PBS,2,3,S,SBP,original,skin,cheek_viewer_right,1,0.027382897213101387,0.8307085037231445,,0.01184029970318079
PBS-r2-s3,PBS,2,3,S,SBP,original,face,whole_roi,3,0.10326522588729858,0.8210563659667969,0.1115812212228775,
PBS-r2-s3,PBS,2,3,S,SBP,original,skin,weighted_three_regions,3,0.04120684368207174,0.7984258098355268,,0.013518982874777387
PBS-r2-s3,PBS,2,3,S,SBP,original,skin,forehead,3,0.04323171451687813,0.7759220004081726,,0.014255826361477375
PBS-r2-s3,PBS,2,3,S,SBP,original,skin,cheek_viewer_left,3,0.048212990164756775,0.8346250057220459,,0.013089114800095558
PBS-r2-s3,PBS,2,3,S,SBP,original,skin,cheek_viewer_right,3,0.027382897213101387,0.8307085037231445,,0.01184029970318079
PBS-r2-s3,PBS,2,3,S,SBP,original,face,whole_roi,6,0.10678128898143768,0.7880218029022217,0.11631113290786743,
PBS-r2-s3,PBS,2,3,S,SBP,original,skin,weighted_three_regions,6,0.04126489505171776,0.7982360860990767,,0.013490059553262065
PBS-r2-s3,PBS,2,3,S,SBP,original,skin,forehead,6,0.04466782882809639,0.7736030220985413,,0.014315960928797722
PBS-r2-s3,PBS,2,3,S,SBP,original,skin,cheek_viewer_left,6,0.046367187052965164,0.8321858048439026,,0.013234835118055344
PBS-r2-s3,PBS,2,3,S,SBP,original,skin,cheek_viewer_right,6,0.02553882636129856,0.8401208519935608,,0.011353559792041779
PBS-r2-s3,PBS,2,3,S,SBP,previous,face,whole_roi,fixed,0.013404854573309422,0.957521915435791,0.01092391088604927,
PBS-r2-s3,PBS,2,3,S,SBP,previous,skin,weighted_three_regions,fixed,0.008544213688548873,0.944312375325423,,0.006370639392886969
PBS-r2-s3,PBS,2,3,S,SBP,previous,skin,forehead,fixed,0.008472205139696598,0.9331693649291992,,0.007089428603649139
PBS-r2-s3,PBS,2,3,S,SBP,previous,skin,cheek_viewer_left,fixed,0.010216309688985348,0.9636356234550476,,0.00568596413359046
PBS-r2-s3,PBS,2,3,S,SBP,previous,skin,cheek_viewer_right,fixed,0.0068744164891541,0.9586834907531738,,0.005031595006585121
PBS-r2-s3,PBS,2,3,S,SBP,previous,face,whole_roi,1,0.013404854573309422,0.957521915435791,0.01092391088604927,
PBS-r2-s3,PBS,2,3,S,SBP,previous,skin,weighted_three_regions,1,0.008544213688548873,0.944312375325423,,0.006370639392886969
PBS-r2-s3,PBS,2,3,S,SBP,previous,skin,forehead,1,0.008472205139696598,0.9331693649291992,,0.007089428603649139
PBS-r2-s3,PBS,2,3,S,SBP,previous,skin,cheek_viewer_left,1,0.010216309688985348,0.9636356234550476,,0.00568596413359046
PBS-r2-s3,PBS,2,3,S,SBP,previous,skin,cheek_viewer_right,1,0.0068744164891541,0.9586834907531738,,0.005031595006585121
PBS-r2-s3,PBS,2,3,S,SBP,previous,face,whole_roi,3,0.017555246129631996,0.9186429977416992,0.01649799942970276,
PBS-r2-s3,PBS,2,3,S,SBP,previous,skin,weighted_three_regions,3,0.01180334545124103,0.8957116813450069,,0.00962244361091186
PBS-r2-s3,PBS,2,3,S,SBP,previous,skin,forehead,3,0.012397420592606068,0.8699176907539368,,0.011323491111397743
PBS-r2-s3,PBS,2,3,S,SBP,previous,skin,cheek_viewer_left,3,0.012499568983912468,0.9435021877288818,,0.007085309363901615
PBS-r2-s3,PBS,2,3,S,SBP,previous,skin,cheek_viewer_right,3,0.009276766330003738,0.9254464507102966,,0.007484955247491598
PBS-r2-s3,PBS,2,3,S,SBP,previous,face,whole_roi,6,0.017555246129631996,0.9186429977416992,0.01649799942970276,
PBS-r2-s3,PBS,2,3,S,SBP,previous,skin,weighted_three_regions,6,0.01180334545124103,0.8957116813450069,,0.00962244361091186
PBS-r2-s3,PBS,2,3,S,SBP,previous,skin,forehead,6,0.012397420592606068,0.8699176907539368,,0.011323491111397743
PBS-r2-s3,PBS,2,3,S,SBP,previous,skin,cheek_viewer_left,6,0.012499568983912468,0.9435021877288818,,0.007085309363901615
PBS-r2-s3,PBS,2,3,S,SBP,previous,skin,cheek_viewer_right,6,0.009276766330003738,0.9254464507102966,,0.007484955247491598
BSP-r2-s3,BSP,2,3,P,SBP,original,face,whole_roi,fixed,0.12076922506093979,0.7851439118385315,0.11724507808685303,
BSP-r2-s3,BSP,2,3,P,SBP,original,skin,weighted_three_regions,fixed,0.05289311961216085,0.8133470048335508,,0.012833200757775236
BSP-r2-s3,BSP,2,3,P,SBP,original,skin,forehead,fixed,0.05509021878242493,0.7924254536628723,,0.013662205077707767
BSP-r2-s3,BSP,2,3,P,SBP,original,skin,cheek_viewer_left,fixed,0.07135768234729767,0.8470532298088074,,0.012224143370985985
BSP-r2-s3,BSP,2,3,P,SBP,original,skin,cheek_viewer_right,fixed,0.025673046708106995,0.8432996273040771,,0.01108565740287304
BSP-r2-s3,BSP,2,3,P,SBP,original,face,whole_roi,1,0.1175084114074707,0.8083791732788086,0.11309816688299179,
BSP-r2-s3,BSP,2,3,P,SBP,original,skin,weighted_three_regions,1,0.05116897481329301,0.7953299079061116,,0.014086455699494656
BSP-r2-s3,BSP,2,3,P,SBP,original,skin,forehead,1,0.05283544957637787,0.7788684964179993,,0.014594907872378826
BSP-r2-s3,BSP,2,3,P,SBP,original,skin,cheek_viewer_left,1,0.06515458226203918,0.8203043341636658,,0.014661362394690514
BSP-r2-s3,BSP,2,3,P,SBP,original,skin,cheek_viewer_right,1,0.030544856563210487,0.8206811547279358,,0.011947620660066605
BSP-r2-s3,BSP,2,3,P,SBP,original,face,whole_roi,3,0.11896674335002899,0.7984701991081238,0.1164742112159729,
BSP-r2-s3,BSP,2,3,P,SBP,original,skin,weighted_three_regions,3,0.05076374102164717,0.8010588855346668,,0.013670940799090793
BSP-r2-s3,BSP,2,3,P,SBP,original,skin,forehead,3,0.053458213806152344,0.7842560410499573,,0.013881271705031395
BSP-r2-s3,BSP,2,3,P,SBP,original,skin,cheek_viewer_left,3,0.06333038955926895,0.8183661103248596,,0.015095989219844341
BSP-r2-s3,BSP,2,3,P,SBP,original,skin,cheek_viewer_right,3,0.02871926687657833,0.8363804221153259,,0.011450540274381638
BSP-r2-s3,BSP,2,3,P,SBP,original,face,whole_roi,6,0.11896674335002899,0.7984701991081238,0.1164742112159729,
BSP-r2-s3,BSP,2,3,P,SBP,original,skin,weighted_three_regions,6,0.05076374102164717,0.8010588855346668,,0.013670940799090793
BSP-r2-s3,BSP,2,3,P,SBP,original,skin,forehead,6,0.053458213806152344,0.7842560410499573,,0.013881271705031395
BSP-r2-s3,BSP,2,3,P,SBP,original,skin,cheek_viewer_left,6,0.06333038955926895,0.8183661103248596,,0.015095989219844341
BSP-r2-s3,BSP,2,3,P,SBP,original,skin,cheek_viewer_right,6,0.02871926687657833,0.8363804221153259,,0.011450540274381638
BSP-r2-s3,BSP,2,3,P,SBP,previous,face,whole_roi,fixed,0.013590448535978794,0.9466798901557922,0.014898497611284256,
BSP-r2-s3,BSP,2,3,P,SBP,previous,skin,weighted_three_regions,fixed,0.009998269533628926,0.9455372382370606,,0.006454600998583962
BSP-r2-s3,BSP,2,3,P,SBP,previous,skin,forehead,fixed,0.009091992862522602,0.9348863959312439,,0.007112856954336166
BSP-r2-s3,BSP,2,3,P,SBP,previous,skin,cheek_viewer_left,fixed,0.008156102150678635,0.9717766642570496,,0.0050806812942028046
BSP-r2-s3,BSP,2,3,P,SBP,previous,skin,cheek_viewer_right,fixed,0.014730198308825493,0.950308620929718,,0.006068592891097069
BSP-r2-s3,BSP,2,3,P,SBP,previous,face,whole_roi,1,0.013590448535978794,0.9466798901557922,0.014898497611284256,
BSP-r2-s3,BSP,2,3,P,SBP,previous,skin,weighted_three_regions,1,0.009998269533628926,0.9455372382370606,,0.006454600998583962
BSP-r2-s3,BSP,2,3,P,SBP,previous,skin,forehead,1,0.009091992862522602,0.9348863959312439,,0.007112856954336166
BSP-r2-s3,BSP,2,3,P,SBP,previous,skin,cheek_viewer_left,1,0.008156102150678635,0.9717766642570496,,0.0050806812942028046
BSP-r2-s3,BSP,2,3,P,SBP,previous,skin,cheek_viewer_right,1,0.014730198308825493,0.950308620929718,,0.006068592891097069
BSP-r2-s3,BSP,2,3,P,SBP,previous,face,whole_roi,3,0.013590448535978794,0.9466798901557922,0.014898497611284256,
BSP-r2-s3,BSP,2,3,P,SBP,previous,skin,weighted_three_regions,3,0.009998269533628926,0.9455372382370606,,0.006454600998583962
BSP-r2-s3,BSP,2,3,P,SBP,previous,skin,forehead,3,0.009091992862522602,0.9348863959312439,,0.007112856954336166
BSP-r2-s3,BSP,2,3,P,SBP,previous,skin,cheek_viewer_left,3,0.008156102150678635,0.9717766642570496,,0.0050806812942028046
BSP-r2-s3,BSP,2,3,P,SBP,previous,skin,cheek_viewer_right,3,0.014730198308825493,0.950308620929718,,0.006068592891097069
BSP-r2-s3,BSP,2,3,P,SBP,previous,face,whole_roi,6,0.013590448535978794,0.9466798901557922,0.014898497611284256,
BSP-r2-s3,BSP,2,3,P,SBP,previous,skin,weighted_three_regions,6,0.009998269533628926,0.9455372382370606,,0.006454600998583962
BSP-r2-s3,BSP,2,3,P,SBP,previous,skin,forehead,6,0.009091992862522602,0.9348863959312439,,0.007112856954336166
BSP-r2-s3,BSP,2,3,P,SBP,previous,skin,cheek_viewer_left,6,0.008156102150678635,0.9717766642570496,,0.0050806812942028046
BSP-r2-s3,BSP,2,3,P,SBP,previous,skin,cheek_viewer_right,6,0.014730198308825493,0.950308620929718,,0.006068592891097069
